# This file uses centimeters as units for non-parametric coordinates.

mtllib FantasmaObj.mtl
g default
v 0.762672 3.601872 -0.640371
v 0.780529 3.653042 -0.634299
v 0.771796 3.660536 -0.635978
v 0.764635 3.660728 -0.631646
v 0.761781 3.653544 -0.622957
v 0.764325 3.641728 -0.613230
v 0.771294 3.629794 -0.606182
v 0.780026 3.622299 -0.604502
v 0.787187 3.622107 -0.608835
v 0.790041 3.629291 -0.617523
v 0.787497 3.641107 -0.627250
v 0.793543 3.674895 -0.618499
v 0.783015 3.684305 -0.620299
v 0.774250 3.684540 -0.614996
v 0.770596 3.675510 -0.604616
v 0.773448 3.660663 -0.593125
v 0.781718 3.645670 -0.584910
v 0.792246 3.636260 -0.583111
v 0.801011 3.636024 -0.588414
v 0.804665 3.645055 -0.598793
v 0.801813 3.659902 -0.610285
v 0.920870 3.730414 -0.389962
v 0.912139 3.743811 -0.385978
v 0.901347 3.743811 -0.381053
v 0.892617 3.730414 -0.377068
v 0.889282 3.708739 -0.375546
v 0.892617 3.687063 -0.377068
v 0.901347 3.673666 -0.381053
v 0.912139 3.673666 -0.385978
v 0.920870 3.687063 -0.389962
v 0.924204 3.708739 -0.391484
v 0.933696 3.730414 -0.361860
v 0.924965 3.743811 -0.357875
v 0.914173 3.743811 -0.352950
v 0.905443 3.730414 -0.348965
v 0.902108 3.708739 -0.347443
v 0.905443 3.687063 -0.348965
v 0.914173 3.673666 -0.352950
v 0.924965 3.673666 -0.357875
v 0.933696 3.687063 -0.361860
v 0.937030 3.708739 -0.363382
v 0.940933 3.708739 -0.308604
v 0.946425 3.730414 -0.333968
v 0.949092 3.729436 -0.326438
v 0.950077 3.726650 -0.319473
v 0.949232 3.722481 -0.314132
v 0.946684 3.717563 -0.311229
v 0.937695 3.743811 -0.329984
v 0.940755 3.742228 -0.322633
v 0.942863 3.737721 -0.316180
v 0.943696 3.730975 -0.311605
v 0.943129 3.723017 -0.309607
v 0.926903 3.743811 -0.325058
v 0.930451 3.742228 -0.317930
v 0.933945 3.737721 -0.312110
v 0.936855 3.730975 -0.308483
v 0.938736 3.723017 -0.307602
v 0.918173 3.730414 -0.321074
v 0.922114 3.729436 -0.314126
v 0.926731 3.726650 -0.308817
v 0.931319 3.722481 -0.305957
v 0.935182 3.717563 -0.305979
v 0.914838 3.708739 -0.319552
v 0.918930 3.708739 -0.312672
v 0.923975 3.708739 -0.307559
v 0.929205 3.708739 -0.304992
v 0.933824 3.708739 -0.305360
v 0.918173 3.687063 -0.321074
v 0.922114 3.688041 -0.314126
v 0.926731 3.690827 -0.308817
v 0.931319 3.694997 -0.305957
v 0.935182 3.699914 -0.305979
v 0.926903 3.673666 -0.325058
v 0.930451 3.675249 -0.317930
v 0.933945 3.679757 -0.312110
v 0.936855 3.686503 -0.308483
v 0.938736 3.694461 -0.307602
v 0.937695 3.673666 -0.329984
v 0.940755 3.675249 -0.322633
v 0.942863 3.679757 -0.316180
v 0.943696 3.686503 -0.311605
v 0.943129 3.694461 -0.309607
v 0.946425 3.687063 -0.333968
v 0.949092 3.688041 -0.326438
v 0.950077 3.690827 -0.319473
v 0.949232 3.694997 -0.314132
v 0.946684 3.699914 -0.311229
v 0.949760 3.708739 -0.335490
v 0.952276 3.708739 -0.327892
v 0.952833 3.708739 -0.320730
v 0.951346 3.708739 -0.315097
v 0.948041 3.708739 -0.311849
v 0.811847 3.700003 -0.593443
v 0.820033 3.681180 -0.586161
v 0.821949 3.662525 -0.575085
v 0.816861 3.651164 -0.564446
v 0.806714 3.651436 -0.558307
v 0.795384 3.663237 -0.559014
v 0.787197 3.682060 -0.566296
v 0.785282 3.700715 -0.577372
v 0.790370 3.712076 -0.588011
v 0.800517 3.711804 -0.594150
v 0.846242 3.725032 -0.533551
v 0.852429 3.704791 -0.529577
v 0.852346 3.684706 -0.521807
v 0.846025 3.672450 -0.513209
v 0.835880 3.672703 -0.507066
v 0.825786 3.685370 -0.505725
v 0.819599 3.705612 -0.509699
v 0.819682 3.725696 -0.517469
v 0.826003 3.737952 -0.526068
v 0.836148 3.737699 -0.532211
v 0.828972 3.712464 -0.563624
v 0.836162 3.692935 -0.557989
v 0.837083 3.673568 -0.548559
v 0.831381 3.661762 -0.538936
v 0.821235 3.662024 -0.532795
v 0.810521 3.674257 -0.532483
v 0.803330 3.693786 -0.538117
v 0.802409 3.713153 -0.547547
v 0.808111 3.724959 -0.557171
v 0.818257 3.724696 -0.563311
v 0.867348 3.731706 -0.494825
v 0.872508 3.710803 -0.492199
v 0.871261 3.690052 -0.486012
v 0.864083 3.677378 -0.478629
v 0.853716 3.677623 -0.472869
v 0.844120 3.690693 -0.470932
v 0.838960 3.711596 -0.473558
v 0.840207 3.732347 -0.479744
v 0.847385 3.745021 -0.487127
v 0.857752 3.744776 -0.492888
v 0.780094 3.601872 0.638463
v 0.775150 3.653042 0.620262
v 0.778638 3.660536 0.628442
v 0.786232 3.660728 0.631959
v 0.795032 3.653544 0.629469
v 0.801677 3.641728 0.621924
v 0.803627 3.629794 0.612206
v 0.800139 3.622299 0.604026
v 0.792545 3.622107 0.600509
v 0.783745 3.629291 0.602998
v 0.777101 3.641107 0.610543
v 0.780978 3.674895 0.600639
v 0.785370 3.684305 0.610375
v 0.794666 3.684540 0.614680
v 0.805315 3.675510 0.611910
v 0.813251 3.660663 0.603122
v 0.815441 3.645670 0.591674
v 0.811049 3.636260 0.581938
v 0.801753 3.636024 0.577633
v 0.791103 3.645055 0.580403
v 0.783168 3.659902 0.589191
v 0.899333 3.730414 0.367330
v 0.907517 3.743811 0.372343
v 0.917632 3.743811 0.378540
v 0.925816 3.730414 0.383552
v 0.928941 3.708739 0.385467
v 0.925816 3.687063 0.383552
v 0.917632 3.673666 0.378540
v 0.907517 3.673666 0.372343
v 0.899333 3.687063 0.367330
v 0.896207 3.708739 0.365416
v 0.915469 3.730414 0.340989
v 0.923652 3.743811 0.346002
v 0.933768 3.743811 0.352198
v 0.941951 3.730414 0.357211
v 0.945077 3.708739 0.359126
v 0.941951 3.687063 0.357211
v 0.933768 3.673666 0.352198
v 0.923652 3.673666 0.346002
v 0.915469 3.687063 0.340989
v 0.912343 3.708739 0.339074
v 0.955587 3.708739 0.305224
v 0.931484 3.730414 0.314844
v 0.936238 3.729436 0.308425
v 0.941463 3.726650 0.303715
v 0.946365 3.722481 0.301431
v 0.950196 3.717563 0.301922
v 0.939667 3.743811 0.319857
v 0.944052 3.742228 0.313212
v 0.948226 3.737721 0.307857
v 0.951553 3.730975 0.304609
v 0.953528 3.723017 0.303962
v 0.949783 3.743811 0.326054
v 0.953711 3.742228 0.319128
v 0.956585 3.737721 0.312977
v 0.957966 3.730975 0.308538
v 0.957646 3.723017 0.306485
v 0.957966 3.730414 0.331066
v 0.961525 3.729436 0.323915
v 0.963347 3.726650 0.317120
v 0.963155 3.722481 0.311716
v 0.960977 3.717563 0.308526
v 0.961092 3.708739 0.332981
v 0.964510 3.708739 0.325743
v 0.965930 3.708739 0.318702
v 0.965137 3.708739 0.312930
v 0.962250 3.708739 0.309305
v 0.957966 3.687063 0.331066
v 0.961525 3.688041 0.323915
v 0.963347 3.690827 0.317120
v 0.963155 3.694997 0.311716
v 0.960977 3.699914 0.308526
v 0.949783 3.673666 0.326054
v 0.953711 3.675249 0.319128
v 0.956585 3.679757 0.312977
v 0.957966 3.686503 0.308538
v 0.957646 3.694461 0.306485
v 0.939667 3.673666 0.319857
v 0.944052 3.675249 0.313212
v 0.948226 3.679757 0.307857
v 0.951553 3.686503 0.304609
v 0.953528 3.694461 0.303962
v 0.931484 3.687063 0.314844
v 0.936238 3.688041 0.308425
v 0.941463 3.690827 0.303715
v 0.946365 3.694997 0.301431
v 0.950196 3.699914 0.301922
v 0.928358 3.708739 0.312930
v 0.933253 3.708739 0.306596
v 0.938880 3.708739 0.302132
v 0.944383 3.708739 0.300217
v 0.948923 3.708739 0.301142
v 0.791526 3.700003 0.571458
v 0.792990 3.681180 0.560600
v 0.801104 3.662525 0.552821
v 0.812770 3.651164 0.551094
v 0.823531 3.651436 0.556078
v 0.829278 3.663237 0.565868
v 0.827814 3.682060 0.576727
v 0.819700 3.700715 0.584505
v 0.808034 3.712076 0.586232
v 0.797273 3.711804 0.581248
v 0.821970 3.725032 0.509464
v 0.821807 3.704791 0.502112
v 0.828297 3.684706 0.497838
v 0.838960 3.672450 0.498275
v 0.849723 3.672703 0.503254
v 0.856476 3.685370 0.510875
v 0.856639 3.705612 0.518227
v 0.850149 3.725696 0.522500
v 0.839486 3.737952 0.522064
v 0.828722 3.737699 0.517084
v 0.806683 3.712464 0.540592
v 0.807337 3.692935 0.531480
v 0.814643 3.673568 0.525446
v 0.825809 3.661762 0.524796
v 0.836572 3.662024 0.529778
v 0.842819 3.674257 0.538488
v 0.842165 3.693786 0.547601
v 0.834860 3.713153 0.553634
v 0.823693 3.724959 0.554284
v 0.812931 3.724696 0.549303
v 0.842288 3.731706 0.470318
v 0.841582 3.710803 0.464571
v 0.847409 3.690052 0.462148
v 0.857543 3.677378 0.463974
v 0.868113 3.677623 0.469352
v 0.875083 3.690693 0.476227
v 0.875789 3.711596 0.481974
v 0.869962 3.732347 0.484397
v 0.859827 3.745021 0.482571
v 0.849257 3.744776 0.477193
v 0.261518 1.938108 -0.190004
v 0.099891 1.885657 -0.307433
v -0.099891 1.938108 -0.307433
v -0.261518 1.885657 -0.190004
v -0.323254 1.938108 0.000000
v -0.261518 1.885657 0.190004
v -0.099891 1.938108 0.307433
v 0.099891 1.885657 0.307433
v 0.261518 1.938108 0.190004
v 0.323254 1.885657 -0.000000
v 0.507155 1.827893 -0.368470
v 0.193716 1.544658 -0.596197
v -0.193716 1.827893 -0.596197
v -0.507156 1.544658 -0.368470
v -0.626879 1.827893 0.000000
v -0.507155 1.544658 0.368470
v -0.193716 1.827893 0.596197
v 0.193716 1.544658 0.596197
v 0.507155 1.827893 0.368470
v 0.626879 1.544658 -0.000000
v 0.721112 1.916517 -0.523918
v 0.275440 1.633281 -0.847718
v -0.275440 1.916517 -0.847718
v -0.721112 1.633281 -0.523918
v -0.891343 1.916517 0.000000
v -0.721112 1.633281 0.523918
v -0.275440 1.916517 0.847718
v 0.275440 1.633281 0.847718
v 0.721112 1.916517 0.523918
v 0.891343 1.633281 -0.000000
v 0.760509 2.616521 -0.542160
v 0.290574 2.556987 -0.894296
v -0.290574 2.609438 -0.894296
v -0.760733 2.556987 -0.552705
v -0.940318 2.609438 0.000000
v -0.760733 2.556987 0.552705
v -0.290574 2.609438 0.894296
v 0.290574 2.556987 0.894295
v 0.760509 2.616521 0.542160
v 0.936497 2.561446 -0.000000
v -0.000000 1.963156 -0.000000
v -0.000000 4.393338 -0.000000
v 0.782247 3.388491 -0.425183
v 0.701038 3.916777 -0.509334
v 0.572264 4.157717 -0.415775
v 0.379541 4.318708 -0.275753
v 0.169577 4.384290 -0.123205
v 0.287810 3.526379 -0.885787
v 0.267773 3.916777 -0.824120
v 0.218586 4.157717 -0.672737
v 0.144972 4.318708 -0.446177
v 0.064773 4.384290 -0.199350
v -0.287810 3.526379 -0.885787
v -0.267773 3.916777 -0.824120
v -0.218586 4.157717 -0.672737
v -0.144972 4.318708 -0.446177
v -0.064773 4.384290 -0.199350
v -0.753496 3.526379 -0.547446
v -0.701038 3.916777 -0.509334
v -0.572265 4.157717 -0.415774
v -0.379541 4.318708 -0.275753
v -0.169578 4.384290 -0.123205
v -0.931372 3.526379 0.000000
v -0.866531 3.916777 0.000000
v -0.707358 4.157717 0.000000
v -0.469138 4.318708 0.000000
v -0.209609 4.384290 -0.000000
v -0.753496 3.526379 0.547447
v -0.701038 3.916777 0.509334
v -0.572264 4.157717 0.415774
v -0.379541 4.318708 0.275752
v -0.169578 4.384290 0.123205
v -0.287810 3.526379 0.885787
v -0.267773 3.916777 0.824120
v -0.218586 4.157717 0.672737
v -0.144972 4.318708 0.446177
v -0.064773 4.384290 0.199350
v 0.287810 3.526379 0.885787
v 0.267773 3.916777 0.824120
v 0.218586 4.157717 0.672737
v 0.144972 4.318708 0.446177
v 0.064773 4.384290 0.199350
v 0.782247 3.388491 0.425182
v 0.701038 3.916777 0.509334
v 0.572264 4.157717 0.415774
v 0.379541 4.318708 0.275752
v 0.169577 4.384290 0.123205
v 0.909384 3.504083 -0.000000
v 0.866531 3.916777 -0.000000
v 0.707358 4.157717 -0.000000
v 0.469138 4.318708 -0.000000
v 0.209609 4.384290 -0.000000
v -0.885209 3.526379 0.287622
v -0.290298 3.197896 0.893445
v -0.547089 3.526379 0.753004
v 0.290298 3.192651 0.893444
v 0.000000 3.526379 0.930764
v 0.546588 3.515231 0.742243
v 0.916360 3.214946 -0.000000
v 0.124692 4.384290 -0.171624
v 0.034964 4.392433 -0.107607
v 0.091536 4.392433 -0.066505
v -0.000000 4.384290 -0.212139
v -0.034964 4.392433 -0.107607
v -0.124692 4.384290 -0.171624
v -0.091536 4.392433 -0.066505
v -0.201756 4.384290 -0.065555
v -0.113145 4.392433 -0.000000
v -0.201756 4.384290 0.065555
v -0.091536 4.392433 0.066505
v -0.124692 4.384290 0.171624
v -0.034964 4.392433 0.107607
v -0.000000 4.384290 0.212139
v 0.034964 4.392433 0.107607
v 0.124692 4.384290 0.171624
v 0.091536 4.392433 0.066505
v 0.201756 4.384290 0.065555
v 0.113145 4.392433 -0.000000
v 0.201756 4.384290 -0.065555
v 0.269827 4.361806 -0.196041
v 0.333524 4.361806 -0.000000
v 0.445886 4.318709 -0.144877
v 0.482213 4.250020 -0.350348
v 0.596048 4.250020 -0.000000
v 0.672298 4.157717 -0.218443
v 0.735680 3.753222 -0.524135
v 0.823582 3.916777 -0.267598
v 0.905537 3.760311 -0.000000
v 0.646095 4.045136 -0.469416
v 0.798617 4.045136 -0.000000
v 0.275573 4.318709 -0.379293
v 0.103065 4.361806 -0.317201
v 0.415503 4.157717 -0.571891
v 0.184189 4.250020 -0.566875
v 0.509002 3.916778 -0.700581
v 0.246786 4.045136 -0.759530
v 0.280940 3.764770 -0.864646
v -0.000000 4.318709 -0.468832
v -0.103065 4.361806 -0.317201
v -0.000000 4.157717 -0.706896
v -0.184189 4.250020 -0.566875
v -0.000000 3.916778 -0.865966
v -0.246787 4.045136 -0.759530
v -0.280940 3.764770 -0.864646
v -0.275573 4.318709 -0.379293
v -0.269827 4.361806 -0.196041
v -0.415503 4.157717 -0.571891
v -0.482213 4.250020 -0.350348
v -0.509002 3.916778 -0.700581
v -0.646095 4.045136 -0.469416
v -0.735512 3.764770 -0.534380
v -0.445886 4.318709 -0.144877
v -0.333525 4.361806 0.000000
v -0.672298 4.157717 -0.218443
v -0.596048 4.250020 0.000000
v -0.823582 3.916778 -0.267598
v -0.798617 4.045136 0.000000
v -0.909142 3.764770 0.000000
v -0.445886 4.318709 0.144877
v -0.269827 4.361806 0.196041
v -0.672298 4.157717 0.218443
v -0.482213 4.250020 0.350348
v -0.823582 3.916778 0.267598
v -0.646095 4.045136 0.469416
v -0.735512 3.764770 0.534380
v -0.275573 4.318709 0.379293
v -0.103065 4.361806 0.317201
v -0.415503 4.157717 0.571891
v -0.184189 4.250020 0.566875
v -0.509002 3.916778 0.700581
v -0.246786 4.045136 0.759530
v -0.280940 3.764770 0.864646
v -0.000000 4.318709 0.468832
v 0.103065 4.361806 0.317201
v 0.000000 4.157717 0.706896
v 0.184189 4.250020 0.566875
v 0.000000 3.916778 0.865966
v 0.246786 4.045136 0.759530
v 0.280940 3.764770 0.864645
v 0.275573 4.318709 0.379293
v 0.269827 4.361806 0.196041
v 0.415503 4.157717 0.571891
v 0.482213 4.250020 0.350348
v 0.509002 3.916778 0.700581
v 0.646095 4.045136 0.469416
v 0.735679 3.753222 0.524135
v 0.445886 4.318709 0.144877
v 0.672298 4.157717 0.218443
v 0.823582 3.916778 0.267598
v 0.192491 1.911882 -0.264941
v 0.145590 1.715157 -0.448081
v 0.368230 1.686276 -0.506825
v 0.381161 1.883001 -0.276929
v -0.000000 1.911882 -0.327485
v -0.145590 1.883001 -0.448081
v -0.000000 1.686276 -0.626470
v -0.192491 1.911882 -0.264941
v -0.381161 1.715157 -0.276929
v -0.368230 1.686276 -0.506825
v -0.311457 1.911882 -0.101198
v -0.471140 1.883001 0.000000
v -0.595808 1.686276 -0.193590
v -0.311457 1.911882 0.101199
v -0.381161 1.715157 0.276929
v -0.595808 1.686276 0.193590
v -0.192491 1.911882 0.264941
v -0.145590 1.883001 0.448081
v -0.368230 1.686276 0.506825
v 0.000000 1.911882 0.327485
v 0.145590 1.715157 0.448081
v 0.000000 1.686276 0.626470
v 0.192491 1.911882 0.264941
v 0.381161 1.883001 0.276929
v 0.368230 1.686276 0.506824
v 0.311457 1.911882 0.101198
v 0.471140 1.715157 -0.000000
v 0.595808 1.686276 0.193590
v 0.311457 1.911882 -0.101199
v 0.595808 1.686276 -0.193590
v 0.240632 1.491520 -0.740588
v 0.523576 1.774899 -0.720641
v 0.629982 1.816717 -0.457709
v -0.240632 1.816717 -0.740588
v -0.000000 1.774899 -0.890761
v -0.629982 1.491520 -0.457709
v -0.523576 1.774899 -0.720641
v -0.778701 1.816717 0.000000
v -0.847165 1.774899 -0.275260
v -0.629982 1.491520 0.457709
v -0.847164 1.774899 0.275260
v -0.240632 1.816717 0.740588
v -0.523576 1.774899 0.720641
v 0.240632 1.491520 0.740588
v 0.000000 1.774899 0.890761
v 0.629982 1.816717 0.457709
v 0.523576 1.774899 0.720641
v 0.778701 1.491520 -0.000000
v 0.847164 1.774899 0.275260
v 0.847164 1.774899 -0.275260
v 0.289061 2.015973 -0.889638
v 0.552530 2.585442 -0.758135
v 0.756771 2.183817 -0.549826
v -0.289061 2.183817 -0.889638
v -0.000000 2.583212 -0.939704
v -0.756771 2.015973 -0.549826
v -0.552345 2.583212 -0.760237
v -0.935421 2.183817 0.000000
v -0.893712 2.583212 -0.290385
v -0.756771 2.015973 0.549826
v -0.893712 2.583212 0.290385
v -0.289061 2.183817 0.889638
v -0.552344 2.583212 0.760237
v 0.289061 2.015973 0.889638
v 0.000000 2.583212 0.939704
v 0.756771 2.183817 0.549826
v 0.552530 2.585442 0.758135
v 0.935420 2.015973 -0.000000
v 0.883010 2.590295 0.300608
v 0.883010 2.590295 -0.300608
v 0.150399 1.960651 -0.109271
v 0.057447 1.955406 -0.176805
v -0.057447 1.960651 -0.176805
v -0.150399 1.955406 -0.109271
v -0.185904 1.960651 0.000000
v -0.150399 1.955406 0.109271
v -0.057447 1.960651 0.176805
v 0.057447 1.955406 0.176805
v 0.150399 1.960651 0.109271
v 0.185904 1.955406 -0.000000
v 0.290298 3.192651 -0.893445
v 0.546588 3.515231 -0.742244
v -0.290298 3.197896 -0.893444
v -0.000000 3.526379 -0.930764
v -0.760010 3.192651 -0.552179
v -0.547089 3.526379 -0.753004
v -0.939423 3.197896 0.000000
v -0.885209 3.526379 -0.287622
v -0.760009 3.192651 0.552179
v 0.277010 1.799079 -0.381271
v -0.000000 1.799079 -0.471277
v -0.277010 1.799079 -0.381271
v -0.448211 1.799079 -0.145633
v -0.448211 1.799079 0.145633
v -0.277010 1.799079 0.381271
v 0.000000 1.799079 0.471277
v 0.277010 1.799079 0.381271
v 0.448211 1.799079 0.145633
v 0.448211 1.799079 -0.145633
v 0.457410 1.654119 -0.629571
v -0.000000 1.654119 -0.778193
v -0.457410 1.654119 -0.629571
v -0.740105 1.654119 -0.240475
v -0.740105 1.654119 0.240475
v -0.457410 1.654119 0.629571
v 0.000000 1.654119 0.778193
v 0.457410 1.654119 0.629571
v 0.740105 1.654119 0.240475
v 0.740105 1.654119 -0.240475
v 0.549468 2.099895 -0.756277
v -0.000000 2.099895 -0.934810
v -0.549468 2.099895 -0.756277
v -0.889057 2.099895 -0.288872
v -0.889057 2.099895 0.288872
v -0.549468 2.099895 0.756277
v 0.000000 2.099895 0.934810
v 0.549468 2.099895 0.756277
v 0.889057 2.099895 0.288872
v 0.889057 2.099895 -0.288872
v 0.128420 1.954041 -0.176755
v -0.000000 1.954041 -0.218481
v -0.128420 1.954041 -0.176755
v -0.207788 1.954041 -0.067514
v -0.207788 1.954041 0.067514
v -0.128420 1.954041 0.176755
v 0.000000 1.954041 0.218481
v 0.128420 1.954041 0.176755
v 0.207788 1.954041 0.067514
v 0.207788 1.954041 -0.067514
v 0.550860 3.206421 -0.748420
v -0.000000 3.195273 -0.938810
v -0.551819 3.195273 -0.759513
v -0.892862 3.195273 -0.290108
v -0.892862 3.195273 0.290108
v -0.551819 3.195273 0.759514
v 0.000000 3.195273 0.938810
v 0.550860 3.206421 0.748420
v 0.078710 4.391730 -0.108335
v -0.000000 4.391730 -0.133909
v -0.078710 4.391730 -0.108335
v -0.127355 4.391730 -0.041380
v -0.127355 4.391730 0.041380
v -0.078710 4.391730 0.108335
v -0.000000 4.391730 0.133909
v 0.078710 4.391730 0.108335
v 0.127355 4.391730 0.041380
v 0.127355 4.391730 -0.041380
v 0.317247 4.361806 -0.103080
v 0.566505 4.250020 -0.184069
v 0.853851 3.753222 -0.291121
v 0.759035 4.045136 -0.246625
v 0.196070 4.361806 -0.269867
v 0.350119 4.250020 -0.481898
v 0.469109 4.045136 -0.645674
v 0.534309 3.762540 -0.732996
v -0.000000 4.361806 -0.333574
v -0.000000 4.250020 -0.595659
v -0.000000 4.045136 -0.798096
v -0.000000 3.764770 -0.908549
v -0.196070 4.361806 -0.269867
v -0.350120 4.250020 -0.481898
v -0.469109 4.045136 -0.645674
v -0.534032 3.764770 -0.735031
v -0.317247 4.361806 -0.103080
v -0.566505 4.250020 -0.184069
v -0.759035 4.045136 -0.246625
v -0.864082 3.764770 -0.280757
v -0.317247 4.361806 0.103080
v -0.566505 4.250020 0.184069
v -0.759035 4.045136 0.246625
v -0.864081 3.764770 0.280757
v -0.196070 4.361806 0.269867
v -0.350119 4.250020 0.481898
v -0.469109 4.045136 0.645674
v -0.534032 3.764770 0.735032
v -0.000000 4.361806 0.333573
v 0.000000 4.250020 0.595659
v 0.000000 4.045136 0.798096
v 0.000000 3.764770 0.908549
v 0.196070 4.361806 0.269867
v 0.350119 4.250020 0.481898
v 0.469109 4.045136 0.645673
v 0.534309 3.762540 0.732996
v 0.317247 4.361806 0.103080
v 0.566505 4.250020 0.184069
v 0.759035 4.045136 0.246625
v 0.853851 3.753222 0.291121
v 0.248324 1.886245 -0.180418
v 0.195763 1.866502 -0.235145
v 0.286591 1.764596 -0.341744
v 0.365526 1.833950 -0.265570
v 0.082553 1.838706 -0.279588
v 0.122823 1.668824 -0.415496
v 0.170920 1.486542 -0.576764
v 0.391684 1.655496 -0.472259
v 0.501631 1.777681 -0.364457
v -0.014197 1.864717 -0.303556
v -0.022001 1.758467 -0.443051
v -0.094851 1.886245 -0.291922
v -0.139619 1.833950 -0.429702
v -0.191606 1.777681 -0.589703
v -0.027038 1.644681 -0.610048
v -0.166940 1.864717 -0.253927
v -0.242620 1.758467 -0.371368
v -0.235572 1.840972 -0.171153
v -0.349381 1.676605 -0.253840
v -0.484807 1.500271 -0.352232
v -0.336703 1.644681 -0.509432
v -0.293086 1.864717 -0.080302
v -0.428165 1.758467 -0.115986
v -0.306945 1.886245 0.000000
v -0.451815 1.833950 0.000000
v -0.620050 1.777681 0.000000
v -0.588545 1.644681 -0.162801
v -0.293086 1.864717 0.080302
v -0.428165 1.758467 0.115986
v -0.235572 1.840972 0.171153
v -0.349381 1.676605 0.253840
v -0.484806 1.500271 0.352233
v -0.588545 1.644681 0.162801
v -0.166940 1.864717 0.253927
v -0.242620 1.758467 0.371368
v -0.094851 1.886245 0.291922
v -0.139619 1.833950 0.429702
v -0.191606 1.777681 0.589703
v -0.336703 1.644681 0.509432
v -0.014197 1.864717 0.303556
v -0.022001 1.758467 0.443051
v 0.082543 1.838703 0.279592
v 0.122809 1.668814 0.415502
v 0.170901 1.486524 0.576773
v -0.027038 1.644681 0.610048
v 0.195753 1.866499 0.235148
v 0.286576 1.764586 0.341751
v 0.248324 1.886245 0.180418
v 0.365526 1.833950 0.265570
v 0.501631 1.777681 0.364456
v 0.391665 1.655477 0.472268
v 0.284130 1.866499 0.113507
v 0.413581 1.764586 0.166943
v 0.291645 1.836438 -0.000011
v 0.434371 1.661033 -0.000016
v 0.603454 1.472795 -0.000021
v 0.570184 1.655477 0.226557
v 0.284130 1.866502 -0.113518
v 0.413579 1.764596 -0.166959
v 0.570182 1.655496 -0.226578
v 0.500467 1.625443 -0.620287
v 0.649844 1.772014 -0.472139
v 0.225217 1.427435 -0.756258
v 0.269172 1.591790 -0.898136
v 0.575499 1.762261 -0.742096
v 0.761134 1.895190 -0.552997
v -0.024947 1.612819 -0.793498
v -0.248218 1.772014 -0.763937
v -0.290728 1.895190 -0.894767
v -0.012392 1.751494 -0.936056
v -0.446224 1.612819 -0.656617
v -0.635749 1.443461 -0.461898
v -0.755464 1.605459 -0.548876
v -0.540175 1.751494 -0.764569
v -0.762371 1.612819 -0.221478
v -0.803251 1.772014 0.000000
v -0.940814 1.895190 0.000000
v -0.894071 1.751494 -0.277472
v -0.762371 1.612819 0.221478
v -0.635749 1.443461 0.461899
v -0.755463 1.605459 0.548876
v -0.894071 1.751494 0.277472
v -0.446224 1.612819 0.656617
v -0.248218 1.772014 0.763937
v -0.290727 1.895190 0.894767
v -0.540174 1.751494 0.764569
v -0.024947 1.612819 0.793498
v 0.225194 1.427413 0.756270
v 0.269146 1.591771 0.898149
v -0.012392 1.751494 0.936056
v 0.500443 1.625422 0.620299
v 0.649844 1.772014 0.472139
v 0.761134 1.895190 0.552996
v 0.575473 1.762243 0.742110
v 0.744585 1.625422 0.284267
v 0.791855 1.411387 -0.000026
v 0.940914 1.578103 -0.000029
v 0.883619 1.762243 0.317982
v 0.744581 1.625443 -0.284293
v 0.883614 1.762261 -0.318011
v 0.599026 2.100682 -0.790909
v 0.801370 2.179084 -0.582213
v 0.286107 2.001930 -0.951252
v 0.288091 2.480511 -0.957092
v 0.600687 2.513798 -0.796862
v 0.805842 2.541091 -0.584831
v -0.002474 2.094454 -0.989315
v -0.306093 2.179071 -0.942056
v -0.307713 2.540012 -0.947043
v -0.000165 2.511572 -0.995145
v -0.579503 2.094454 -0.801827
v -0.800551 2.009820 -0.581634
v -0.805572 2.483155 -0.585282
v -0.584798 2.511572 -0.805186
v -0.941659 2.094454 -0.303362
v -0.990537 2.179071 0.000000
v -0.995780 2.540012 0.000000
v -0.946490 2.511572 -0.307360
v -0.941659 2.094454 0.303362
v -0.800550 2.009820 0.581634
v -0.805572 2.483155 0.585282
v -0.946490 2.511572 0.307360
v -0.579503 2.094454 0.801827
v -0.306093 2.179071 0.942056
v -0.307713 2.540012 0.947043
v -0.584798 2.511572 0.805186
v -0.002474 2.094454 0.989315
v 0.286081 2.001920 0.951266
v 0.288065 2.480508 0.957106
v -0.000165 2.511572 0.995145
v 0.598999 2.100671 0.790922
v 0.801370 2.179084 0.582213
v 0.805842 2.541091 0.584831
v 0.600661 2.513795 0.796875
v 0.937319 2.100672 0.325260
v 0.996683 1.994048 -0.000029
v 1.002778 2.476557 -0.000029
v 0.943367 2.517712 0.325242
v 0.937314 2.100682 -0.325289
v 0.943362 2.517716 -0.325271
v 0.134559 1.901075 -0.163124
v 0.047749 1.901309 -0.164777
v 0.151785 1.905483 -0.110279
v -0.002675 1.907128 -0.000001
v -0.006510 1.900723 -0.206012
v -0.055464 1.905467 -0.170700
v -0.115824 1.900723 -0.170494
v -0.140340 1.901560 -0.101963
v -0.197941 1.900723 -0.057470
v -0.179484 1.905467 -0.000000
v -0.197941 1.900723 0.057470
v -0.140340 1.901560 0.101963
v -0.115824 1.900723 0.170494
v -0.055464 1.905467 0.170700
v -0.006510 1.900723 0.206012
v 0.047741 1.901308 0.164777
v 0.134545 1.901075 0.163123
v 0.151774 1.905483 0.110270
v 0.196716 1.901075 0.077552
v 0.169463 1.901057 -0.000007
v 0.196721 1.901075 -0.077565
v 0.604905 3.262975 -0.789972
v 0.762994 3.281529 -0.534621
v 0.811865 3.258915 -0.576345
v 0.287852 3.261415 -0.956238
v 0.285472 3.530147 -0.948331
v 0.599689 3.527785 -0.784151
v 0.756591 3.493609 -0.535460
v 0.803397 3.524468 -0.576714
v 0.744669 3.461538 -0.559578
v 0.794953 3.461254 -0.595735
v 0.738726 3.425203 -0.573190
v 0.788563 3.425163 -0.609915
v 0.737601 3.386521 -0.577572
v 0.787452 3.386938 -0.614245
v 0.741051 3.348013 -0.572877
v 0.790861 3.348885 -0.609606
v 0.749168 3.312266 -0.558976
v 0.799409 3.313498 -0.595144
v -0.000000 3.261414 -0.994251
v -0.307430 3.261414 -0.946172
v -0.304888 3.530160 -0.938348
v -0.000000 3.530158 -0.986030
v -0.584406 3.261414 -0.804366
v -0.804862 3.261414 -0.584767
v -0.798207 3.530160 -0.579931
v -0.579574 3.530158 -0.797715
v -0.945589 3.261414 -0.307240
v -0.994864 3.261414 0.000000
v -0.986637 3.530160 0.000000
v -0.937770 3.530158 -0.304700
v -0.945589 3.261414 0.307241
v -0.804862 3.261414 0.584767
v -0.798206 3.530159 0.579931
v -0.937770 3.530158 0.304700
v -0.584406 3.261414 0.804366
v -0.307430 3.261414 0.946172
v -0.304888 3.530160 0.938348
v -0.579574 3.530158 0.797715
v 0.000000 3.261414 0.994251
v 0.287826 3.261415 0.956251
v 0.285446 3.530147 0.948345
v 0.000000 3.530158 0.986030
v 0.604878 3.262975 0.789985
v 0.764034 3.281533 0.534849
v 0.812530 3.258917 0.576491
v 0.750175 3.312274 0.559248
v 0.801200 3.313513 0.595628
v 0.742054 3.348021 0.573156
v 0.792644 3.348900 0.610101
v 0.738604 3.386529 0.577851
v 0.789235 3.386953 0.614740
v 0.739729 3.425212 0.573468
v 0.790346 3.425178 0.610409
v 0.745677 3.461549 0.559850
v 0.796744 3.461272 0.596219
v 0.757630 3.493631 0.535687
v 0.804062 3.524482 0.576860
v 0.599663 3.527785 0.784165
v 0.862854 3.285223 0.338928
v 0.941633 3.267102 0.330401
v 0.848542 3.260672 0.369891
v 0.916176 3.242892 0.381723
v 0.832635 3.245110 0.402465
v 0.900193 3.227438 0.414729
v 0.815412 3.239366 0.436921
v 0.883173 3.221762 0.448777
v 0.797883 3.243784 0.471418
v 0.865852 3.226128 0.482866
v 0.780912 3.258102 0.504059
v 0.848550 3.240339 0.515852
v 1.003292 3.271188 0.000109
v 0.992621 3.528240 0.000073
v 0.856450 3.497320 0.339767
v 0.934513 3.527040 0.325130
v 0.869217 3.466110 0.315016
v 0.946090 3.464876 0.302246
v 0.877177 3.430294 0.301057
v 0.954231 3.429310 0.287639
v 0.880628 3.391786 0.296362
v 0.957641 3.391258 0.282999
v 0.879502 3.353104 0.300744
v 0.956529 3.353032 0.287330
v 0.873715 3.316835 0.314414
v 0.950546 3.317117 0.301654
v 0.861759 3.285217 -0.338809
v 0.941134 3.266917 -0.329287
v 0.779840 3.258101 -0.503876
v 0.846644 3.240338 -0.515527
v 0.796806 3.243784 -0.471241
v 0.863937 3.226128 -0.482552
v 0.814335 3.239366 -0.436744
v 0.881259 3.221762 -0.448463
v 0.831558 3.245110 -0.402289
v 0.898278 3.227438 -0.414415
v 0.847463 3.260671 -0.369721
v 0.914257 3.242891 -0.381422
v 0.872604 3.316826 -0.314344
v 0.948615 3.317081 -0.301296
v 0.878389 3.353093 -0.300682
v 0.954594 3.352995 -0.286984
v 0.879514 3.391776 -0.296299
v 0.955705 3.391221 -0.282653
v 0.876064 3.430284 -0.300994
v 0.952296 3.429274 -0.287293
v 0.868105 3.466099 -0.314946
v 0.944159 3.464836 -0.301887
v 0.855355 3.497297 -0.339647
v 0.933826 3.527018 -0.324984
v 0.132509 4.439877 -0.176062
v 0.175436 4.439881 -0.127462
v 0.085653 4.447721 -0.111456
v 0.097718 4.448482 -0.070997
v 0.062546 4.439882 -0.208118
v 0.032235 4.448486 -0.109790
v -0.001673 4.449474 -0.000001
v -0.000000 4.439877 -0.219455
v -0.000000 4.447725 -0.137341
v -0.067011 4.439881 -0.206238
v -0.035753 4.448483 -0.110036
v -0.128993 4.439877 -0.177543
v -0.080727 4.447725 -0.111111
v -0.175436 4.439881 -0.127462
v -0.093602 4.448483 -0.068006
v -0.208714 4.439877 -0.067815
v -0.130619 4.447725 -0.042441
v -0.216851 4.439881 0.000000
v -0.115699 4.448483 -0.000000
v -0.208714 4.439877 0.067815
v -0.130619 4.447725 0.042441
v -0.175436 4.439881 0.127462
v -0.093602 4.448483 0.068006
v -0.128993 4.439877 0.177543
v -0.080727 4.447725 0.111111
v -0.067011 4.439881 0.206238
v -0.035753 4.448483 0.110036
v -0.000000 4.439877 0.219455
v -0.000000 4.447725 0.137341
v 0.062540 4.439882 0.208121
v 0.032230 4.448486 0.109789
v 0.132503 4.439877 0.176064
v 0.085645 4.447721 0.111456
v 0.175436 4.439881 0.127462
v 0.097711 4.448482 0.070991
v 0.208393 4.439877 0.071611
v 0.132466 4.447721 0.047011
v 0.217670 4.439882 -0.000007
v 0.113054 4.448489 -0.000004
v 0.208392 4.439877 -0.071618
v 0.132469 4.447721 -0.047019
v 0.280654 4.416152 -0.203907
v 0.397163 4.370092 -0.288556
v 0.329022 4.416154 -0.113191
v 0.465229 4.370092 -0.160059
v 0.349302 4.416151 -0.000010
v 0.494405 4.370092 -0.000014
v 0.507304 4.296239 -0.368578
v 0.604042 4.196971 -0.438862
v 0.594254 4.296236 -0.204449
v 0.707575 4.196966 -0.243437
v 0.631511 4.296240 -0.000018
v 0.751934 4.196973 -0.000022
v 0.780626 3.769298 -0.564652
v 0.912070 3.769448 -0.316711
v 0.839587 3.521187 -0.370739
v 0.904974 3.544093 -0.382241
v 0.822778 3.535572 -0.403425
v 0.888092 3.558479 -0.415348
v 0.805249 3.539990 -0.437922
v 0.870770 3.562845 -0.449437
v 0.788027 3.534246 -0.472377
v 0.853751 3.557169 -0.483485
v 0.771964 3.518617 -0.504894
v 0.837361 3.541540 -0.516346
v 0.742362 3.937911 -0.539358
v 0.869602 3.937901 -0.299176
v 0.924126 3.937881 -0.000027
v 0.970046 3.774995 -0.000029
v 0.683345 4.075949 -0.496479
v 0.800470 4.075941 -0.275397
v 0.850653 4.075951 -0.000025
v 0.209324 4.416154 -0.277941
v 0.295989 4.370092 -0.392998
v 0.142037 4.370092 -0.471865
v 0.100352 4.416151 -0.333412
v 0.378077 4.296236 -0.501991
v 0.450175 4.196966 -0.597718
v 0.216023 4.196972 -0.717654
v 0.181426 4.296240 -0.602721
v 0.509277 4.075941 -0.676190
v 0.553277 3.937908 -0.734574
v 0.265489 3.937943 -0.881983
v 0.244383 4.075950 -0.811872
v 0.581162 3.775115 -0.770746
v 0.278728 3.775723 -0.925929
v -0.000000 4.416154 -0.346945
v -0.000000 4.370092 -0.490613
v -0.151703 4.370092 -0.466893
v -0.107200 4.416152 -0.329928
v -0.000000 4.296236 -0.626677
v -0.000000 4.196966 -0.746181
v -0.230724 4.196972 -0.710094
v -0.193773 4.296239 -0.596372
v -0.000000 4.075942 -0.844144
v -0.000000 3.937938 -0.917040
v -0.283555 3.937944 -0.872692
v -0.261015 4.075949 -0.803320
v -0.000000 3.775731 -0.962736
v -0.297685 3.775735 -0.916180
v -0.203929 4.416154 -0.280685
v -0.288375 4.370092 -0.396914
v -0.397163 4.370092 -0.288556
v -0.280654 4.416152 -0.203907
v -0.368352 4.296236 -0.506992
v -0.438594 4.196966 -0.603673
v -0.604042 4.196972 -0.438862
v -0.507304 4.296239 -0.368578
v -0.496176 4.075942 -0.682927
v -0.539023 3.937938 -0.741901
v -0.742356 3.937944 -0.539354
v -0.683345 4.075949 -0.496479
v -0.565882 3.775731 -0.778870
v -0.779349 3.775735 -0.566230
v -0.329965 4.416154 -0.107212
v -0.466600 4.370092 -0.151608
v -0.490921 4.370092 0.000000
v -0.346907 4.416152 0.000000
v -0.596005 4.296236 -0.193654
v -0.709660 4.196966 -0.230583
v -0.746637 4.196972 0.000000
v -0.627062 4.296239 0.000000
v -0.802829 4.075942 -0.260855
v -0.872157 3.937938 -0.283381
v -0.917603 3.937944 0.000000
v -0.844661 4.075949 0.000000
v -0.915617 3.775731 -0.297502
v -0.963329 3.775735 0.000000
v -0.329965 4.416154 0.107212
v -0.466600 4.370092 0.151608
v -0.397163 4.370092 0.288556
v -0.280654 4.416152 0.203907
v -0.596005 4.296236 0.193654
v -0.709660 4.196966 0.230583
v -0.604042 4.196972 0.438862
v -0.507304 4.296239 0.368578
v -0.802829 4.075942 0.260855
v -0.872157 3.937938 0.283381
v -0.742356 3.937944 0.539354
v -0.683345 4.075949 0.496479
v -0.915617 3.775731 0.297502
v -0.779349 3.775734 0.566230
v -0.203929 4.416154 0.280685
v -0.288375 4.370092 0.396914
v -0.151703 4.370092 0.466893
v -0.107200 4.416152 0.329928
v -0.368352 4.296236 0.506992
v -0.438594 4.196966 0.603673
v -0.230724 4.196972 0.710094
v -0.193773 4.296239 0.596372
v -0.496176 4.075942 0.682927
v -0.539023 3.937938 0.741901
v -0.283555 3.937944 0.872692
v -0.261015 4.075949 0.803320
v -0.565882 3.775731 0.778870
v -0.297685 3.775735 0.916180
v -0.000000 4.416154 0.346945
v -0.000000 4.370092 0.490613
v 0.142024 4.370092 0.471871
v 0.100343 4.416151 0.333416
v 0.000000 4.296236 0.626677
v 0.000000 4.196966 0.746181
v 0.216003 4.196972 0.717664
v 0.181410 4.296240 0.602729
v 0.000000 4.075942 0.844144
v 0.000000 3.937938 0.917040
v 0.265465 3.937943 0.881995
v 0.244361 4.075950 0.811884
v 0.000000 3.775731 0.962736
v 0.278702 3.775722 0.925942
v 0.209315 4.416154 0.277945
v 0.295976 4.370092 0.393004
v 0.397163 4.370092 0.288556
v 0.280654 4.416152 0.203907
v 0.378061 4.296236 0.501999
v 0.450155 4.196965 0.597728
v 0.604042 4.196972 0.438862
v 0.507304 4.296239 0.368578
v 0.509254 4.075942 0.676202
v 0.553252 3.937908 0.734586
v 0.742362 3.937911 0.539358
v 0.683345 4.075949 0.496479
v 0.581137 3.775115 0.770758
v 0.780625 3.769298 0.564652
v 0.329023 4.416154 0.113180
v 0.465231 4.370092 0.160045
v 0.594257 4.296236 0.204431
v 0.707579 4.196966 0.243415
v 0.800474 4.075941 0.275372
v 0.869607 3.937901 0.299149
v 0.912074 3.769448 0.316682
v 0.773035 3.518650 0.505076
v 0.839265 3.541598 0.516670
v 0.789102 3.534281 0.472553
v 0.855663 3.557230 0.483799
v 0.806325 3.540025 0.438098
v 0.872682 3.562906 0.449750
v 0.823854 3.535606 0.403601
v 0.890004 3.558540 0.415661
v 0.840665 3.521220 0.370908
v 0.906891 3.544151 0.382541
v 0.794295 3.269205 -0.554708
v 0.777804 3.303645 -0.583348
v 0.768600 3.343573 -0.599064
v 0.764748 3.386568 -0.604306
v 0.766004 3.429757 -0.599412
v 0.772779 3.470375 -0.584019
v 0.787122 3.506551 -0.555638
v 0.805318 3.534841 -0.520057
v 0.823391 3.552340 -0.483556
v 0.842620 3.558754 -0.445086
v 0.862191 3.553821 -0.406571
v 0.881032 3.537714 -0.369860
v 0.899181 3.510699 -0.333534
v 0.913961 3.475524 -0.304343
v 0.922920 3.435491 -0.288549
v 0.926772 3.392497 -0.283307
v 0.925516 3.349308 -0.288200
v 0.918986 3.308794 -0.303672
v 0.906355 3.273354 -0.332605
v 0.889870 3.245798 -0.368737
v 0.872042 3.228403 -0.405316
v 0.852813 3.221990 -0.443786
v 0.833242 3.226922 -0.482301
v 0.814157 3.242925 -0.518933
v 0.800535 3.269230 0.556073
v 0.820591 3.242928 0.520031
v 0.839704 3.226922 0.483361
v 0.859274 3.221989 0.444845
v 0.878504 3.228403 0.406375
v 0.896345 3.245801 0.369754
v 0.912927 3.273385 0.333323
v 0.925655 3.308854 0.304091
v 0.932198 3.349370 0.288577
v 0.933455 3.392560 0.283683
v 0.929602 3.435554 0.288925
v 0.920629 3.475596 0.304762
v 0.905749 3.510834 0.334251
v 0.887499 3.537912 0.370874
v 0.868644 3.554028 0.407627
v 0.849073 3.558961 0.446143
v 0.829844 3.552548 0.484613
v 0.811744 3.535039 0.521152
v 0.793357 3.506680 0.557001
v 0.778823 3.470436 0.585652
v 0.772022 3.429808 0.601083
v 0.770765 3.386619 0.605976
v 0.774617 3.343625 0.600734
v 0.783849 3.303694 0.584981
v 0.966453 3.055393 0.339580
v 0.991432 2.845860 0.000900
v 0.966131 3.049454 -0.305313
v 0.812086 2.911434 0.578616
v 0.601272 2.873668 0.795383
v 0.288088 2.860082 0.957124
v 0.000000 2.871828 0.995158
v -0.307710 2.882575 0.947035
v -0.584939 2.871828 0.805100
v -0.805596 2.861081 0.585300
v -0.946451 2.871828 0.307521
v -0.995772 2.882575 0.000000
v -0.946452 2.871828 -0.307521
v -0.805596 2.861081 -0.585300
v -0.584939 2.871828 -0.805100
v -0.307710 2.882575 -0.947035
v -0.000000 2.871828 -0.995158
v 0.288114 2.860083 -0.957110
v 0.601299 2.873670 -0.795369
v 0.812086 2.910611 -0.574486
v 1.010452 3.080383 -0.002311
v 0.600849 2.687176 -0.796356
v 0.807637 2.712706 -0.581369
v 0.944607 2.731654 -0.326271
v 1.001834 2.658922 0.000101
v 0.944612 2.732347 0.330502
v 0.807637 2.712843 0.582058
v 0.600822 2.687174 0.796370
v 0.288088 2.666686 0.957125
v 0.000000 2.685329 0.995159
v -0.307711 2.702385 0.947036
v -0.584940 2.685329 0.805101
v -0.805597 2.668273 0.585301
v -0.946453 2.685329 0.307521
v -0.995773 2.702385 0.000000
v -0.946453 2.685329 -0.307521
v -0.805597 2.668273 -0.585300
v -0.584940 2.685329 -0.805101
v -0.307711 2.702385 -0.947036
v -0.000000 2.685329 -0.995159
v 0.288114 2.666688 -0.957112
v 0.938959 3.148947 0.347352
v 1.009818 3.150322 -0.003093
v 0.939405 3.147113 -0.340890
v 0.812396 3.089347 -0.570731
v 0.601774 3.073615 -0.794326
v 0.288114 3.071437 -0.957109
v -0.000000 3.073000 -0.995157
v -0.307710 3.074430 -0.947034
v -0.584939 3.073000 -0.805099
v -0.805595 3.071570 -0.585299
v -0.946450 3.073000 -0.307520
v -0.995770 3.074430 0.000000
v -0.946450 3.073000 0.307520
v -0.805595 3.071570 0.585299
v -0.584938 3.073000 0.805099
v -0.307710 3.074430 0.947034
v 0.000000 3.073000 0.995157
v 0.288088 3.071437 0.957123
v 0.601748 3.073614 0.794340
v 0.812396 3.089484 0.571419
v 0.967086 3.250154 0.224881
v 0.974041 3.151200 0.221318
v 0.977847 3.082310 0.242127
v 0.138563 1.847611 0.260435
v 0.203989 1.699407 0.383936
v 0.280273 1.540505 0.532559
v 0.360779 1.490426 0.699766
v 0.418633 1.645518 0.834891
v 0.437761 2.032951 0.887210
v 0.439316 2.490957 0.893320
v 0.439252 2.672974 0.893384
v 0.439254 2.864049 0.893381
v 0.439255 3.071968 0.893378
v 0.438857 3.261416 0.892565
v 0.435231 3.530054 0.885191
v 0.424947 3.775630 0.864293
v 0.404709 3.937927 0.823301
v 0.372527 4.075946 0.757861
v 0.329295 4.196969 0.669911
v 0.276557 4.296238 0.562623
v 0.216512 4.370092 0.440470
v 0.153078 4.416152 0.311333
v 0.096507 4.439879 0.195393
v 0.057180 4.448475 0.107147
v 0.052365 4.449456 0.038045
v 0.119572 4.448475 0.021271
v 0.215652 4.439879 0.031404
v 0.343399 4.416153 0.049379
v 0.485817 4.370092 0.069802
v 0.620547 4.296238 0.089161
v 0.738881 4.196969 0.106164
v 0.835886 4.075946 0.120102
v 0.908080 3.937889 0.130471
v 0.952582 3.774139 0.138539
v 0.971683 3.522865 0.148545
v 0.987148 3.273950 0.112545
v 0.996610 3.149690 0.103507
v 1.003565 3.080186 0.102456
v 0.985828 2.887689 0.171396
v 0.985653 2.686743 0.147513
v 0.985220 2.492112 0.141982
v 0.979064 2.032961 0.142167
v 0.923393 1.645518 0.140148
v 0.777004 1.490426 0.126882
v 0.593103 1.540505 0.101986
v 0.428180 1.699407 0.075362
v 0.290507 1.847611 0.051302
v 0.179335 1.902297 0.035832
v 0.082768 1.907376 0.060135
v 0.089496 1.902297 0.159485
v 0.969196 3.247618 -0.214195
v 0.976964 3.144789 -0.205364
v 0.977693 3.084248 -0.226593
v 0.138623 1.847629 -0.260414
v 0.204074 1.699469 -0.383897
v 0.280388 1.540616 -0.532504
v 0.360921 1.490555 -0.699695
v 0.418790 1.645628 -0.834810
v 0.437920 2.033014 -0.887128
v 0.439474 2.490978 -0.893239
v 0.439410 2.672987 -0.893302
v 0.439412 2.864057 -0.893300
v 0.439413 3.071969 -0.893297
v 0.439015 3.261416 -0.892484
v 0.435388 3.530054 -0.885111
v 0.425100 3.775630 -0.864215
v 0.404854 3.937927 -0.823227
v 0.372661 4.075946 -0.757792
v 0.329413 4.196969 -0.669850
v 0.276657 4.296238 -0.562572
v 0.216589 4.370092 -0.440430
v 0.153133 4.416153 -0.311305
v 0.096543 4.439879 -0.195378
v 0.057208 4.448476 -0.107149
v 0.052407 4.449456 -0.038076
v 0.119583 4.448476 -0.021298
v 0.215649 4.439879 -0.031443
v 0.343390 4.416152 -0.049440
v 0.485803 4.370092 -0.069889
v 0.620529 4.296238 -0.089272
v 0.738859 4.196969 -0.106296
v 0.835862 4.075946 -0.120251
v 0.908054 3.937889 -0.130633
v 0.952553 3.774138 -0.138711
v 0.971775 3.522807 -0.148071
v 0.988361 3.273200 -0.106563
v 0.998544 3.147450 -0.095011
v 1.004009 3.080475 -0.097561
v 0.985825 2.891912 -0.161127
v 0.985627 2.687383 -0.146217
v 0.985191 2.492137 -0.142158
v 0.979036 2.033025 -0.142343
v 0.923365 1.645628 -0.140322
v 0.776980 1.490555 -0.127039
v 0.593086 1.540616 -0.102112
v 0.428170 1.699469 -0.075456
v 0.290505 1.847629 -0.051366
v 0.179351 1.902299 -0.035876
v 0.082835 1.907376 -0.060183
v 0.089543 1.902299 -0.159487
v 0.960033 3.038426 0.105453
v 0.945517 2.930886 0.161875
v 0.957722 2.896024 0.000721
v 0.971532 3.033488 -0.001617
v 0.960926 3.039534 -0.099027
v 0.945670 2.935105 -0.150207
v 0.938939 3.026835 -0.237875
v 0.947783 3.055447 -0.197887
v 0.942788 3.029146 0.269938
v 0.950894 3.053863 0.218108
v 0.800617 1.690960 -0.260136
v 0.793832 1.869311 -0.404577
v 0.880028 1.680487 -0.139293
v 0.744885 2.030188 -0.541190
v 0.661241 2.155843 -0.661110
v 0.540837 1.914796 -0.744399
v 0.424418 2.043947 -0.833172
v 0.284521 1.799404 -0.875664
v 0.552344 2.319438 -0.760237
v 0.426640 2.565728 -0.837534
v 0.290574 2.266987 -0.894295
v 0.760733 2.371889 -0.552705
v 0.665445 2.609614 -0.656162
v 0.146365 2.043947 -0.923517
v -0.000000 1.914796 -0.920127
v -0.146365 2.155843 -0.923517
v -0.284521 2.030188 -0.875664
v -0.000000 2.319438 -0.939704
v -0.147131 2.600696 -0.928352
v -0.290574 2.371889 -0.894295
v 0.147131 2.565728 -0.928352
v -0.424418 2.155843 -0.833172
v -0.540837 1.914796 -0.744398
v -0.661242 2.043947 -0.661110
v -0.744885 1.799404 -0.541190
v -0.552345 2.319438 -0.760237
v -0.664704 2.565728 -0.664571
v -0.760733 2.266987 -0.552705
v -0.426640 2.600696 -0.837534
v -0.833088 2.043947 -0.424584
v -0.875093 1.914796 -0.284335
v -0.923546 2.155843 -0.146181
v -0.920728 2.030188 0.000000
v -0.893712 2.319438 -0.290385
v -0.928382 2.600696 -0.146946
v -0.940318 2.371889 0.000000
v -0.837449 2.565728 -0.426807
v -0.923546 2.155843 0.146181
v -0.875093 1.914796 0.284335
v -0.833088 2.043947 0.424584
v -0.744885 1.799404 0.541190
v -0.893712 2.319438 0.290385
v -0.837449 2.565728 0.426807
v -0.760733 2.266987 0.552705
v -0.928381 2.600696 0.146946
v -0.661241 2.043947 0.661110
v -0.540837 1.914796 0.744399
v -0.424418 2.155843 0.833172
v -0.284521 2.030188 0.875664
v -0.552344 2.319438 0.760237
v -0.426640 2.600696 0.837534
v -0.290574 2.371889 0.894295
v -0.664703 2.565728 0.664571
v -0.146365 2.155843 0.923517
v 0.000000 1.914796 0.920127
v 0.146365 2.043947 0.923517
v 0.284521 1.799404 0.875664
v 0.000000 2.319438 0.939704
v 0.147131 2.565728 0.928352
v 0.290574 2.266987 0.894295
v -0.147131 2.600696 0.928352
v 0.424418 2.043947 0.833172
v 0.540837 1.914796 0.744398
v 0.661241 2.155843 0.661110
v 0.744885 2.030188 0.541190
v 0.552344 2.319438 0.760237
v 0.665445 2.609614 0.656162
v 0.760733 2.371889 0.552705
v 0.426640 2.565728 0.837534
v 0.833087 2.155843 0.424584
v 0.875093 1.914796 0.284335
v 0.923546 2.043947 0.146181
v 0.920728 1.799404 -0.000000
v 0.893712 2.319438 0.290385
v 0.920740 2.574647 0.155152
v 0.940318 2.266987 -0.000000
v 0.832849 2.584436 0.426671
v 0.923546 2.043947 -0.146181
v 0.875093 1.914796 -0.284335
v 0.833088 2.155843 -0.424584
v 0.893712 2.319438 -0.290385
v 0.832849 2.584436 -0.426672
v 0.920740 2.574647 -0.155152
v 0.078709 1.932157 -0.242242
v 0.095566 1.956281 -0.172374
v 0.154838 1.942647 -0.213117
v 0.134406 1.959777 -0.144156
v 0.206064 1.953137 -0.149714
v 0.091139 1.963156 -0.066216
v 0.034812 1.963156 -0.107140
v -0.078709 1.953137 -0.242242
v -0.024004 1.959777 -0.195626
v -0.000000 1.942647 -0.263427
v 0.024004 1.956281 -0.195626
v -0.034812 1.963156 -0.107140
v -0.206064 1.932157 -0.149714
v -0.134406 1.956281 -0.144155
v -0.154838 1.942647 -0.213117
v -0.095566 1.959777 -0.172374
v -0.091139 1.963156 -0.066216
v -0.254709 1.953137 0.000000
v -0.193469 1.959777 -0.037622
v -0.250534 1.942647 -0.081403
v -0.178634 1.956281 -0.083281
v -0.112654 1.963156 0.000000
v -0.206064 1.932157 0.149714
v -0.178634 1.956281 0.083281
v -0.250534 1.942647 0.081403
v -0.193469 1.959777 0.037622
v -0.091139 1.963156 0.066216
v -0.078709 1.953137 0.242242
v -0.095566 1.959777 0.172374
v -0.154838 1.942647 0.213117
v -0.134406 1.956281 0.144155
v -0.034812 1.963156 0.107140
v 0.078709 1.932157 0.242242
v 0.024004 1.956281 0.195626
v 0.000000 1.942647 0.263427
v -0.024004 1.959777 0.195626
v 0.034812 1.963156 0.107140
v 0.206064 1.953137 0.149714
v 0.134406 1.959777 0.144155
v 0.154838 1.942647 0.213117
v 0.095566 1.956281 0.172374
v 0.091139 1.963156 0.066216
v 0.254709 1.932157 -0.000000
v 0.193469 1.956281 0.037622
v 0.250534 1.942647 0.081403
v 0.178634 1.959777 0.083281
v 0.112654 1.963156 -0.000000
v 0.178634 1.959777 -0.083281
v 0.250534 1.942647 -0.081403
v 0.193469 1.956281 -0.037622
v 0.759839 2.939824 -0.510526
v 0.660235 3.241613 -0.619566
v 0.553085 2.909920 -0.751828
v 0.426234 3.193525 -0.836738
v 0.290574 2.890512 -0.894295
v 0.542701 3.388491 -0.755014
v 0.422581 3.526379 -0.829566
v 0.289468 3.388491 -0.890892
v 0.656376 3.481788 -0.615207
v 0.146991 3.193525 -0.927469
v -0.000000 2.901002 -0.939704
v -0.146992 3.197022 -0.927469
v -0.290574 2.911492 -0.894295
v -0.000000 3.388491 -0.936128
v -0.145732 3.526379 -0.919520
v -0.289468 3.388491 -0.890892
v 0.145731 3.526379 -0.919520
v -0.426234 3.197022 -0.836737
v -0.552344 2.901002 -0.760237
v -0.664071 3.193525 -0.663939
v -0.760733 2.890512 -0.552705
v -0.550242 3.388491 -0.757344
v -0.658380 3.526379 -0.658248
v -0.757838 3.388491 -0.550602
v -0.422581 3.526379 -0.829566
v -0.836653 3.193525 -0.426401
v -0.893712 2.901002 -0.290385
v -0.927498 3.197022 -0.146806
v -0.940318 2.911492 0.000000
v -0.890311 3.388491 -0.289279
v -0.919549 3.526379 -0.145548
v -0.936739 3.388491 0.000000
v -0.829482 3.526379 -0.422746
v -0.927498 3.197022 0.146807
v -0.893712 2.901002 0.290385
v -0.836652 3.193525 0.426401
v -0.760733 2.890512 0.552705
v -0.890311 3.388491 0.289280
v -0.829482 3.526379 0.422746
v -0.757838 3.388491 0.550602
v -0.919549 3.526379 0.145548
v -0.664071 3.193525 0.663939
v -0.552344 2.901002 0.760237
v -0.426234 3.197022 0.836737
v -0.290574 2.911492 0.894295
v -0.550242 3.388491 0.757344
v -0.422581 3.526379 0.829566
v -0.289468 3.388491 0.890892
v -0.658379 3.526379 0.658248
v -0.146991 3.197022 0.927469
v 0.000000 2.901002 0.939704
v 0.146991 3.193525 0.927469
v 0.290574 2.890512 0.894295
v 0.000000 3.388491 0.936128
v 0.145732 3.526379 0.919520
v 0.289468 3.388491 0.890892
v -0.145732 3.526379 0.919520
v 0.426234 3.193525 0.836737
v 0.553085 2.909920 0.751828
v 0.660235 3.241613 0.619566
v 0.759839 2.939824 0.510526
v 0.542701 3.388491 0.755014
v 0.656376 3.481788 0.615206
v 0.422581 3.526379 0.829566
v 0.850905 2.929334 0.331277
v 0.881372 3.238116 0.186670
v 0.925035 2.908348 -0.000000
v 0.875574 3.481788 0.186110
v 0.920900 3.388491 -0.000000
v 0.881372 3.238116 -0.186670
v 0.850905 2.929334 -0.331277
v 0.875574 3.481788 -0.186111
v 0.128729 4.389719 -0.093527
v 0.081777 4.392433 -0.087629
v 0.096601 4.389719 -0.132960
v 0.148826 4.384290 -0.149372
v 0.096072 4.384290 -0.187701
v 0.058070 4.392433 -0.104854
v 0.049170 4.389719 -0.151330
v 0.020896 4.393338 -0.064310
v 0.054705 4.393338 -0.039746
v 0.014652 4.392433 -0.118961
v -0.000000 4.389719 -0.164347
v 0.032604 4.384290 -0.208322
v -0.032604 4.384290 -0.208322
v -0.014652 4.392433 -0.118961
v -0.049170 4.389719 -0.151330
v -0.020896 4.393338 -0.064310
v -0.058070 4.392433 -0.104854
v -0.096601 4.389719 -0.132960
v -0.096072 4.384290 -0.187701
v -0.148826 4.384290 -0.149372
v -0.081777 4.392433 -0.087629
v -0.128729 4.389719 -0.093527
v -0.054705 4.393338 -0.039746
v -0.108611 4.392433 -0.050696
v -0.156303 4.389719 -0.050786
v -0.188051 4.384290 -0.095383
v -0.208202 4.384290 -0.033367
v -0.117666 4.392433 -0.022826
v -0.159118 4.389719 -0.000000
v -0.067619 4.393338 -0.000000
v -0.117666 4.392433 0.022826
v -0.156303 4.389719 0.050786
v -0.208202 4.384290 0.033367
v -0.188051 4.384290 0.095383
v -0.108611 4.392433 0.050696
v -0.128729 4.389719 0.093527
v -0.054705 4.393338 0.039746
v -0.081777 4.392433 0.087629
v -0.096601 4.389719 0.132960
v -0.148826 4.384290 0.149372
v -0.096072 4.384290 0.187700
v -0.058070 4.392433 0.104854
v -0.049170 4.389719 0.151330
v -0.020896 4.393338 0.064310
v -0.014652 4.392433 0.118961
v -0.000000 4.389719 0.164347
v -0.032604 4.384290 0.208322
v 0.032604 4.384290 0.208322
v 0.014652 4.392433 0.118961
v 0.049170 4.389719 0.151330
v 0.020895 4.393338 0.064310
v 0.058070 4.392433 0.104854
v 0.096601 4.389719 0.132960
v 0.096072 4.384290 0.187700
v 0.148826 4.384290 0.149372
v 0.081777 4.392433 0.087629
v 0.128729 4.389719 0.093527
v 0.054705 4.393338 0.039746
v 0.108611 4.392433 0.050696
v 0.156303 4.389719 0.050786
v 0.188051 4.384290 0.095383
v 0.208201 4.384290 0.033367
v 0.117666 4.392433 0.022826
v 0.159118 4.389719 -0.000000
v 0.067619 4.393338 -0.000000
v 0.117666 4.392433 -0.022826
v 0.156303 4.389719 -0.050786
v 0.208201 4.384290 -0.033367
v 0.188051 4.384290 -0.095383
v 0.108611 4.392433 -0.050696
v 0.417816 4.318709 -0.212940
v 0.381396 4.343218 -0.123923
v 0.297175 4.361806 -0.151410
v 0.324646 4.343218 -0.235869
v 0.256386 4.375241 -0.083305
v 0.217374 4.375241 -0.157931
v 0.329416 4.361806 -0.052182
v 0.268689 4.375241 -0.000000
v 0.463183 4.318709 -0.073314
v 0.401285 4.343218 -0.000000
v 0.629974 4.157718 -0.321067
v 0.621531 4.206624 -0.201948
v 0.530841 4.250020 -0.270544
v 0.529051 4.206624 -0.384378
v 0.507773 4.287512 -0.164985
v 0.432219 4.287512 -0.314026
v 0.588481 4.250019 -0.093146
v 0.534253 4.287512 -0.000000
v 0.698379 4.157718 -0.110541
v 0.653943 4.206624 -0.000000
v 0.835785 3.608467 -0.326316
v 0.804818 3.763169 -0.412386
v 0.746930 3.608467 -0.501205
v 0.846614 3.848149 -0.275082
v 0.771735 3.916777 -0.393315
v 0.720643 3.848149 -0.523578
v 0.890390 3.755852 -0.150420
v 0.890763 3.848149 -0.000000
v 0.855531 3.916777 -0.135415
v 0.908003 3.636823 -0.000000
v 0.794267 3.982635 -0.258073
v 0.711251 4.045136 -0.362490
v 0.676085 3.982635 -0.491204
v 0.718256 4.103693 -0.233376
v 0.611384 4.103693 -0.444196
v 0.788480 4.045136 -0.124802
v 0.755712 4.103693 -0.000000
v 0.835686 3.982635 -0.000000
v 0.158455 4.375241 -0.218095
v 0.235831 4.361806 -0.235842
v 0.235715 4.343218 -0.324435
v 0.331630 4.318709 -0.331564
v 0.151423 4.361806 -0.297168
v 0.124004 4.343218 -0.381645
v 0.212857 4.318709 -0.417858
v 0.083029 4.375241 -0.255538
v 0.313821 4.287512 -0.431938
v 0.421342 4.250019 -0.421258
v 0.384127 4.206624 -0.528706
v 0.500026 4.157718 -0.499926
v 0.270438 4.250020 -0.530895
v 0.202079 4.206624 -0.621937
v 0.320942 4.157718 -0.630039
v 0.165093 4.287512 -0.508105
v 0.443907 4.103693 -0.610985
v 0.564537 4.045136 -0.564424
v 0.490884 3.982635 -0.675644
v 0.612544 3.916777 -0.612422
v 0.362348 4.045136 -0.711323
v 0.258241 3.982635 -0.794785
v 0.393161 3.916777 -0.771813
v 0.233528 4.103693 -0.718725
v 0.523236 3.848149 -0.720173
v 0.643773 3.755852 -0.634395
v 0.542942 3.645741 -0.737629
v 0.412495 3.764770 -0.809766
v 0.285045 3.654659 -0.877279
v 0.275261 3.848149 -0.847167
v -0.000000 4.375241 -0.269580
v 0.052167 4.361806 -0.329418
v -0.000000 4.343218 -0.401023
v 0.073406 4.318709 -0.463168
v -0.052167 4.361806 -0.329418
v -0.124004 4.343218 -0.381645
v -0.073406 4.318709 -0.463168
v -0.083029 4.375241 -0.255538
v -0.000000 4.287512 -0.533904
v 0.093263 4.250019 -0.588463
v -0.000000 4.206624 -0.653516
v 0.110680 4.157718 -0.698357
v -0.093264 4.250020 -0.588463
v -0.202080 4.206624 -0.621937
v -0.110680 4.157718 -0.698357
v -0.165093 4.287512 -0.508105
v -0.000000 4.103693 -0.755219
v 0.124959 4.045136 -0.788455
v -0.000000 3.982635 -0.835141
v 0.135586 3.916777 -0.855504
v -0.124960 4.045136 -0.788455
v -0.258241 3.982635 -0.794785
v -0.135586 3.916777 -0.855504
v -0.233528 4.103693 -0.718725
v -0.000000 3.848149 -0.890182
v 0.142253 3.764770 -0.897573
v -0.000000 3.654659 -0.921824
v -0.142253 3.764770 -0.897573
v -0.285045 3.654659 -0.877279
v -0.275261 3.848149 -0.847167
v -0.158455 4.375241 -0.218095
v -0.151423 4.361806 -0.297168
v -0.235716 4.343218 -0.324434
v -0.212857 4.318709 -0.417858
v -0.235831 4.361806 -0.235842
v -0.324646 4.343218 -0.235869
v -0.331630 4.318709 -0.331564
v -0.217374 4.375241 -0.157931
v -0.313821 4.287512 -0.431937
v -0.270438 4.250019 -0.530895
v -0.384127 4.206624 -0.528706
v -0.320942 4.157718 -0.630038
v -0.421342 4.250020 -0.421258
v -0.529051 4.206624 -0.384378
v -0.500026 4.157718 -0.499926
v -0.432220 4.287512 -0.314026
v -0.443907 4.103693 -0.610985
v -0.362348 4.045136 -0.711323
v -0.490884 3.982635 -0.675643
v -0.393162 3.916777 -0.771813
v -0.564537 4.045136 -0.564424
v -0.676085 3.982635 -0.491204
v -0.612544 3.916777 -0.612422
v -0.611384 4.103693 -0.444196
v -0.523236 3.848149 -0.720173
v -0.412495 3.764770 -0.809766
v -0.541834 3.654659 -0.745771
v -0.642666 3.764770 -0.642537
v -0.746258 3.654659 -0.542188
v -0.720643 3.848149 -0.523578
v -0.256386 4.375241 -0.083305
v -0.297175 4.361806 -0.151410
v -0.381396 4.343218 -0.123923
v -0.417816 4.318709 -0.212940
v -0.329416 4.361806 -0.052182
v -0.401285 4.343218 0.000000
v -0.463183 4.318709 -0.073314
v -0.268689 4.375241 -0.000000
v -0.507773 4.287512 -0.164985
v -0.530841 4.250019 -0.270544
v -0.621531 4.206624 -0.201948
v -0.629975 4.157718 -0.321067
v -0.588481 4.250020 -0.093146
v -0.653943 4.206624 0.000000
v -0.698379 4.157718 -0.110541
v -0.534253 4.287512 0.000000
v -0.718256 4.103693 -0.233375
v -0.711251 4.045136 -0.362490
v -0.794267 3.982635 -0.258073
v -0.771735 3.916777 -0.393315
v -0.788480 4.045136 -0.124802
v -0.835686 3.982635 0.000000
v -0.855531 3.916777 -0.135415
v -0.755712 4.103693 0.000000
v -0.846614 3.848149 -0.275081
v -0.809684 3.764770 -0.412656
v -0.876706 3.654659 -0.284859
v -0.897601 3.764770 -0.142074
v -0.922425 3.654659 0.000000
v -0.890764 3.848149 0.000000
v -0.256386 4.375241 0.083305
v -0.329416 4.361806 0.052182
v -0.381396 4.343218 0.123923
v -0.463183 4.318709 0.073314
v -0.297175 4.361806 0.151410
v -0.324646 4.343218 0.235869
v -0.417816 4.318709 0.212940
v -0.217374 4.375241 0.157931
v -0.507773 4.287512 0.164985
v -0.588481 4.250019 0.093146
v -0.621531 4.206624 0.201948
v -0.698379 4.157718 0.110541
v -0.530841 4.250020 0.270544
v -0.529051 4.206624 0.384378
v -0.629974 4.157718 0.321067
v -0.432219 4.287512 0.314026
v -0.718256 4.103693 0.233376
v -0.788480 4.045136 0.124802
v -0.794267 3.982635 0.258073
v -0.855531 3.916777 0.135415
v -0.711251 4.045136 0.362490
v -0.676085 3.982635 0.491204
v -0.771735 3.916777 0.393315
v -0.611384 4.103693 0.444196
v -0.846614 3.848149 0.275082
v -0.897601 3.764770 0.142074
v -0.876706 3.654659 0.284859
v -0.809684 3.764770 0.412656
v -0.746258 3.654659 0.542188
v -0.720643 3.848149 0.523578
v -0.158455 4.375241 0.218095
v -0.235831 4.361806 0.235842
v -0.235715 4.343218 0.324434
v -0.331630 4.318709 0.331564
v -0.151423 4.361806 0.297168
v -0.124004 4.343218 0.381645
v -0.212857 4.318709 0.417858
v -0.083029 4.375241 0.255538
v -0.313821 4.287512 0.431937
v -0.421342 4.250019 0.421258
v -0.384127 4.206624 0.528706
v -0.500026 4.157718 0.499926
v -0.270438 4.250020 0.530895
v -0.202079 4.206624 0.621937
v -0.320942 4.157718 0.630038
v -0.165093 4.287512 0.508104
v -0.443907 4.103693 0.610985
v -0.564537 4.045136 0.564424
v -0.490884 3.982635 0.675643
v -0.612544 3.916777 0.612422
v -0.362348 4.045136 0.711323
v -0.258241 3.982635 0.794785
v -0.393161 3.916777 0.771813
v -0.233528 4.103693 0.718725
v -0.523236 3.848149 0.720173
v -0.642666 3.764770 0.642538
v -0.541834 3.654659 0.745771
v -0.412495 3.764770 0.809766
v -0.285045 3.654659 0.877279
v -0.275261 3.848149 0.847167
v -0.000000 4.375241 0.269580
v -0.052167 4.361806 0.329418
v -0.000000 4.343218 0.401023
v -0.073406 4.318709 0.463168
v 0.052167 4.361806 0.329418
v 0.124004 4.343218 0.381645
v 0.073406 4.318709 0.463168
v 0.083029 4.375241 0.255538
v -0.000000 4.287512 0.533904
v -0.093263 4.250019 0.588463
v 0.000000 4.206624 0.653516
v -0.110680 4.157718 0.698357
v 0.093263 4.250020 0.588463
v 0.202079 4.206624 0.621937
v 0.110680 4.157718 0.698357
v 0.165093 4.287512 0.508104
v 0.000000 4.103693 0.755219
v -0.124960 4.045136 0.788455
v 0.000000 3.982635 0.835141
v -0.135586 3.916777 0.855504
v 0.124960 4.045136 0.788455
v 0.258241 3.982635 0.794785
v 0.135586 3.916777 0.855504
v 0.233528 4.103693 0.718725
v 0.000000 3.848149 0.890182
v -0.142253 3.764770 0.897573
v 0.000000 3.654659 0.921823
v 0.142253 3.764770 0.897573
v 0.285045 3.654659 0.877279
v 0.275261 3.848149 0.847166
v 0.158455 4.375241 0.218095
v 0.151423 4.361806 0.297168
v 0.235715 4.343218 0.324434
v 0.212857 4.318709 0.417858
v 0.235831 4.361806 0.235842
v 0.324646 4.343218 0.235869
v 0.331630 4.318709 0.331564
v 0.217374 4.375241 0.157931
v 0.313821 4.287512 0.431937
v 0.270438 4.250019 0.530895
v 0.384127 4.206624 0.528706
v 0.320942 4.157718 0.630038
v 0.421341 4.250020 0.421257
v 0.529051 4.206624 0.384378
v 0.500026 4.157718 0.499926
v 0.432219 4.287512 0.314026
v 0.443906 4.103693 0.610985
v 0.362348 4.045136 0.711323
v 0.490884 3.982635 0.675643
v 0.393161 3.916777 0.771813
v 0.564537 4.045136 0.564424
v 0.676085 3.982635 0.491204
v 0.612544 3.916777 0.612422
v 0.611384 4.103693 0.444196
v 0.523236 3.848149 0.720173
v 0.412495 3.764770 0.809766
v 0.542942 3.645741 0.737628
v 0.643773 3.755852 0.634395
v 0.746930 3.608467 0.501205
v 0.720643 3.848149 0.523578
v 0.256386 4.375241 0.083305
v 0.297175 4.361806 0.151410
v 0.381396 4.343218 0.123923
v 0.417815 4.318709 0.212940
v 0.329416 4.361806 0.052182
v 0.463183 4.318709 0.073314
v 0.507773 4.287512 0.164985
v 0.530841 4.250019 0.270544
v 0.621531 4.206624 0.201948
v 0.629974 4.157718 0.321067
v 0.588481 4.250020 0.093146
v 0.698379 4.157718 0.110541
v 0.718256 4.103693 0.233375
v 0.711251 4.045136 0.362489
v 0.794266 3.982635 0.258073
v 0.771735 3.916777 0.393315
v 0.788480 4.045136 0.124802
v 0.855531 3.916777 0.135415
v 0.846614 3.848149 0.275081
v 0.804818 3.763169 0.412386
v 0.835785 3.608467 0.326315
v 0.890390 3.755852 0.150420
v 0.754709 3.435985 -0.511741
v 0.749119 3.480377 -0.551512
v 0.762344 3.456804 -0.496221
v 0.754148 3.470186 -0.578987
v 0.779170 3.489218 -0.571186
v 0.767903 3.506152 -0.551433
v 0.750835 3.412346 -0.520607
v 0.739911 3.445075 -0.570967
v 0.747457 3.429598 -0.594262
v 0.768537 3.450497 -0.593237
v 0.750103 3.387183 -0.523458
v 0.736428 3.406416 -0.580022
v 0.746201 3.386409 -0.599155
v 0.764738 3.408323 -0.603116
v 0.752347 3.362134 -0.520404
v 0.737628 3.366576 -0.579861
v 0.750053 3.343415 -0.593913
v 0.766047 3.364861 -0.602940
v 0.757636 3.338880 -0.511349
v 0.743430 3.328270 -0.570494
v 0.759171 3.303496 -0.578316
v 0.772376 3.323073 -0.592722
v 0.766507 3.318900 -0.495675
v 0.754741 3.293958 -0.550768
v 0.775063 3.269126 -0.550500
v 0.785316 3.285572 -0.570377
v 0.757636 3.338880 0.511349
v 0.755763 3.293964 0.551020
v 0.766507 3.318900 0.495675
v 0.763201 3.303529 0.579404
v 0.791444 3.285610 0.571895
v 0.779222 3.269143 0.551410
v 0.752347 3.362134 0.520404
v 0.744432 3.328279 0.570772
v 0.754065 3.343449 0.595027
v 0.778393 3.323125 0.594392
v 0.750103 3.387183 0.523458
v 0.738631 3.366585 0.580139
v 0.750213 3.386444 0.600269
v 0.772064 3.364913 0.604611
v 0.750835 3.412346 0.520607
v 0.737431 3.406425 0.580300
v 0.751469 3.429632 0.595376
v 0.770755 3.408375 0.604786
v 0.754709 3.435985 0.511740
v 0.740914 3.445084 0.571245
v 0.758177 3.470227 0.580075
v 0.774555 3.450549 0.594908
v 0.762344 3.456804 0.496221
v 0.750140 3.480392 0.551765
v 0.772060 3.506238 0.552343
v 0.785296 3.489308 0.572703
v 0.821344 3.305346 0.388551
v 0.857572 3.269194 0.352276
v 0.830583 3.321296 0.368630
v 0.874226 3.245789 0.366280
v 0.904926 3.258445 0.351172
v 0.890478 3.273278 0.330870
v 0.810994 3.295223 0.409749
v 0.841982 3.248493 0.385047
v 0.856431 3.228404 0.402756
v 0.887576 3.235763 0.387984
v 0.799791 3.291486 0.432162
v 0.824968 3.237521 0.419381
v 0.837202 3.221991 0.441226
v 0.869015 3.223793 0.425439
v 0.788388 3.294360 0.454602
v 0.807032 3.236836 0.454969
v 0.817631 3.226924 0.479742
v 0.849448 3.223047 0.464263
v 0.777343 3.303675 0.475844
v 0.789396 3.246487 0.489387
v 0.798614 3.242918 0.516281
v 0.830209 3.233574 0.501809
v 0.771940 3.265969 0.522106
v 0.810475 3.254908 0.538452
v 0.834650 3.438945 0.353296
v 0.865097 3.484654 0.323906
v 0.826420 3.459200 0.369177
v 0.897852 3.475350 0.303331
v 0.913808 3.494011 0.318097
v 0.883315 3.510373 0.331803
v 0.839832 3.415645 0.344206
v 0.875788 3.450065 0.303949
v 0.906776 3.435338 0.287639
v 0.925827 3.456053 0.295267
v 0.842076 3.390595 0.341152
v 0.881589 3.411759 0.294582
v 0.910628 3.392344 0.282397
v 0.932156 3.414266 0.285049
v 0.841344 3.365433 0.344003
v 0.882789 3.371919 0.294421
v 0.909372 3.349155 0.287291
v 0.933465 3.370804 0.284873
v 0.837577 3.341840 0.352904
v 0.879306 3.333260 0.303476
v 0.902875 3.308652 0.302659
v 0.929665 3.328630 0.294752
v 0.870721 3.298226 0.323162
v 0.919956 3.290313 0.317289
v 0.777343 3.303675 -0.475844
v 0.770882 3.265966 -0.521904
v 0.794324 3.242916 -0.515550
v 0.804124 3.254895 -0.537240
v 0.788388 3.294360 -0.454603
v 0.788319 3.246487 -0.489210
v 0.813323 3.226924 -0.479035
v 0.823747 3.233575 -0.500749
v 0.799791 3.291486 -0.432163
v 0.805955 3.236836 -0.454793
v 0.832894 3.221991 -0.440520
v 0.842986 3.223047 -0.463203
v 0.810994 3.295223 -0.409749
v 0.823891 3.237521 -0.419205
v 0.852123 3.228405 -0.402050
v 0.862553 3.223793 -0.424380
v 0.821344 3.305346 -0.388551
v 0.840906 3.248493 -0.384871
v 0.869909 3.245787 -0.365602
v 0.881114 3.235763 -0.386925
v 0.830583 3.321296 -0.368630
v 0.856486 3.269191 -0.352128
v 0.886096 3.273257 -0.330392
v 0.898409 3.258429 -0.350283
v 0.837577 3.341840 -0.352905
v 0.869616 3.298218 -0.323071
v 0.898429 3.308613 -0.302380
v 0.913328 3.290266 -0.316742
v 0.841345 3.365433 -0.344003
v 0.878193 3.333249 -0.303413
v 0.904917 3.349113 -0.287040
v 0.922983 3.328567 -0.294375
v 0.842076 3.390595 -0.341152
v 0.881676 3.371909 -0.294358
v 0.906173 3.392302 -0.282147
v 0.926782 3.370741 -0.284497
v 0.839832 3.415645 -0.344207
v 0.880476 3.411749 -0.294519
v 0.902321 3.435297 -0.287389
v 0.925473 3.414203 -0.284673
v 0.834651 3.438945 -0.353296
v 0.874674 3.450054 -0.303886
v 0.893406 3.475302 -0.303052
v 0.919144 3.455991 -0.294891
v 0.826420 3.459200 -0.369177
v 0.863993 3.484637 -0.323815
v 0.878936 3.510283 -0.331325
v 0.907182 3.493912 -0.317550
v 0.816226 3.474700 -0.389214
v 0.849114 3.513170 -0.353085
v 0.861096 3.537103 -0.366733
v 0.890331 3.525429 -0.351317
v 0.805287 3.484061 -0.410490
v 0.832307 3.532921 -0.385982
v 0.842300 3.553182 -0.403313
v 0.871686 3.547169 -0.388123
v 0.793885 3.486935 -0.432930
v 0.814672 3.542571 -0.420399
v 0.822730 3.558115 -0.441828
v 0.852447 3.557697 -0.425669
v 0.782682 3.483198 -0.455343
v 0.796735 3.541887 -0.455987
v 0.803500 3.551702 -0.480298
v 0.832880 3.556950 -0.464492
v 0.772224 3.473028 -0.476507
v 0.779721 3.530915 -0.490321
v 0.785512 3.534233 -0.516680
v 0.814319 3.544980 -0.501947
v 0.763510 3.509945 -0.522861
v 0.796045 3.521895 -0.538274
v 0.772224 3.473028 0.476507
v 0.764567 3.509974 0.523063
v 0.789796 3.534364 0.517410
v 0.802390 3.522063 0.539484
v 0.782682 3.483198 0.455343
v 0.780796 3.530949 0.490497
v 0.807802 3.551840 0.481003
v 0.820772 3.545187 0.503004
v 0.793885 3.486935 0.432930
v 0.797811 3.541921 0.456163
v 0.827032 3.558253 0.442533
v 0.839333 3.557157 0.465549
v 0.805287 3.484061 0.410490
v 0.815747 3.542606 0.420575
v 0.846602 3.553320 0.404017
v 0.858900 3.557904 0.426726
v 0.816226 3.474700 0.389214
v 0.833382 3.532955 0.386158
v 0.865408 3.537235 0.367409
v 0.878139 3.547376 0.389179
v 0.850199 3.513199 0.353233
v 0.896841 3.525600 0.352204
v 0.812276 3.269278 -0.558642
v 0.795224 3.303784 -0.588053
v 0.785940 3.343722 -0.603878
v 0.782088 3.386716 -0.609120
v 0.783344 3.429905 -0.604227
v 0.790197 3.470551 -0.588723
v 0.805090 3.506923 -0.559568
v 0.823836 3.535410 -0.523213
v 0.841987 3.552937 -0.486602
v 0.861216 3.559351 -0.448132
v 0.880787 3.554418 -0.409616
v 0.899669 3.538285 -0.372783
v 0.918108 3.511089 -0.335600
v 0.933177 3.475732 -0.305550
v 0.942178 3.435672 -0.289634
v 0.946030 3.392678 -0.284392
v 0.944774 3.349489 -0.289285
v 0.938204 3.308965 -0.304880
v 0.925295 3.273444 -0.334674
v 0.918990 3.247435 -0.378281
v 0.908531 3.245807 -0.371667
v 0.905822 3.230379 -0.406368
v 0.890663 3.228402 -0.408369
v 0.891901 3.221402 -0.434460
v 0.871434 3.221988 -0.446839
v 0.877226 3.220842 -0.463577
v 0.851863 3.226921 -0.485355
v 0.862797 3.228737 -0.491737
v 0.832698 3.242933 -0.522097
v 0.847685 3.244774 -0.519648
v 0.816436 3.269295 0.559552
v 0.848743 3.244776 0.519850
v 0.836988 3.242935 0.522829
v 0.863874 3.228737 0.491913
v 0.856171 3.226921 0.486061
v 0.878303 3.220842 0.463754
v 0.875742 3.221988 0.447545
v 0.892978 3.221401 0.434636
v 0.894971 3.228401 0.409075
v 0.906899 3.230379 0.406545
v 0.912848 3.245810 0.372345
v 0.920076 3.247437 0.378429
v 0.929676 3.273464 0.335153
v 0.949875 3.312656 0.304980
v 0.942650 3.309004 0.305159
v 0.957321 3.341440 0.287571
v 0.949229 3.349531 0.289536
v 0.960171 3.373071 0.280162
v 0.950485 3.392720 0.284643
v 0.959189 3.405667 0.280294
v 0.946633 3.435714 0.289885
v 0.954442 3.437008 0.287957
v 0.937623 3.475779 0.305830
v 0.945257 3.465584 0.305584
v 0.922487 3.511178 0.336077
v 0.903980 3.538417 0.373459
v 0.885089 3.554556 0.410321
v 0.865518 3.559489 0.448837
v 0.846289 3.553076 0.487307
v 0.828120 3.535542 0.523943
v 0.809246 3.507009 0.560477
v 0.794227 3.470592 0.589812
v 0.787356 3.429939 0.605341
v 0.786099 3.386750 0.610234
v 0.789951 3.343756 0.604992
v 0.799254 3.303816 0.589141
v 0.984820 2.606657 0.142679
v 1.002692 2.587816 -0.000029
v 0.996762 2.666940 0.071768
v 0.984791 2.606687 -0.142855
v 0.972614 2.713529 -0.228054
v 0.708970 3.075948 0.692830
v 0.813246 3.182029 0.568678
v 0.601969 3.163587 0.793854
v 0.373324 3.071516 0.927294
v 0.439256 3.162215 0.893377
v 0.288088 3.162205 0.957122
v 0.155805 3.072046 0.983118
v 0.000000 3.162204 0.995156
v -0.155805 3.073953 0.983118
v -0.307710 3.162204 0.947033
v -0.451813 3.073953 0.886939
v -0.584938 3.162204 0.805098
v -0.703911 3.072046 0.703779
v -0.805595 3.162204 0.585299
v -0.886854 3.072046 0.451980
v -0.946450 3.162204 0.307520
v -0.983147 3.073953 0.155620
v -0.995770 3.162204 0.000000
v -0.983147 3.073953 -0.155620
v -0.946450 3.162204 -0.307520
v -0.886854 3.072046 -0.451980
v -0.805595 3.162204 -0.585299
v -0.703911 3.072046 -0.703779
v -0.584938 3.162204 -0.805098
v -0.451813 3.073953 -0.886939
v -0.307710 3.162204 -0.947033
v -0.155805 3.073953 -0.983118
v -0.000000 3.162204 -0.995156
v 0.155805 3.072046 -0.983118
v 0.288114 3.162205 -0.957108
v 0.513725 3.072478 -0.855071
v 0.439413 3.162215 -0.893296
v 0.601996 3.163587 -0.793841
v 0.708970 3.075948 -0.692830
v 0.813247 3.182029 -0.568678
v 0.897359 2.971181 -0.442404
v 0.812445 3.001511 -0.572381
v 0.889134 3.123680 -0.448179
v 0.948486 3.100373 -0.335251
v 0.897359 2.974469 0.458922
v 0.948219 3.103991 0.353744
v 0.889134 3.124228 0.450932
v 0.812445 3.002059 0.575134
v 0.601062 2.775074 -0.795889
v 0.707076 2.883012 -0.696991
v 0.810012 2.808737 -0.577907
v 0.951971 2.874700 -0.323225
v 0.989320 2.798300 -0.154210
v 0.978136 2.956011 -0.231905
v 0.989335 2.795859 0.159927
v 0.999548 2.759535 0.000494
v 0.990060 2.853487 0.086130
v 0.951974 2.877491 0.340237
v 0.810012 2.809286 0.580660
v 0.707076 2.883012 0.696991
v 0.601035 2.775072 0.795903
v 0.439253 2.762664 0.893382
v 0.373324 2.860666 0.927295
v 0.288088 2.757355 0.957125
v 0.155806 2.864664 0.983119
v 0.000000 2.773083 0.995159
v -0.155806 2.878993 0.983119
v -0.307710 2.787472 0.947036
v -0.451813 2.878993 0.886940
v -0.584940 2.773083 0.805100
v -0.703912 2.864664 0.703780
v -0.805597 2.758694 0.585300
v -0.886855 2.864664 0.451980
v -0.946452 2.773083 0.307521
v -0.983148 2.878993 0.155621
v -0.995772 2.787472 0.000000
v -0.983148 2.878993 -0.155620
v -0.946452 2.773083 -0.307521
v -0.886855 2.864664 -0.451980
v -0.805597 2.758694 -0.585300
v -0.703912 2.864664 -0.703780
v -0.584940 2.773083 -0.805100
v -0.451814 2.878993 -0.886940
v -0.307711 2.787472 -0.947036
v -0.155806 2.878993 -0.983119
v -0.000000 2.773083 -0.995159
v 0.155806 2.864664 -0.983119
v 0.288114 2.757357 -0.957111
v 0.439411 2.762675 -0.893301
v 0.513723 2.867871 -0.855074
v 1.004097 3.109350 0.103607
v 1.009282 3.080313 0.045761
v 1.013634 3.110260 -0.003003
v 1.005575 3.150148 0.047998
v 0.980839 3.108115 -0.218184
v 0.971121 3.086537 -0.268673
v 0.964645 3.149827 -0.264808
v 0.601539 2.975079 -0.794842
v 0.439412 2.969869 -0.893299
v -0.000000 2.974004 -0.995157
v 0.288114 2.967753 -0.957110
v -0.307710 2.979724 -0.947034
v -0.584939 2.974004 -0.805099
v -0.805596 2.968285 -0.585299
v -0.946451 2.974004 -0.307521
v -0.995771 2.979724 0.000000
v -0.946451 2.974004 0.307521
v -0.805596 2.968285 0.585299
v -0.584939 2.974004 0.805099
v -0.307710 2.979724 0.947034
v 0.000000 2.974004 0.995157
v 0.288088 2.967753 0.957123
v 0.439254 2.969865 0.893380
v 0.601513 2.975079 0.794855
v 0.935157 3.210338 -0.345100
v 0.972591 3.199383 -0.205046
v 0.991985 3.199712 0.103002
v 1.006650 3.197624 -0.001553
v 0.934711 3.211139 0.347318
v 0.962862 3.154421 0.276892
v 0.969683 3.204349 0.219487
v 0.957087 3.280833 0.274578
v 0.971679 3.088371 0.294730
v 0.979082 3.110774 0.233811
v 0.166718 1.856198 0.250368
v 0.244275 1.728898 0.365843
v 0.334324 1.592544 0.506632
v 0.427555 1.551171 0.666068
v 0.492126 1.697329 0.796854
v 0.512352 2.062863 0.848735
v 0.513718 2.501019 0.855038
v 0.513615 2.679025 0.855131
v 0.513617 2.867865 0.855128
v 0.513620 3.072477 0.855125
v 0.513155 3.261417 0.854346
v 0.508917 3.529992 0.847292
v 0.496890 3.775567 0.827298
v 0.473198 3.937916 0.788082
v 0.435566 4.075942 0.725445
v 0.385018 4.196967 0.641257
v 0.323356 4.296236 0.538557
v 0.253148 4.370092 0.421626
v 0.179036 4.416154 0.298129
v 0.113429 4.439878 0.188265
v 0.070514 4.448465 0.108081
v 0.072169 4.449447 0.052434
v 0.124581 4.448465 0.033664
v 0.214102 4.439878 0.049700
v 0.338863 4.416154 0.078146
v 0.479217 4.370092 0.110468
v 0.612120 4.296236 0.141106
v 0.728848 4.196967 0.168015
v 0.824536 4.075942 0.190073
v 0.895749 3.937894 0.206483
v 0.939160 3.773482 0.219251
v 0.954887 3.517375 0.244062
v 0.974204 3.274788 0.186546
v 0.985694 3.149832 0.162402
v 0.990781 3.080217 0.172974
v 0.939194 2.986489 0.236928
v 0.952700 3.046244 0.167463
v 0.940866 3.046319 0.254357
v 0.972631 2.713559 0.231213
v 0.978541 2.956343 0.254923
v 0.971726 2.504067 0.224700
v 0.965523 2.062868 0.224992
v 0.909928 1.697329 0.221798
v 0.765590 1.551171 0.200802
v 0.585147 1.592544 0.161403
v 0.423423 1.728898 0.119268
v 0.289633 1.856198 0.081191
v 0.186922 1.903250 0.056707
v 0.114428 1.907453 0.083137
v 0.111694 1.903250 0.160250
v 0.993807 3.197938 -0.094886
v 0.988470 3.144967 -0.147993
v 1.005280 3.108232 -0.096846
v 0.991016 3.082028 -0.163498
v 0.113641 1.840010 -0.269347
v 0.168328 1.673302 -0.399951
v 0.232430 1.494443 -0.555508
v 0.301672 1.436657 -0.729594
v 0.353580 1.599656 -0.868560
v 0.371736 2.006473 -0.921267
v 0.373457 2.482050 -0.927206
v 0.373429 2.667618 -0.927243
v 0.373429 2.860672 -0.927241
v 0.373430 3.071517 -0.927240
v 0.373091 3.261415 -0.926396
v 0.370007 3.530109 -0.918738
v 0.361265 3.775685 -0.897040
v 0.344084 3.937938 -0.854477
v 0.316727 4.075949 -0.786555
v 0.279970 4.196972 -0.695275
v 0.235133 4.296239 -0.583926
v 0.184082 4.370092 -0.457150
v 0.130101 4.416152 -0.323021
v 0.081529 4.439881 -0.201703
v 0.045377 4.448484 -0.106319
v 0.034835 4.449464 -0.025309
v 0.115138 4.448484 -0.010302
v 0.217025 4.439881 -0.015209
v 0.347415 4.416152 -0.023915
v 0.491660 4.370092 -0.033806
v 0.628006 4.296239 -0.043181
v 0.747761 4.196972 -0.051416
v 0.845932 4.075949 -0.058166
v 0.918996 3.937884 -0.063188
v 0.964462 3.774722 -0.067095
v 0.986095 3.526689 -0.069732
v 0.998746 3.271980 -0.050143
v 1.006567 3.149329 -0.048737
v 1.009591 3.080182 -0.046959
v 0.953945 2.905890 -0.078091
v 0.968523 3.034895 -0.049767
v 0.996745 2.667459 -0.071363
v 0.990138 2.856932 -0.082522
v 0.997164 2.481530 -0.068763
v 0.991050 2.006489 -0.068852
v 0.935312 1.599656 -0.067875
v 0.787107 1.436657 -0.061450
v 0.600145 1.494443 -0.049393
v 0.432392 1.673302 -0.036498
v 0.291281 1.840010 -0.024846
v 0.172619 1.901453 -0.017354
v 0.054744 1.907307 -0.039774
v 0.069846 1.901453 -0.158808
v 0.973086 2.874103 0.001071
v 0.965091 2.915917 0.173395
v 0.984133 3.063693 0.099207
v 0.992625 3.063640 -0.002046
v 0.951720 3.044998 -0.263855
v 0.965094 2.920698 -0.161261
v 0.961006 3.068076 -0.213683
v 0.984728 3.064370 -0.094325
v 0.954883 3.049570 0.300691
v 0.963379 3.065049 0.231427
v 0.223353 1.879254 -0.210768
v 0.239052 1.821050 -0.285286
v 0.328337 1.809321 -0.307710
v 0.304551 1.863006 -0.221269
v 0.166758 1.856210 -0.250353
v 0.169757 1.781567 -0.318812
v 0.244332 1.728940 -0.365818
v 0.241071 1.613910 -0.455064
v 0.334400 1.592617 -0.506595
v 0.337704 1.705756 -0.404065
v 0.449459 1.734298 -0.423970
v 0.431190 1.803336 -0.313278
v 0.036098 1.849072 -0.293572
v -0.018285 1.817332 -0.369541
v 0.053287 1.704424 -0.432050
v 0.101661 1.762978 -0.344143
v -0.056810 1.879254 -0.301798
v -0.116328 1.863006 -0.358022
v -0.084763 1.809321 -0.441934
v -0.164700 1.803336 -0.506894
v -0.114417 1.734298 -0.607184
v -0.025101 1.697107 -0.523338
v 0.076252 1.549358 -0.597426
v 0.145861 1.570666 -0.492953
v -0.131432 1.879254 -0.277552
v -0.202418 1.817332 -0.309712
v -0.191188 1.809321 -0.407355
v -0.201761 1.849072 -0.216286
v -0.289580 1.767698 -0.210392
v -0.297063 1.704424 -0.318215
v -0.414395 1.581645 -0.301076
v -0.412848 1.549358 -0.438508
v -0.287304 1.697107 -0.438143
v -0.264329 1.734298 -0.558474
v -0.268048 1.849072 -0.125050
v -0.357104 1.817332 -0.096804
v -0.394438 1.704424 -0.184190
v -0.304582 1.879254 -0.039231
v -0.376446 1.863006 0.000000
v -0.446498 1.809321 -0.055951
v -0.532980 1.803336 0.000000
v -0.612823 1.734298 -0.078814
v -0.505481 1.697107 -0.137848
v -0.544623 1.549358 -0.257135
v -0.304582 1.879254 0.039231
v -0.357104 1.817332 0.096804
v -0.446498 1.809321 0.055951
v -0.268048 1.849072 0.125050
v -0.289580 1.767698 0.210392
v -0.394438 1.704424 0.184190
v -0.414395 1.581645 0.301076
v -0.544623 1.549358 0.257135
v -0.505481 1.697107 0.137848
v -0.612823 1.734298 0.078814
v -0.201761 1.849072 0.216286
v -0.202418 1.817332 0.309712
v -0.297063 1.704424 0.318215
v -0.131432 1.879254 0.277552
v -0.116328 1.863006 0.358022
v -0.191188 1.809321 0.407355
v -0.164700 1.803336 0.506894
v -0.264329 1.734298 0.558474
v -0.287304 1.697107 0.438143
v -0.412848 1.549358 0.438508
v -0.056810 1.879254 0.301798
v -0.018285 1.817332 0.369541
v -0.084763 1.809321 0.441934
v 0.036098 1.849072 0.293572
v 0.101649 1.762972 0.344148
v 0.053287 1.704424 0.432050
v 0.145844 1.570651 0.492960
v 0.076253 1.549358 0.597426
v -0.025101 1.697107 0.523338
v -0.114417 1.734298 0.607184
v 0.113601 1.839998 0.269361
v 0.169685 1.781529 0.318842
v 0.168271 1.673260 0.399976
v 0.223353 1.879254 0.210768
v 0.304551 1.863006 0.221269
v 0.328337 1.809321 0.307710
v 0.239040 1.821044 0.285291
v 0.431190 1.803336 0.313278
v 0.449459 1.734298 0.423970
v 0.337688 1.705741 0.404073
v 0.240971 1.613822 0.455111
v 0.232353 1.494369 0.555545
v 0.269472 1.879254 0.147290
v 0.345195 1.821044 0.139181
v 0.394111 1.809321 0.217179
v 0.355672 1.781529 0.062852
v 0.291283 1.839998 0.024804
v 0.359489 1.758252 -0.000013
v 0.432399 1.673260 0.036436
v 0.507300 1.613822 0.088540
v 0.515580 1.559671 -0.000018
v 0.600156 1.494369 0.049308
v 0.488647 1.705741 0.196295
v 0.542109 1.734298 0.296447
v 0.355666 1.781567 -0.062930
v 0.289631 1.856210 -0.081233
v 0.345194 1.821050 -0.139194
v 0.423416 1.728940 -0.119330
v 0.269472 1.879254 -0.147290
v 0.394111 1.809321 -0.217179
v 0.542109 1.734298 -0.296447
v 0.488645 1.705756 -0.196313
v 0.507287 1.613910 -0.088650
v 0.585136 1.592617 -0.161487
v 0.447821 1.624780 -0.546335
v 0.577984 1.719796 -0.554208
v 0.576940 1.763502 -0.419172
v 0.321666 1.495312 -0.616407
v 0.427649 1.551257 -0.666021
v 0.394168 1.538902 -0.775285
v 0.492230 1.697402 -0.796800
v 0.543976 1.669317 -0.688109
v 0.670192 1.847486 -0.658266
v 0.713071 1.814436 -0.518076
v -0.027265 1.612617 -0.702827
v 0.106875 1.500760 -0.780223
v 0.198146 1.434493 -0.667181
v -0.220372 1.763502 -0.678234
v -0.141844 1.719796 -0.788094
v -0.272369 1.814436 -0.838265
v -0.155278 1.847486 -0.926477
v -0.019250 1.657193 -0.873884
v 0.138136 1.654332 -0.923621
v 0.249811 1.478282 -0.836053
v -0.391054 1.612617 -0.584625
v -0.348476 1.719796 -0.720955
v -0.560801 1.449935 -0.407446
v -0.545068 1.500760 -0.568393
v -0.703021 1.493673 -0.510774
v -0.654646 1.654332 -0.666031
v -0.498083 1.657193 -0.718302
v -0.418947 1.847486 -0.840806
v -0.676854 1.612617 -0.191255
v -0.709010 1.500760 -0.342747
v -0.713137 1.763502 0.000000
v -0.793354 1.719796 -0.108633
v -0.881404 1.814436 0.000000
v -0.929116 1.847486 -0.138619
v -0.837062 1.657193 -0.251737
v -0.835730 1.654332 -0.416790
v -0.676853 1.612617 0.191255
v -0.793354 1.719796 0.108633
v -0.560801 1.449935 0.407446
v -0.709009 1.500760 0.342747
v -0.703021 1.493673 0.510775
v -0.835730 1.654332 0.416790
v -0.837062 1.657193 0.251737
v -0.929116 1.847486 0.138619
v -0.391054 1.612617 0.584625
v -0.545067 1.500760 0.568394
v -0.220371 1.763502 0.678234
v -0.348476 1.719796 0.720955
v -0.272369 1.814436 0.838265
v -0.418947 1.847486 0.840806
v -0.498083 1.657193 0.718302
v -0.654646 1.654332 0.666031
v -0.027265 1.612617 0.702827
v -0.141843 1.719796 0.788094
v 0.198125 1.434473 0.667191
v 0.106876 1.500760 0.780223
v 0.249786 1.478261 0.836066
v 0.138137 1.654332 0.923621
v -0.019250 1.657193 0.873884
v -0.155278 1.847486 0.926477
v 0.321537 1.495188 0.616471
v 0.301577 1.436571 0.729642
v 0.576940 1.763502 0.419171
v 0.577984 1.719796 0.554208
v 0.447799 1.624760 0.546345
v 0.713071 1.814436 0.518076
v 0.670192 1.847486 0.658266
v 0.543950 1.669297 0.688121
v 0.394017 1.538778 0.775362
v 0.353476 1.599583 0.868614
v 0.657983 1.624760 0.257052
v 0.705690 1.719796 0.378436
v 0.685659 1.495188 0.115300
v 0.698329 1.419031 -0.000024
v 0.787123 1.436571 0.061345
v 0.859171 1.538778 0.135133
v 0.875681 1.462870 -0.000028
v 0.935331 1.599583 0.067759
v 0.822532 1.669297 0.304686
v 0.833149 1.847486 0.433975
v 0.685638 1.495312 -0.115443
v 0.657979 1.624780 -0.257076
v 0.765574 1.551257 -0.200907
v 0.705690 1.719796 -0.378436
v 0.833149 1.847486 -0.433975
v 0.822528 1.669317 -0.304714
v 0.859144 1.538902 -0.135300
v 0.909909 1.697402 -0.221914
v 0.592187 1.910134 -0.774546
v 0.701300 2.150880 -0.698798
v 0.788549 2.018703 -0.572914
v 0.432167 1.816008 -0.869904
v 0.512457 2.062905 -0.848680
v 0.439666 2.279616 -0.893043
v 0.513823 2.501033 -0.854984
v 0.600997 2.321654 -0.796635
v 0.704247 2.530857 -0.703289
v 0.805654 2.370444 -0.585277
v -0.006592 1.901475 -0.972083
v 0.153232 2.038033 -0.977241
v 0.280547 1.772715 -0.934078
v -0.301199 2.018703 -0.926994
v -0.156600 2.150867 -0.977556
v -0.307719 2.370390 -0.947061
v -0.155915 2.530530 -0.983108
v -0.000661 2.317750 -0.995099
v 0.155694 2.492625 -0.983106
v 0.288022 2.260311 -0.957031
v -0.566043 1.901475 -0.790307
v -0.447901 2.150867 -0.882906
v -0.785923 1.783707 -0.571007
v -0.698376 2.038033 -0.700537
v -0.805495 2.265204 -0.585226
v -0.703814 2.492625 -0.703835
v -0.584370 2.317750 -0.805441
v -0.451719 2.530530 -0.886995
v -0.926543 1.901475 -0.294121
v -0.882060 2.038033 -0.447717
v -0.974700 2.018703 0.000000
v -0.978103 2.150867 -0.153146
v -0.995799 2.370390 0.000000
v -0.983172 2.530530 -0.155514
v -0.946600 2.317750 -0.306874
v -0.886877 2.492625 -0.451870
v -0.926543 1.901475 0.294121
v -0.978103 2.150867 0.153146
v -0.785923 1.783707 0.571007
v -0.882060 2.038033 0.447717
v -0.805495 2.265204 0.585226
v -0.886877 2.492625 0.451870
v -0.946600 2.317750 0.306874
v -0.983172 2.530530 0.155514
v -0.566043 1.901475 0.790307
v -0.698375 2.038033 0.700537
v -0.301199 2.018703 0.926994
v -0.447901 2.150867 0.882907
v -0.307719 2.370390 0.947061
v -0.451719 2.530530 0.886996
v -0.584370 2.317750 0.805441
v -0.703814 2.492625 0.703835
v -0.006592 1.901475 0.972083
v -0.156600 2.150867 0.977556
v 0.280521 1.772700 0.934091
v 0.153233 2.038033 0.977241
v 0.287996 2.260304 0.957045
v 0.155694 2.492625 0.983106
v -0.000661 2.317750 0.995099
v -0.155914 2.530530 0.983108
v 0.432009 1.815920 0.869986
v 0.371631 2.006431 0.921321
v 0.788549 2.018703 0.572914
v 0.701300 2.150880 0.698798
v 0.592161 1.910119 0.774560
v 0.805654 2.370444 0.585277
v 0.704247 2.530857 0.703289
v 0.600971 2.321648 0.796649
v 0.439508 2.279577 0.893125
v 0.373352 2.482035 0.927260
v 0.919638 1.910119 0.323826
v 0.881322 2.150880 0.451017
v 0.960904 1.815920 0.142024
v 0.978660 1.761708 -0.000029
v 0.991069 2.006447 0.068735
v 0.985235 2.279619 0.141982
v 1.002749 2.255482 -0.000029
v 0.997184 2.481513 0.068646
v 0.943391 2.321650 0.325324
v 0.886811 2.533381 0.452050
v 0.960875 1.816008 -0.142200
v 0.919633 1.910133 -0.323856
v 0.965504 2.062910 -0.225110
v 0.881322 2.150880 -0.451017
v 0.886811 2.533381 -0.452051
v 0.943386 2.321657 -0.325353
v 0.985207 2.279659 -0.142158
v 0.971707 2.504084 -0.224817
v 0.111176 1.885081 -0.209308
v 0.157395 1.892336 -0.191777
v 0.111725 1.903252 -0.160251
v 0.196902 1.899408 -0.143058
v 0.137735 1.905117 -0.137787
v 0.075848 1.907660 -0.104945
v 0.114473 1.907453 -0.083169
v -0.009982 1.891638 -0.245847
v -0.027234 1.905095 -0.186762
v -0.075210 1.899408 -0.231472
v 0.065676 1.881589 -0.222524
v 0.018361 1.902459 -0.183956
v -0.033672 1.907389 -0.103632
v 0.025490 1.907547 -0.098174
v -0.136429 1.891638 -0.204762
v -0.122981 1.902459 -0.138031
v -0.187940 1.882476 -0.136546
v -0.087743 1.905095 -0.167102
v -0.086428 1.907576 -0.062794
v -0.236899 1.891638 -0.066477
v -0.186037 1.905095 -0.031812
v -0.243384 1.899408 -0.000000
v -0.169278 1.902459 -0.074308
v -0.108965 1.907389 -0.000000
v -0.236899 1.891638 0.066477
v -0.169278 1.902459 0.074308
v -0.187940 1.882476 0.136546
v -0.186037 1.905095 0.031812
v -0.086428 1.907576 0.062794
v -0.136429 1.891638 0.204762
v -0.087743 1.905095 0.167102
v -0.075210 1.899408 0.231472
v -0.122981 1.902459 0.138031
v -0.033672 1.907389 0.103631
v -0.009982 1.891638 0.245847
v 0.018361 1.902459 0.183956
v 0.065667 1.881588 0.222526
v -0.027234 1.905095 0.186762
v 0.025479 1.907547 0.098169
v 0.157387 1.892335 0.191779
v 0.137725 1.905117 0.137783
v 0.196902 1.899408 0.143058
v 0.069815 1.901452 0.158807
v 0.111127 1.885074 0.209321
v 0.054699 1.907307 0.039741
v 0.075788 1.907660 0.104917
v 0.233416 1.885074 0.041004
v 0.172609 1.901452 0.017324
v 0.231549 1.880701 -0.000008
v 0.173599 1.905117 0.088407
v 0.231027 1.892335 0.090421
v 0.095652 1.907518 -0.000008
v 0.123202 1.907660 0.039657
v 0.231028 1.892336 -0.090429
v 0.173606 1.905117 -0.088415
v 0.233419 1.885081 -0.041055
v 0.186933 1.903252 -0.056736
v 0.123247 1.907660 -0.039706
v 0.600681 2.617861 -0.796724
v 0.705285 2.698830 -0.700927
v 0.806375 2.639334 -0.583603
v 0.439410 2.602262 -0.893303
v 0.513720 2.679034 -0.855077
v 0.513260 3.261417 -0.854292
v 0.437817 3.390379 -0.890051
v 0.509021 3.529992 -0.847239
v 0.613202 3.389757 -0.779305
v 0.723026 3.267648 -0.677675
v 0.716174 3.521296 -0.674878
v 0.796348 3.464245 -0.594221
v 0.787986 3.435066 -0.611305
v 0.785136 3.403436 -0.618714
v 0.786118 3.370839 -0.618582
v 0.790865 3.339498 -0.610918
v 0.800965 3.311326 -0.593617
v -0.000000 2.616128 -0.995160
v 0.155806 2.673959 -0.983120
v 0.288114 2.595188 -0.957112
v -0.307711 2.635288 -0.947037
v -0.155806 2.696700 -0.983120
v -0.155664 3.261414 -0.982223
v -0.306591 3.390430 -0.943590
v -0.154376 3.530159 -0.974101
v -0.000000 3.390429 -0.991538
v 0.155664 3.261414 -0.982223
v 0.154376 3.530159 -0.974101
v 0.287067 3.390424 -0.953628
v -0.584940 2.616128 -0.805101
v -0.451814 2.696700 -0.886941
v -0.805598 2.596969 -0.585301
v -0.703913 2.673959 -0.703780
v -0.703271 3.261414 -0.703138
v -0.802665 3.390430 -0.583170
v -0.697455 3.530159 -0.697324
v -0.582811 3.390429 -0.802171
v -0.451402 3.261414 -0.886132
v -0.447669 3.530159 -0.878804
v -0.946453 2.616128 -0.307521
v -0.886856 2.673959 -0.451981
v -0.995773 2.635288 0.000000
v -0.983150 2.696700 -0.155621
v -0.982252 3.261414 -0.155479
v -0.992149 3.390430 0.000000
v -0.974130 3.530159 -0.154193
v -0.943008 3.390429 -0.306402
v -0.886047 3.261414 -0.451568
v -0.878720 3.530159 -0.447834
v -0.946453 2.616128 0.307521
v -0.983149 2.696700 0.155621
v -0.805598 2.596969 0.585301
v -0.886856 2.673959 0.451981
v -0.886047 3.261414 0.451569
v -0.802665 3.390430 0.583170
v -0.878720 3.530159 0.447834
v -0.943008 3.390429 0.306402
v -0.982252 3.261414 0.155479
v -0.974130 3.530159 0.154193
v -0.584940 2.616128 0.805101
v -0.703913 2.673959 0.703781
v -0.307711 2.635288 0.947037
v -0.451814 2.696700 0.886941
v -0.451402 3.261414 0.886132
v -0.306591 3.390430 0.943590
v -0.447669 3.530159 0.878804
v -0.582811 3.390429 0.802171
v -0.703271 3.261414 0.703138
v -0.697455 3.530159 0.697324
v 0.000000 2.616128 0.995160
v -0.155806 2.696700 0.983120
v 0.288088 2.595186 0.957126
v 0.155806 2.673959 0.983120
v 0.155664 3.261414 0.982223
v 0.287040 3.390424 0.953642
v 0.154376 3.530159 0.974101
v 0.000000 3.390429 0.991538
v -0.155664 3.261414 0.982223
v -0.154376 3.530159 0.974101
v 0.439252 2.602247 0.893384
v 0.373324 2.667609 0.927297
v 0.806375 2.639334 0.583603
v 0.705285 2.698830 0.700927
v 0.600655 2.617859 0.796738
v 0.723026 3.267648 0.677674
v 0.801986 3.311332 0.593870
v 0.791867 3.339507 0.611196
v 0.787121 3.370848 0.618860
v 0.786139 3.403444 0.618992
v 0.788989 3.435075 0.611583
v 0.797368 3.464260 0.594474
v 0.716174 3.521296 0.674878
v 0.613176 3.389757 0.779319
v 0.372985 3.261415 0.926450
v 0.437660 3.390379 0.890132
v 0.369903 3.530109 0.918792
v 0.942758 2.633515 0.326235
v 0.888513 2.728062 0.453016
v 0.945496 2.982940 0.132785
v 0.953303 2.902544 0.081924
v 0.958551 2.963384 -0.000435
v 0.967507 3.034420 0.049608
v 0.979027 3.386941 0.142584
v 0.998135 3.272298 0.052369
v 0.998907 3.390041 0.000385
v 0.986039 3.526726 0.070023
v 0.946094 2.985581 -0.123559
v 0.936593 2.986635 -0.211323
v 0.936154 3.045384 -0.225347
v 0.951187 3.048300 -0.153579
v 0.888513 2.727514 -0.450263
v 0.942753 2.633521 -0.326265
v 0.979497 3.386741 -0.140130
v 0.976004 3.273373 -0.177328
v 0.958351 3.279704 -0.268097
v 0.948872 3.312606 -0.304362
v 0.956308 3.341388 -0.286980
v 0.959158 3.373019 -0.279572
v 0.958176 3.405616 -0.279703
v 0.953430 3.436956 -0.287367
v 0.944254 3.465526 -0.304966
v 0.954971 3.517328 -0.243628
v 0.153965 4.439879 -0.154527
v 0.102339 4.445593 -0.136132
v 0.087330 4.448472 -0.091467
v 0.132481 4.445607 -0.096254
v 0.074028 4.445601 -0.148611
v 0.070533 4.448465 -0.108083
v 0.113453 4.439878 -0.188255
v 0.047510 4.449446 -0.068021
v 0.072197 4.449447 -0.052455
v 0.033731 4.439879 -0.215513
v -0.000000 4.445595 -0.169255
v 0.014978 4.448474 -0.121755
v 0.046981 4.445609 -0.156755
v -0.050603 4.445607 -0.155741
v -0.014978 4.448474 -0.121755
v -0.033731 4.439879 -0.215513
v 0.016658 4.449457 -0.063274
v -0.021289 4.449454 -0.065520
v -0.099386 4.439879 -0.194181
v -0.099486 4.445595 -0.136931
v -0.059448 4.448474 -0.107306
v -0.132481 4.445607 -0.096254
v -0.083683 4.448474 -0.089698
v -0.153965 4.439879 -0.154527
v -0.055734 4.449454 -0.040493
v -0.194542 4.439879 -0.098678
v -0.160971 4.445595 -0.052303
v -0.111167 4.448474 -0.051869
v -0.163756 4.445607 0.000000
v -0.120424 4.448474 -0.023380
v -0.215389 4.439879 -0.034517
v -0.068891 4.449454 -0.000000
v -0.215389 4.439879 0.034517
v -0.160971 4.445595 0.052303
v -0.120424 4.448474 0.023379
v -0.132481 4.445607 0.096253
v -0.111167 4.448474 0.051869
v -0.194542 4.439879 0.098678
v -0.055734 4.449454 0.040493
v -0.153965 4.439879 0.154527
v -0.099486 4.445595 0.136930
v -0.083683 4.448474 0.089698
v -0.050603 4.445607 0.155741
v -0.059448 4.448474 0.107306
v -0.099386 4.439879 0.194180
v -0.021289 4.449454 0.065520
v -0.033731 4.439879 0.215513
v -0.000000 4.445595 0.169255
v -0.014978 4.448474 0.121755
v 0.046976 4.445609 0.156756
v 0.014978 4.448474 0.121755
v 0.033731 4.439879 0.215513
v 0.016652 4.449457 0.063271
v 0.081505 4.439881 0.201713
v 0.073999 4.445601 0.148619
v 0.045358 4.448484 0.106318
v 0.132481 4.445607 0.096253
v 0.087324 4.448472 0.091464
v 0.102334 4.445593 0.136133
v 0.153964 4.439879 0.154527
v 0.047473 4.449446 0.068002
v 0.034807 4.449464 0.025289
v 0.194541 4.439879 0.098677
v 0.161093 4.445593 0.055258
v 0.113972 4.448472 0.054786
v 0.163445 4.445610 -0.000005
v 0.115131 4.448484 0.010284
v 0.164211 4.445601 0.024451
v 0.217027 4.439881 0.015183
v 0.079344 4.449446 0.024136
v 0.061753 4.449460 -0.000005
v 0.164213 4.445601 -0.024482
v 0.214100 4.439878 -0.049726
v 0.161094 4.445593 -0.055263
v 0.124588 4.448465 -0.033681
v 0.113977 4.448472 -0.054791
v 0.194541 4.439879 -0.098678
v 0.079373 4.449446 -0.024166
v 0.338690 4.396340 -0.246073
v 0.309092 4.416153 -0.157484
v 0.396727 4.396342 -0.136492
v 0.437221 4.370092 -0.222828
v 0.225531 4.430364 -0.163858
v 0.265306 4.430365 -0.091246
v 0.276277 4.430365 -0.039909
v 0.338856 4.416154 -0.078187
v 0.414278 4.396341 -0.059598
v 0.479208 4.370092 -0.110526
v 0.557622 4.249563 -0.405136
v 0.558475 4.296238 -0.284624
v 0.653198 4.249559 -0.224728
v 0.664973 4.196969 -0.338899
v 0.453593 4.336570 -0.329554
v 0.531334 4.336569 -0.182802
v 0.554829 4.336570 -0.079820
v 0.612109 4.296236 -0.141180
v 0.682078 4.249562 -0.098127
v 0.728834 4.196967 -0.168102
v 0.795686 3.636425 -0.568064
v 0.859183 3.758739 -0.438396
v 0.922626 3.637124 -0.329199
v 0.909681 3.543233 -0.378672
v 0.895494 3.559666 -0.406881
v 0.881065 3.567562 -0.435040
v 0.866390 3.567002 -0.464158
v 0.852469 3.558025 -0.492249
v 0.838377 3.540572 -0.520039
v 0.763452 3.863940 -0.554683
v 0.817243 3.937907 -0.416502
v 0.894311 3.863919 -0.307662
v 0.895731 3.937894 -0.206591
v 0.933863 3.863857 -0.134335
v 0.939141 3.773481 -0.219365
v 0.963992 3.656197 -0.145444
v 0.715552 4.008768 -0.519879
v 0.752275 4.075945 -0.383392
v 0.838197 4.008761 -0.288376
v 0.646063 4.138891 -0.469392
v 0.756798 4.138885 -0.260371
v 0.790258 4.138889 -0.113690
v 0.824520 4.075942 -0.190172
v 0.875257 4.008765 -0.125918
v 0.245291 4.416153 -0.245299
v 0.168765 4.430365 -0.224124
v 0.347031 4.370092 -0.346965
v 0.252407 4.396342 -0.335132
v 0.253200 4.370092 -0.421599
v 0.184699 4.396341 -0.375585
v 0.179073 4.416154 -0.298111
v 0.123330 4.430365 -0.250423
v 0.443271 4.296238 -0.443188
v 0.338047 4.336569 -0.448840
v 0.527800 4.196969 -0.527701
v 0.415578 4.249559 -0.551783
v 0.385097 4.196967 -0.641216
v 0.304098 4.249562 -0.618372
v 0.323422 4.296236 -0.538523
v 0.247365 4.336570 -0.503009
v 0.597093 4.075945 -0.596981
v 0.481491 4.138885 -0.639299
v 0.648669 3.937909 -0.648532
v 0.533279 4.008761 -0.708060
v 0.473295 3.937916 -0.788032
v 0.390224 4.008765 -0.793508
v 0.435655 4.075942 -0.725399
v 0.352329 4.138889 -0.716448
v 0.681829 3.773891 -0.679325
v 0.569047 3.863947 -0.755401
v 0.590193 3.659649 -0.780814
v 0.431291 3.661390 -0.876779
v 0.496992 3.775567 -0.827246
v 0.416383 3.864012 -0.846580
v 0.080581 4.430364 -0.267828
v 0.054261 4.416153 -0.342630
v -0.000000 4.430365 -0.279662
v 0.121126 4.396340 -0.402395
v 0.076813 4.370092 -0.484680
v -0.000000 4.396342 -0.418374
v -0.076813 4.370092 -0.484680
v -0.129368 4.396340 -0.398155
v -0.054261 4.416153 -0.342630
v -0.086145 4.430364 -0.265128
v 0.162218 4.336570 -0.538908
v 0.098115 4.296238 -0.619095
v -0.000000 4.336569 -0.560325
v 0.199421 4.249564 -0.662502
v 0.116824 4.196969 -0.737152
v -0.000000 4.249559 -0.688836
v -0.116824 4.196969 -0.737152
v -0.212993 4.249563 -0.655524
v -0.098115 4.296238 -0.619095
v -0.173257 4.336570 -0.533230
v 0.231050 4.138892 -0.767578
v 0.132161 4.075945 -0.833930
v -0.000000 4.138885 -0.798089
v 0.255902 4.008769 -0.850137
v 0.143574 3.937942 -0.905945
v -0.000000 4.008761 -0.883930
v -0.143575 3.937942 -0.905945
v -0.273317 4.008768 -0.841182
v -0.132162 4.075945 -0.833930
v -0.246774 4.138892 -0.759492
v 0.273030 3.864066 -0.907018
v 0.150729 3.775733 -0.951089
v -0.000000 3.864068 -0.943072
v 0.282784 3.661498 -0.939399
v -0.000000 3.661510 -0.976742
v -0.302016 3.661512 -0.929509
v -0.150729 3.775733 -0.951089
v -0.291605 3.864073 -0.897466
v -0.157494 4.416153 -0.309087
v -0.164381 4.430365 -0.226252
v -0.222744 4.370092 -0.437264
v -0.245914 4.396342 -0.338472
v -0.347031 4.370092 -0.346964
v -0.338690 4.396340 -0.246073
v -0.245291 4.416153 -0.245299
v -0.225531 4.430364 -0.163858
v -0.284519 4.296238 -0.558529
v -0.329351 4.336569 -0.453312
v -0.338775 4.196969 -0.665036
v -0.404888 4.249559 -0.557280
v -0.527800 4.196969 -0.527701
v -0.557622 4.249563 -0.405136
v -0.443271 4.296238 -0.443188
v -0.453593 4.336570 -0.329554
v -0.383251 4.075945 -0.752346
v -0.469105 4.138885 -0.645668
v -0.416347 3.937942 -0.817316
v -0.519561 4.008761 -0.715114
v -0.648655 3.937942 -0.648534
v -0.715552 4.008768 -0.519879
v -0.597093 4.075945 -0.596981
v -0.646063 4.138892 -0.469392
v -0.437094 3.775733 -0.858043
v -0.554324 3.864068 -0.762962
v -0.574115 3.661510 -0.790201
v -0.790688 3.661512 -0.574468
v -0.680979 3.775733 -0.680851
v -0.763431 3.864073 -0.554665
v -0.309092 4.416153 -0.157484
v -0.265975 4.430365 -0.086420
v -0.437221 4.370092 -0.222828
v -0.397898 4.396342 -0.129285
v -0.484695 4.370092 -0.076720
v -0.418644 4.396340 0.000000
v -0.342628 4.416153 -0.054273
v -0.278772 4.430364 0.000000
v -0.558475 4.296238 -0.284623
v -0.532901 4.336569 -0.173150
v -0.664973 4.196969 -0.338899
v -0.655122 4.249559 -0.212862
v -0.737174 4.196969 -0.116686
v -0.689258 4.249563 0.000000
v -0.619114 4.296238 -0.097998
v -0.560672 4.336570 0.000000
v -0.752275 4.075945 -0.383392
v -0.759028 4.138885 -0.246623
v -0.817238 3.937942 -0.416500
v -0.840667 4.008761 -0.273149
v -0.905972 3.937942 -0.143405
v -0.884471 4.008768 0.000000
v -0.833955 4.075945 -0.132006
v -0.798577 4.138892 0.000000
v -0.857961 3.775733 -0.437255
v -0.896915 3.864068 -0.291425
v -0.928937 3.661510 -0.301830
v -0.977344 3.661512 0.000000
v -0.951117 3.775733 -0.150551
v -0.943652 3.864073 0.000000
v -0.342628 4.416153 0.054273
v -0.265975 4.430365 0.086420
v -0.484695 4.370092 0.076721
v -0.397897 4.396342 0.129285
v -0.437221 4.370092 0.222828
v -0.338690 4.396340 0.246073
v -0.309092 4.416153 0.157484
v -0.225531 4.430364 0.163858
v -0.619114 4.296238 0.097998
v -0.532900 4.336569 0.173150
v -0.737174 4.196969 0.116686
v -0.655122 4.249559 0.212862
v -0.664973 4.196969 0.338899
v -0.557622 4.249563 0.405136
v -0.558475 4.296238 0.284624
v -0.453593 4.336570 0.329554
v -0.833955 4.075945 0.132006
v -0.759028 4.138885 0.246623
v -0.905972 3.937942 0.143405
v -0.840667 4.008761 0.273149
v -0.817238 3.937942 0.416500
v -0.715552 4.008768 0.519879
v -0.752275 4.075945 0.383392
v -0.646063 4.138892 0.469392
v -0.951117 3.775733 0.150551
v -0.896915 3.864068 0.291425
v -0.928937 3.661510 0.301830
v -0.790688 3.661512 0.574468
v -0.857961 3.775733 0.437255
v -0.763430 3.864072 0.554665
v -0.245291 4.416153 0.245299
v -0.164381 4.430365 0.226251
v -0.347031 4.370092 0.346965
v -0.245914 4.396342 0.338472
v -0.222744 4.370092 0.437264
v -0.129368 4.396340 0.398154
v -0.157494 4.416153 0.309087
v -0.086145 4.430364 0.265128
v -0.443271 4.296238 0.443188
v -0.329351 4.336569 0.453312
v -0.527800 4.196969 0.527701
v -0.404888 4.249559 0.557280
v -0.338775 4.196969 0.665036
v -0.212993 4.249563 0.655524
v -0.284519 4.296238 0.558529
v -0.173257 4.336570 0.533230
v -0.597093 4.075945 0.596981
v -0.469105 4.138885 0.645668
v -0.648655 3.937942 0.648534
v -0.519561 4.008761 0.715114
v -0.416347 3.937942 0.817316
v -0.273317 4.008768 0.841182
v -0.383251 4.075945 0.752346
v -0.246774 4.138892 0.759492
v -0.680979 3.775732 0.680851
v -0.554324 3.864068 0.762962
v -0.574115 3.661510 0.790201
v -0.302016 3.661512 0.929509
v -0.437093 3.775733 0.858043
v -0.291604 3.864073 0.897466
v -0.054261 4.416153 0.342629
v -0.000000 4.430365 0.279662
v -0.076813 4.370092 0.484680
v -0.000000 4.396342 0.418374
v 0.076813 4.370092 0.484680
v 0.121115 4.396340 0.402400
v 0.054261 4.416153 0.342629
v 0.080573 4.430364 0.267832
v -0.098115 4.296238 0.619095
v -0.000000 4.336569 0.560325
v -0.116824 4.196969 0.737152
v 0.000000 4.249559 0.688836
v 0.116824 4.196969 0.737152
v 0.199403 4.249564 0.662512
v 0.098115 4.296238 0.619095
v 0.162203 4.336570 0.538915
v -0.132161 4.075945 0.833930
v 0.000000 4.138885 0.798089
v -0.143575 3.937942 0.905945
v 0.000000 4.008761 0.883929
v 0.143575 3.937942 0.905945
v 0.255878 4.008769 0.850149
v 0.132161 4.075945 0.833930
v 0.231029 4.138892 0.767588
v -0.150729 3.775733 0.951089
v 0.000000 3.864068 0.943072
v 0.000000 3.661510 0.976742
v 0.282758 3.661498 0.939412
v 0.150729 3.775733 0.951089
v 0.273005 3.864066 0.907031
v 0.130064 4.416152 0.323040
v 0.123285 4.430365 0.250445
v 0.184030 4.370092 0.457176
v 0.184633 4.396341 0.375619
v 0.252396 4.396342 0.335137
v 0.347031 4.370092 0.346964
v 0.338690 4.396340 0.246073
v 0.245291 4.416153 0.245299
v 0.168757 4.430365 0.224128
v 0.225531 4.430364 0.163858
v 0.235066 4.296239 0.583960
v 0.247276 4.336570 0.503054
v 0.279891 4.196972 0.695315
v 0.303988 4.249562 0.618428
v 0.415560 4.249559 0.551792
v 0.527800 4.196969 0.527701
v 0.557622 4.249563 0.405136
v 0.443271 4.296238 0.443188
v 0.338032 4.336569 0.448848
v 0.453593 4.336570 0.329554
v 0.316637 4.075949 0.786601
v 0.352202 4.138889 0.716513
v 0.343987 3.937938 0.854526
v 0.390084 4.008765 0.793580
v 0.533256 4.008761 0.708072
v 0.648669 3.937909 0.648532
v 0.715552 4.008768 0.519879
v 0.597093 4.075945 0.596981
v 0.481470 4.138885 0.639309
v 0.646062 4.138892 0.469392
v 0.361163 3.775685 0.897093
v 0.416233 3.864012 0.846657
v 0.431136 3.661391 0.876858
v 0.590167 3.659650 0.780827
v 0.795686 3.636425 0.568064
v 0.681829 3.773891 0.679324
v 0.569022 3.863947 0.755413
v 0.763452 3.863940 0.554683
v 0.309092 4.416153 0.157484
v 0.265307 4.430365 0.091238
v 0.437221 4.370092 0.222828
v 0.396729 4.396342 0.136479
v 0.414290 4.396341 0.059524
v 0.491669 4.370092 0.033748
v 0.421618 4.396339 -0.000012
v 0.347421 4.416152 0.023874
v 0.276284 4.430365 0.039859
v 0.280471 4.430364 -0.000008
v 0.558475 4.296238 0.284623
v 0.531337 4.336569 0.182786
v 0.664973 4.196969 0.338899
v 0.653201 4.249559 0.224708
v 0.682097 4.249562 0.098005
v 0.747775 4.196972 0.051328
v 0.694148 4.249564 -0.000020
v 0.628018 4.296239 0.043108
v 0.554845 4.336570 0.079721
v 0.564650 4.336571 -0.000016
v 0.752275 4.075945 0.383392
v 0.756802 4.138885 0.260348
v 0.817243 3.937907 0.416502
v 0.838201 4.008761 0.288350
v 0.875282 4.008765 0.125762
v 0.919013 3.937884 0.063080
v 0.890746 4.008770 -0.000026
v 0.845948 4.075949 0.058067
v 0.790281 4.138889 0.113549
v 0.804243 4.138893 -0.000023
v 0.859183 3.758738 0.438396
v 0.894315 3.863919 0.307634
v 0.839434 3.540600 0.520241
v 0.853544 3.558059 0.492425
v 0.867465 3.567037 0.464334
v 0.882140 3.567596 0.435216
v 0.896569 3.559701 0.407057
v 0.910767 3.543261 0.378820
v 0.922632 3.637125 0.329169
v 0.964024 3.656203 0.145264
v 0.983561 3.659848 -0.000030
v 0.964481 3.774723 0.066981
v 0.933890 3.863857 0.134169
v 0.950396 3.863815 -0.000028
v 0.320148 1.913059 -0.232601
v 0.333155 1.855027 -0.333184
v 0.233494 1.860608 -0.321377
v 0.229596 1.929366 -0.230510
v 0.213927 1.743131 -0.419809
v 0.122286 1.808157 -0.376357
v 0.148279 1.894398 -0.289591
v 0.322201 1.737550 -0.443472
v 0.284427 1.591864 -0.558356
v 0.169502 1.622158 -0.521672
v 0.443761 1.852942 -0.322411
v 0.443136 1.780688 -0.443047
v 0.073687 1.743131 -0.465375
v -0.000000 1.860608 -0.397244
v 0.050257 1.894398 -0.321440
v -0.073687 1.855027 -0.465375
v -0.122286 1.913059 -0.376357
v -0.050257 1.929366 -0.321440
v -0.000000 1.737550 -0.548161
v -0.098088 1.780688 -0.618901
v -0.169502 1.852942 -0.521672
v 0.098088 1.591864 -0.618901
v -0.213927 1.855027 -0.419808
v -0.233494 1.860608 -0.321377
v -0.148279 1.929366 -0.289591
v -0.333155 1.743131 -0.333184
v -0.320148 1.808157 -0.232601
v -0.229597 1.894398 -0.230510
v -0.322201 1.737550 -0.443471
v -0.443136 1.591864 -0.443047
v -0.443761 1.622158 -0.322411
v -0.284427 1.780688 -0.558356
v -0.419827 1.743131 -0.213889
v -0.377801 1.860608 -0.122755
v -0.290177 1.894398 -0.147128
v -0.465369 1.855027 -0.073728
v -0.395725 1.913059 0.000000
v -0.321238 1.929366 -0.051533
v -0.521332 1.737550 -0.169391
v -0.618921 1.780688 -0.097964
v -0.548519 1.852942 0.000000
v -0.558300 1.591864 -0.284538
v -0.465369 1.855027 0.073728
v -0.377801 1.860608 0.122755
v -0.321238 1.929366 0.051533
v -0.419827 1.743131 0.213889
v -0.320148 1.808157 0.232601
v -0.290177 1.894398 0.147128
v -0.521332 1.737550 0.169391
v -0.558300 1.591864 0.284538
v -0.443761 1.622158 0.322411
v -0.618921 1.780688 0.097964
v -0.333155 1.743131 0.333184
v -0.233494 1.860608 0.321377
v -0.229596 1.894398 0.230510
v -0.213927 1.855027 0.419808
v -0.122286 1.913059 0.376357
v -0.148279 1.929366 0.289591
v -0.322201 1.737550 0.443471
v -0.284427 1.780688 0.558356
v -0.169502 1.852942 0.521672
v -0.443136 1.591864 0.443047
v -0.073687 1.855027 0.465375
v 0.000000 1.860608 0.397244
v -0.050257 1.929366 0.321440
v 0.073687 1.743131 0.465375
v 0.122286 1.808157 0.376357
v 0.050257 1.894398 0.321440
v 0.000000 1.737550 0.548161
v 0.098088 1.591864 0.618901
v 0.169502 1.622158 0.521672
v -0.098088 1.780688 0.618901
v 0.213927 1.743131 0.419808
v 0.233494 1.860608 0.321377
v 0.148279 1.894398 0.289591
v 0.333155 1.855027 0.333184
v 0.320148 1.913059 0.232601
v 0.229596 1.929366 0.230510
v 0.322201 1.737550 0.443471
v 0.443136 1.780688 0.443047
v 0.443761 1.852942 0.322411
v 0.284427 1.591864 0.558356
v 0.419827 1.855027 0.213889
v 0.377801 1.860608 0.122755
v 0.290177 1.929366 0.147128
v 0.465368 1.743131 0.073728
v 0.395725 1.808157 -0.000000
v 0.321238 1.894398 0.051533
v 0.521332 1.737550 0.169391
v 0.618921 1.591864 0.097964
v 0.548519 1.622158 -0.000000
v 0.558299 1.780688 0.284538
v 0.465368 1.743131 -0.073728
v 0.377801 1.860608 -0.122755
v 0.321238 1.894398 -0.051533
v 0.419827 1.855027 -0.213889
v 0.290177 1.929366 -0.147128
v 0.521332 1.737550 -0.169391
v 0.558299 1.780688 -0.284538
v 0.618921 1.591864 -0.097964
v 0.570550 1.812864 -0.414529
v 0.550458 1.762517 -0.550348
v 0.414258 1.655511 -0.570178
v 0.353311 1.545720 -0.693583
v 0.217931 1.498158 -0.670722
v 0.494808 1.690960 -0.681046
v 0.404419 1.680487 -0.793913
v 0.260306 1.533607 -0.801140
v 0.681490 1.848314 -0.495132
v 0.630084 1.869311 -0.629958
v 0.121843 1.545720 -0.768792
v -0.000000 1.655511 -0.704778
v -0.121843 1.762518 -0.768792
v -0.217931 1.812864 -0.670722
v -0.000000 1.690960 -0.841819
v -0.139468 1.869311 -0.880000
v -0.260306 1.848314 -0.801140
v 0.139468 1.680487 -0.880001
v -0.353311 1.762517 -0.693583
v -0.414258 1.655511 -0.570178
v -0.550458 1.545720 -0.550348
v -0.570550 1.498158 -0.414529
v -0.494809 1.690960 -0.681045
v -0.630084 1.680487 -0.629958
v -0.681490 1.533607 -0.495132
v -0.404419 1.869311 -0.793913
v -0.693513 1.545720 -0.353449
v -0.670284 1.655511 -0.217788
v -0.768816 1.762518 -0.121690
v -0.705238 1.812864 0.000000
v -0.800617 1.690960 -0.260136
v -0.880028 1.869311 -0.139293
v -0.842368 1.848314 0.000000
v -0.793832 1.680487 -0.404577
v -0.768816 1.762517 0.121690
v -0.670284 1.655511 0.217789
v -0.693513 1.545720 0.353449
v -0.570550 1.498158 0.414529
v -0.800617 1.690960 0.260136
v -0.793832 1.680487 0.404577
v -0.681490 1.533607 0.495132
v -0.880028 1.869311 0.139293
v -0.550458 1.545720 0.550348
v -0.414258 1.655511 0.570178
v -0.353311 1.762518 0.693583
v -0.217931 1.812864 0.670722
v -0.494808 1.690960 0.681046
v -0.404419 1.869311 0.793913
v -0.260306 1.848314 0.801140
v -0.630084 1.680487 0.629958
v -0.121843 1.762517 0.768792
v 0.000000 1.655511 0.704778
v 0.121843 1.545720 0.768792
v 0.217931 1.498158 0.670722
v 0.000000 1.690960 0.841818
v 0.139468 1.680487 0.880000
v 0.260306 1.533607 0.801140
v -0.139468 1.869311 0.880001
v 0.353311 1.545720 0.693583
v 0.414258 1.655511 0.570178
v 0.550458 1.762518 0.550348
v 0.570550 1.812864 0.414529
v 0.494808 1.690960 0.681045
v 0.630084 1.869311 0.629958
v 0.681490 1.848314 0.495132
v 0.404419 1.680487 0.793913
v 0.693513 1.762517 0.353449
v 0.670284 1.655511 0.217788
v 0.768816 1.545720 0.121690
v 0.705238 1.498158 -0.000000
v 0.800617 1.690960 0.260136
v 0.880028 1.680487 0.139293
v 0.842368 1.533607 -0.000000
v 0.793832 1.869311 0.404577
v 0.768816 1.545720 -0.121690
v 0.670284 1.655511 -0.217789
v 0.693513 1.762518 -0.353449
v 0.273667 1.848112 -0.256763
v 0.203652 1.799444 -0.304717
v 0.288130 1.655498 -0.433087
v 0.387036 1.768696 -0.363415
v 0.044054 1.784572 -0.359137
v -0.070480 1.848111 -0.368582
v -0.099509 1.768696 -0.521503
v 0.063877 1.620902 -0.511514
v -0.159628 1.848112 -0.339616
v -0.246736 1.784572 -0.264654
v -0.352338 1.620902 -0.376277
v -0.226028 1.768696 -0.480395
v -0.327947 1.784572 -0.152877
v -0.372322 1.848111 -0.046868
v -0.526729 1.768696 -0.066515
v -0.466739 1.620902 -0.218817
v -0.372322 1.848112 0.046868
v -0.327946 1.784572 0.152877
v -0.466739 1.620902 0.218817
v -0.526729 1.768696 0.066515
v -0.246736 1.784572 0.264654
v -0.159628 1.848111 0.339616
v -0.226028 1.768696 0.480395
v -0.352338 1.620902 0.376277
v -0.070480 1.848112 0.368582
v 0.044054 1.784572 0.359137
v 0.063877 1.620902 0.511514
v -0.099509 1.768696 0.521503
v 0.139613 1.765669 0.331348
v 0.273667 1.848111 0.256763
v 0.387036 1.768696 0.363415
v 0.199220 1.576925 0.474609
v 0.328763 1.848112 0.180928
v 0.358273 1.765669 0.030388
v 0.512942 1.576925 0.042808
v 0.465229 1.768696 0.255792
v 0.352735 1.799444 -0.099522
v 0.328763 1.848111 -0.180928
v 0.465229 1.768696 -0.255792
v 0.500927 1.655498 -0.140196
v 0.515300 1.714190 -0.489465
v 0.382499 1.553800 -0.586410
v 0.465071 1.597199 -0.738915
v 0.630936 1.762545 -0.612507
v 0.090843 1.505145 -0.689686
v -0.129186 1.714190 -0.698871
v -0.150415 1.762545 -0.866384
v 0.123574 1.548703 -0.860964
v -0.306272 1.714190 -0.641332
v -0.478881 1.505145 -0.504571
v -0.606036 1.548703 -0.623899
v -0.387559 1.762545 -0.789331
v -0.627858 1.505145 -0.299522
v -0.704586 1.714190 -0.093100
v -0.870461 1.762545 -0.124674
v -0.780639 1.548703 -0.383579
v -0.704586 1.714190 0.093100
v -0.627858 1.505145 0.299522
v -0.780639 1.548703 0.383579
v -0.870461 1.762545 0.124674
v -0.478881 1.505145 0.504571
v -0.306272 1.714190 0.641332
v -0.387559 1.762545 0.789331
v -0.606036 1.548703 0.623900
v -0.129186 1.714190 0.698871
v 0.090843 1.505145 0.689686
v 0.123575 1.548703 0.860964
v -0.150415 1.762545 0.866384
v 0.267565 1.443297 0.643085
v 0.515300 1.714190 0.489465
v 0.630936 1.762545 0.612507
v 0.331111 1.487056 0.807630
v 0.624745 1.714190 0.338826
v 0.694292 1.443297 0.055745
v 0.870421 1.487056 0.065334
v 0.777499 1.762545 0.410780
v 0.675908 1.553800 -0.182568
v 0.624745 1.714190 -0.338826
v 0.777499 1.762545 -0.410780
v 0.846464 1.597199 -0.213972
v 0.691789 1.979672 -0.685387
v 0.506591 1.857642 -0.831385
v 0.514135 2.298176 -0.854699
v 0.704297 2.352888 -0.703428
v 0.147757 1.823008 -0.959904
v -0.156809 1.979672 -0.961113
v -0.156240 2.352836 -0.983071
v 0.155357 2.282712 -0.983060
v -0.438067 1.979672 -0.869727
v -0.683756 1.823008 -0.689729
v -0.703515 2.282712 -0.703996
v -0.451433 2.352836 -0.887157
v -0.867264 1.823008 -0.437152
v -0.962530 1.979672 -0.147866
v -0.983237 2.352836 -0.155192
v -0.886938 2.282712 -0.451535
v -0.962530 1.979672 0.147866
v -0.867263 1.823008 0.437152
v -0.886938 2.282712 0.451536
v -0.983237 2.352836 0.155192
v -0.683756 1.823008 0.689729
v -0.438067 1.979672 0.869727
v -0.451433 2.352836 0.887157
v -0.703515 2.282712 0.703996
v -0.156809 1.979672 0.961113
v 0.147758 1.823008 0.959904
v 0.155357 2.282712 0.983060
v -0.156240 2.352836 0.983071
v 0.365980 1.778981 0.904161
v 0.691789 1.979672 0.685387
v 0.704297 2.352888 0.703428
v 0.373438 2.263110 0.927144
v 0.865616 1.979672 0.446135
v 0.973002 1.778981 0.068666
v 0.997169 2.263173 0.068646
v 0.886685 2.352886 0.452379
v 0.947239 1.857642 -0.224884
v 0.865616 1.979672 -0.446135
v 0.886685 2.352886 -0.452379
v 0.971756 2.298196 -0.224817
v 0.134323 1.888439 -0.203295
v 0.177724 1.896934 -0.169921
v 0.104344 1.907768 -0.117932
v -0.043905 1.896934 -0.241932
v 0.029342 1.885646 -0.236151
v -0.002270 1.907678 -0.134067
v -0.162544 1.885646 -0.173803
v -0.106685 1.896934 -0.221534
v -0.076966 1.907678 -0.109797
v -0.243658 1.896934 -0.033006
v -0.215526 1.885646 -0.100881
v -0.128207 1.907678 -0.039270
v -0.215526 1.885646 0.100881
v -0.243658 1.896934 0.033006
v -0.128207 1.907678 0.039270
v -0.106685 1.896934 0.221534
v -0.162544 1.885646 0.173803
v -0.076966 1.907678 0.109797
v 0.029342 1.885646 0.236151
v -0.043904 1.896934 0.241932
v -0.002270 1.907678 0.134067
v 0.177724 1.896934 0.169921
v 0.090591 1.882095 0.214656
v 0.050506 1.907563 0.093394
v 0.232144 1.882095 0.019825
v 0.216524 1.896934 0.116517
v 0.104430 1.907563 0.019173
v 0.216524 1.896934 -0.116517
v 0.234853 1.888439 -0.064927
v 0.144404 1.907768 -0.062794
v 0.704616 2.629946 -0.702396
v 0.513720 2.609052 -0.855079
v 0.511861 3.390349 -0.851965
v 0.760841 3.388041 -0.641768
v 0.155806 2.603356 -0.983121
v -0.155806 2.628901 -0.983121
v -0.155239 3.390429 -0.979542
v 0.155239 3.390429 -0.979542
v -0.451814 2.628901 -0.886942
v -0.703914 2.603356 -0.703781
v -0.701351 3.390429 -0.701219
v -0.450170 3.390429 -0.883713
v -0.886857 2.603356 -0.451981
v -0.983150 2.628901 -0.155621
v -0.979571 3.390429 -0.155054
v -0.883629 3.390429 -0.450336
v -0.983150 2.628901 0.155621
v -0.886857 2.603356 0.451981
v -0.883629 3.390429 0.450336
v -0.979571 3.390429 0.155054
v -0.703913 2.603356 0.703781
v -0.451814 2.628901 0.886942
v -0.450170 3.390429 0.883713
v -0.701351 3.390429 0.701219
v -0.155806 2.628901 0.983121
v 0.155806 2.603356 0.983121
v 0.155239 3.390429 0.979542
v -0.155239 3.390429 0.979542
v 0.373323 2.596222 0.927298
v 0.704616 2.629946 0.702395
v 0.760841 3.388041 0.641768
v 0.371968 3.390406 0.923922
v 0.886805 2.640053 0.451859
v 0.953725 2.967111 0.065562
v 0.992930 3.389847 0.061756
v 0.936812 3.014680 -0.179553
v 0.886805 2.640053 -0.451859
v 0.961336 3.378959 -0.259447
v 0.117134 4.445600 -0.118322
v 0.087748 4.445595 -0.144772
v 0.065048 4.449436 -0.076527
v 0.025216 4.445600 -0.164575
v -0.025216 4.445600 -0.164575
v -0.000000 4.449445 -0.085846
v -0.076334 4.445600 -0.147965
v -0.117135 4.445600 -0.118322
v -0.050459 4.449445 -0.069451
v -0.148727 4.445600 -0.074838
v -0.164312 4.445600 -0.026875
v -0.081644 4.449445 -0.026528
v -0.164312 4.445600 0.026875
v -0.148727 4.445600 0.074838
v -0.081644 4.449445 0.026528
v -0.117135 4.445600 0.118322
v -0.076334 4.445600 0.147965
v -0.050459 4.449445 0.069451
v -0.025216 4.445600 0.164574
v 0.025216 4.445600 0.164574
v -0.000000 4.449445 0.085846
v 0.061826 4.445607 0.152025
v 0.117134 4.445600 0.118322
v 0.031913 4.449455 0.060455
v 0.148727 4.445600 0.074838
v 0.163689 4.445607 0.011822
v 0.067358 4.449455 0.011669
v 0.164801 4.445595 -0.038717
v 0.148727 4.445600 -0.074838
v 0.092882 4.449436 -0.038217
v 0.372847 4.396341 -0.190022
v 0.248827 4.430365 -0.126631
v 0.273062 4.430365 -0.063114
v 0.408649 4.396342 -0.094251
v 0.613869 4.249561 -0.312854
v 0.499345 4.336570 -0.254489
v 0.547299 4.336569 -0.126232
v 0.672823 4.249560 -0.155183
v 0.875233 3.594214 -0.448138
v 0.840456 3.863934 -0.428333
v 0.921187 3.863890 -0.212446
v 0.948988 3.653398 -0.230014
v 0.787730 4.008765 -0.401462
v 0.711232 4.138888 -0.362474
v 0.779536 4.138886 -0.179796
v 0.863380 4.008762 -0.199135
v 0.197325 4.430365 -0.197517
v 0.295937 4.396341 -0.295879
v 0.215918 4.396342 -0.359524
v 0.144406 4.430365 -0.240194
v 0.396339 4.336570 -0.396264
v 0.487238 4.249561 -0.487147
v 0.355502 4.249560 -0.591938
v 0.289178 4.336569 -0.481505
v 0.564516 4.138888 -0.564411
v 0.625234 4.008765 -0.625118
v 0.456188 4.008762 -0.759588
v 0.411886 4.138886 -0.685822
v 0.667125 3.863940 -0.666938
v 0.694008 3.654795 -0.684684
v 0.504234 3.661318 -0.839266
v 0.486788 3.863975 -0.810377
v 0.043542 4.430365 -0.275780
v 0.065505 4.396341 -0.413319
v -0.065505 4.396341 -0.413319
v -0.043542 4.430365 -0.275780
v 0.087727 4.336570 -0.553547
v 0.107846 4.249562 -0.680502
v -0.107846 4.249561 -0.680502
v -0.087727 4.336570 -0.553547
v 0.124951 4.138888 -0.788432
v 0.138390 4.008765 -0.873234
v -0.138391 4.008765 -0.873234
v -0.124951 4.138889 -0.788432
v 0.147650 3.864070 -0.931663
v 0.152922 3.661511 -0.964926
v -0.152922 3.661511 -0.964926
v -0.147651 3.864070 -0.931663
v -0.126873 4.430365 -0.248703
v -0.189948 4.396341 -0.372885
v -0.295937 4.396341 -0.295879
v -0.197325 4.430365 -0.197517
v -0.254394 4.336570 -0.499393
v -0.312740 4.249562 -0.613928
v -0.487238 4.249561 -0.487147
v -0.396339 4.336570 -0.396264
v -0.362342 4.138888 -0.711299
v -0.401314 4.008765 -0.787805
v -0.625235 4.008765 -0.625118
v -0.564516 4.138889 -0.564411
v -0.428166 3.864070 -0.840518
v -0.443453 3.661511 -0.870527
v -0.690886 3.661511 -0.690756
v -0.667069 3.864070 -0.666944
v -0.248827 4.430365 -0.126631
v -0.372847 4.396341 -0.190021
v -0.413332 4.396341 -0.065423
v -0.275737 4.430365 -0.043810
v -0.499345 4.336570 -0.254488
v -0.613869 4.249562 -0.312854
v -0.680522 4.249561 -0.107719
v -0.553563 4.336570 -0.087622
v -0.711232 4.138888 -0.362474
v -0.787730 4.008765 -0.401461
v -0.873260 4.008765 -0.138227
v -0.788456 4.138889 -0.124804
v -0.840437 3.864070 -0.428323
v -0.870443 3.661511 -0.443616
v -0.964954 3.661511 -0.152741
v -0.931690 3.864070 -0.147476
v -0.275737 4.430365 0.043810
v -0.413332 4.396341 0.065424
v -0.372847 4.396341 0.190021
v -0.248827 4.430365 0.126631
v -0.553563 4.336570 0.087622
v -0.680522 4.249562 0.107719
v -0.613869 4.249561 0.312854
v -0.499345 4.336570 0.254488
v -0.788456 4.138888 0.124804
v -0.873260 4.008765 0.138227
v -0.787730 4.008765 0.401461
v -0.711232 4.138889 0.362474
v -0.931690 3.864070 0.147476
v -0.964954 3.661511 0.152741
v -0.870443 3.661511 0.443616
v -0.840437 3.864070 0.428324
v -0.197325 4.430365 0.197517
v -0.295937 4.396341 0.295879
v -0.189948 4.396341 0.372885
v -0.126873 4.430365 0.248703
v -0.396339 4.336570 0.396264
v -0.487238 4.249562 0.487147
v -0.312740 4.249561 0.613928
v -0.254394 4.336570 0.499393
v -0.564516 4.138888 0.564411
v -0.625235 4.008765 0.625118
v -0.401314 4.008765 0.787805
v -0.362341 4.138889 0.711299
v -0.667069 3.864070 0.666944
v -0.690886 3.661511 0.690756
v -0.443452 3.661511 0.870527
v -0.428166 3.864070 0.840518
v -0.043542 4.430365 0.275779
v -0.065505 4.396341 0.413319
v 0.065505 4.396341 0.413319
v 0.043541 4.430365 0.275779
v -0.087727 4.336570 0.553547
v -0.107846 4.249562 0.680502
v 0.107846 4.249561 0.680502
v 0.087727 4.336570 0.553547
v -0.124951 4.138888 0.788432
v -0.138390 4.008765 0.873234
v 0.138390 4.008765 0.873234
v 0.124951 4.138889 0.788432
v -0.147650 3.864070 0.931663
v -0.152922 3.661511 0.964926
v 0.152922 3.661511 0.964926
v 0.147650 3.864070 0.931662
v 0.104586 4.430364 0.259520
v 0.156936 4.396340 0.389869
v 0.295937 4.396341 0.295879
v 0.197325 4.430365 0.197517
v 0.210178 4.336570 0.522133
v 0.258382 4.249564 0.641880
v 0.487238 4.249561 0.487147
v 0.396339 4.336570 0.396264
v 0.299362 4.138892 0.743685
v 0.331561 4.008769 0.823674
v 0.625234 4.008765 0.625118
v 0.564516 4.138889 0.564411
v 0.353769 3.864044 0.878777
v 0.366421 3.661454 0.910140
v 0.694008 3.654795 0.684684
v 0.667125 3.863940 0.666938
v 0.248827 4.430365 0.126631
v 0.372847 4.396341 0.190021
v 0.419283 4.396340 0.028779
v 0.279137 4.430364 0.019271
v 0.499345 4.336570 0.254488
v 0.613869 4.249562 0.312854
v 0.690309 4.249564 0.047384
v 0.561526 4.336570 0.038543
v 0.711232 4.138888 0.362474
v 0.787730 4.008765 0.401461
v 0.885819 4.008769 0.060804
v 0.799794 4.138892 0.054899
v 0.840456 3.863934 0.428332
v 0.875233 3.594214 0.448138
v 0.977336 3.658687 0.070232
v 0.945137 3.863828 0.064868
v 0.280171 1.895575 -0.280499
v 0.180193 1.825641 -0.353138
v 0.248873 1.660622 -0.488562
v 0.387744 1.814478 -0.387667
v 0.061790 1.825641 -0.391609
v -0.061790 1.895575 -0.391609
v -0.085827 1.814478 -0.541539
v 0.085827 1.660622 -0.541539
v -0.180193 1.895575 -0.353138
v -0.280171 1.825641 -0.280499
v -0.387744 1.660622 -0.387666
v -0.248873 1.814478 -0.488562
v -0.353348 1.825641 -0.179780
v -0.391537 1.895575 -0.062248
v -0.541556 1.814478 -0.085719
v -0.488512 1.660622 -0.248971
v -0.391537 1.895575 0.062248
v -0.353348 1.825641 0.179780
v -0.488512 1.660622 0.248971
v -0.541556 1.814478 0.085719
v -0.280171 1.825641 0.280499
v -0.180193 1.895575 0.353138
v -0.248873 1.814478 0.488562
v -0.387744 1.660622 0.387666
v -0.061790 1.895575 0.391609
v 0.061790 1.825641 0.391609
v 0.085827 1.660622 0.541539
v -0.085827 1.814478 0.541539
v 0.180193 1.825641 0.353138
v 0.280171 1.895575 0.280499
v 0.387744 1.814478 0.387666
v 0.248873 1.660622 0.488562
v 0.353348 1.895575 0.179780
v 0.391537 1.825641 0.062248
v 0.541556 1.660622 0.085719
v 0.488512 1.814478 0.248971
v 0.391537 1.825641 -0.062248
v 0.353348 1.895575 -0.179780
v 0.488512 1.814478 -0.248971
v 0.541556 1.660622 -0.085719
v 0.498528 1.760413 -0.498428
v 0.319980 1.550609 -0.628151
v 0.382198 1.586058 -0.750291
v 0.595464 1.795862 -0.595345
v 0.110348 1.550609 -0.696264
v -0.110349 1.760413 -0.696264
v -0.131805 1.795862 -0.831649
v 0.131805 1.586058 -0.831649
v -0.319980 1.760413 -0.628151
v -0.498528 1.550609 -0.498428
v -0.595464 1.586058 -0.595345
v -0.382198 1.795862 -0.750291
v -0.628087 1.550609 -0.320105
v -0.696286 1.760413 -0.110210
v -0.831675 1.795862 -0.131639
v -0.750215 1.586058 -0.382348
v -0.696286 1.760413 0.110210
v -0.628087 1.550609 0.320105
v -0.750215 1.586058 0.382348
v -0.831675 1.795862 0.131639
v -0.498528 1.550609 0.498428
v -0.319980 1.760413 0.628151
v -0.382198 1.795862 0.750291
v -0.595464 1.586058 0.595345
v -0.110349 1.760413 0.696264
v 0.110349 1.550609 0.696264
v 0.131805 1.586058 0.831649
v -0.131805 1.795862 0.831649
v 0.319980 1.550609 0.628151
v 0.498528 1.760413 0.498428
v 0.595464 1.795862 0.595345
v 0.382198 1.586058 0.750291
v 0.628087 1.760413 0.320105
v 0.696286 1.550609 0.110210
v 0.831675 1.586058 0.131639
v 0.750215 1.795862 0.382348
v 0.696286 1.550609 -0.110210
v 0.628087 1.760413 -0.320105
v 0.750215 1.795862 -0.382348
v 0.831675 1.586058 -0.131639
v 0.650855 1.991724 -0.650726
v 0.417751 1.837868 -0.820086
v 0.426640 2.284471 -0.837534
v 0.664703 2.354406 -0.664571
v 0.144066 1.837868 -0.909012
v -0.144066 1.991724 -0.909011
v -0.147132 2.354406 -0.928352
v 0.147131 2.284471 -0.928352
v -0.417752 1.991724 -0.820086
v -0.650856 1.837868 -0.650726
v -0.664704 2.284471 -0.664571
v -0.426640 2.354406 -0.837534
v -0.820002 1.837868 -0.417915
v -0.909040 1.991724 -0.143885
v -0.928382 2.354406 -0.146946
v -0.837449 2.284471 -0.426807
v -0.909040 1.991724 0.143885
v -0.820002 1.837868 0.417915
v -0.837449 2.284471 0.426807
v -0.928382 2.354406 0.146946
v -0.650855 1.837868 0.650726
v -0.417752 1.991724 0.820086
v -0.426640 2.354406 0.837534
v -0.664703 2.284471 0.664571
v -0.144066 1.991724 0.909011
v 0.144066 1.837868 0.909011
v 0.147131 2.284471 0.928352
v -0.147131 2.354406 0.928352
v 0.417752 1.837868 0.820086
v 0.650855 1.991724 0.650726
v 0.664703 2.354406 0.664571
v 0.426640 2.284471 0.837534
v 0.820002 1.991724 0.417915
v 0.909040 1.837868 0.143885
v 0.928381 2.284471 0.146946
v 0.837449 2.354406 0.426807
v 0.909040 1.837868 -0.143885
v 0.820002 1.991724 -0.417915
v 0.837449 2.354406 -0.426807
v 0.928381 2.284471 -0.146946
v 0.118791 1.935653 -0.230209
v 0.182233 1.949640 -0.184116
v 0.082440 1.963156 -0.113469
v -0.039209 1.949640 -0.256067
v 0.039209 1.935653 -0.256067
v -0.000000 1.963156 -0.140255
v -0.182233 1.935653 -0.184116
v -0.118791 1.949640 -0.230209
v -0.082440 1.963156 -0.113469
v -0.255650 1.949640 -0.041839
v -0.231418 1.935653 -0.116419
v -0.133390 1.963156 -0.043341
v -0.231418 1.935653 0.116419
v -0.255650 1.949640 0.041839
v -0.133390 1.963156 0.043341
v -0.118791 1.949640 0.230209
v -0.182233 1.935653 0.184116
v -0.082440 1.963156 0.113469
v 0.039209 1.935653 0.256067
v -0.039209 1.949640 0.256067
v 0.000000 1.963156 0.140255
v 0.182233 1.949640 0.184116
v 0.118791 1.935653 0.230209
v 0.082440 1.963156 0.113469
v 0.255650 1.935653 0.041839
v 0.231418 1.949640 0.116419
v 0.133390 1.963156 0.043341
v 0.231418 1.949640 -0.116419
v 0.255650 1.935653 -0.041839
v 0.133390 1.963156 -0.043341
v 0.667668 2.943668 -0.630937
v 0.426640 2.894009 -0.837534
v 0.425016 3.388491 -0.834347
v 0.632009 3.388491 -0.652723
v 0.147131 2.894009 -0.928352
v -0.147132 2.907995 -0.928352
v -0.146572 3.388491 -0.924819
v 0.146571 3.388491 -0.924819
v -0.426640 2.907995 -0.837534
v -0.664704 2.894009 -0.664571
v -0.662174 3.388491 -0.662042
v -0.425016 3.388491 -0.834347
v -0.837449 2.894009 -0.426807
v -0.928382 2.907995 -0.146946
v -0.924848 3.388491 -0.146387
v -0.834262 3.388491 -0.425183
v -0.928382 2.907995 0.146946
v -0.837449 2.894009 0.426807
v -0.834262 3.388491 0.425183
v -0.924848 3.388491 0.146387
v -0.664703 2.894009 0.664571
v -0.426640 2.907995 0.837534
v -0.425016 3.388491 0.834347
v -0.662174 3.388491 0.662042
v -0.147131 2.907995 0.928352
v 0.147131 2.894009 0.928352
v 0.146571 3.388491 0.924819
v -0.146571 3.388491 0.924819
v 0.426640 2.894009 0.837534
v 0.667668 2.943668 0.630936
v 0.632009 3.388491 0.652723
v 0.425016 3.388491 0.834347
v 0.819049 2.842958 0.426265
v 0.897816 2.929681 0.179769
v 0.893169 3.388491 0.141727
v 0.897816 2.929681 -0.179769
v 0.819049 2.842958 -0.426265
v 0.893169 3.388491 -0.141728
v 0.113789 4.389719 -0.114918
v 0.074131 4.389719 -0.143731
v 0.049484 4.393338 -0.068109
v 0.024510 4.389719 -0.159854
v -0.024510 4.389719 -0.159854
v -0.000000 4.393338 -0.084187
v -0.074131 4.389719 -0.143731
v -0.113789 4.389719 -0.114918
v -0.049484 4.393338 -0.068108
v -0.144456 4.389719 -0.072708
v -0.159604 4.389719 -0.026087
v -0.080066 4.393338 -0.026015
v -0.159604 4.389719 0.026087
v -0.144456 4.389719 0.072708
v -0.080066 4.393338 0.026015
v -0.113789 4.389719 0.114918
v -0.074131 4.389719 0.143731
v -0.049484 4.393338 0.068108
v -0.024510 4.389719 0.159854
v 0.024510 4.389719 0.159854
v -0.000000 4.393338 0.084187
v 0.074131 4.389719 0.143731
v 0.113789 4.389719 0.114918
v 0.049484 4.393338 0.068108
v 0.144456 4.389719 0.072708
v 0.159604 4.389719 0.026087
v 0.080066 4.393338 0.026015
v 0.159604 4.389719 -0.026087
v 0.144456 4.389719 -0.072708
v 0.080066 4.393338 -0.026015
v 0.357385 4.343218 -0.182142
v 0.239844 4.375241 -0.122054
v 0.265779 4.375241 -0.042233
v 0.396191 4.343218 -0.062710
v 0.582403 4.206624 -0.296822
v 0.475807 4.287512 -0.242495
v 0.527471 4.287512 -0.083489
v 0.645642 4.206624 -0.102194
v 0.802051 3.648254 -0.417603
v 0.793316 3.848149 -0.404314
v 0.879456 3.848149 -0.139202
v 0.881872 3.618986 -0.177532
v 0.744264 3.982635 -0.379315
v 0.673039 4.103693 -0.343015
v 0.746119 4.103693 -0.118097
v 0.825078 3.982635 -0.130595
v 0.190196 4.375241 -0.190388
v 0.283665 4.343218 -0.283609
v 0.182070 4.343218 -0.357422
v 0.122296 4.375241 -0.239720
v 0.377659 4.287512 -0.377584
v 0.462267 4.206624 -0.462175
v 0.296706 4.206624 -0.582462
v 0.242400 4.287512 -0.475855
v 0.534207 4.103693 -0.534101
v 0.590740 3.982635 -0.590623
v 0.379167 3.982635 -0.744340
v 0.342881 4.103693 -0.673107
v 0.629674 3.848149 -0.629549
v 0.656486 3.618986 -0.619356
v 0.418522 3.654659 -0.821598
v 0.404156 3.848149 -0.793397
v 0.041964 4.375241 -0.265822
v 0.062789 4.343218 -0.396179
v -0.062789 4.343218 -0.396179
v -0.041964 4.375241 -0.265822
v 0.083594 4.287512 -0.527454
v 0.102322 4.206624 -0.645621
v -0.102322 4.206624 -0.645621
v -0.083594 4.287512 -0.527454
v 0.118246 4.103693 -0.746095
v 0.130760 3.982635 -0.825052
v -0.130760 3.982635 -0.825052
v -0.118246 4.103693 -0.746095
v 0.139378 3.848149 -0.879428
v 0.144332 3.654659 -0.910687
v -0.144332 3.654659 -0.910687
v -0.139378 3.848149 -0.879428
v -0.122296 4.375241 -0.239720
v -0.182071 4.343218 -0.357422
v -0.283665 4.343218 -0.283609
v -0.190196 4.375241 -0.190388
v -0.242401 4.287512 -0.475855
v -0.296706 4.206624 -0.582462
v -0.462267 4.206624 -0.462175
v -0.377659 4.287512 -0.377584
v -0.342881 4.103693 -0.673107
v -0.379167 3.982635 -0.744340
v -0.590740 3.982635 -0.590623
v -0.534207 4.103693 -0.534101
v -0.404156 3.848149 -0.793397
v -0.418522 3.654659 -0.821597
v -0.652056 3.654659 -0.651925
v -0.629674 3.848149 -0.629548
v -0.239844 4.375241 -0.122054
v -0.357385 4.343218 -0.182142
v -0.396191 4.343218 -0.062710
v -0.265779 4.375241 -0.042233
v -0.475807 4.287512 -0.242495
v -0.582403 4.206624 -0.296822
v -0.645642 4.206624 -0.102194
v -0.527471 4.287512 -0.083489
v -0.673039 4.103693 -0.343015
v -0.744264 3.982635 -0.379315
v -0.825078 3.982635 -0.130595
v -0.746119 4.103693 -0.118097
v -0.793316 3.848149 -0.404314
v -0.821514 3.654659 -0.418685
v -0.910716 3.654659 -0.144150
v -0.879456 3.848149 -0.139202
v -0.265779 4.375241 0.042233
v -0.396191 4.343218 0.062710
v -0.357385 4.343218 0.182142
v -0.239844 4.375241 0.122054
v -0.527471 4.287512 0.083489
v -0.645642 4.206624 0.102194
v -0.582403 4.206624 0.296822
v -0.475807 4.287512 0.242495
v -0.746119 4.103693 0.118097
v -0.825078 3.982635 0.130595
v -0.744264 3.982635 0.379315
v -0.673039 4.103693 0.343015
v -0.879456 3.848149 0.139202
v -0.910716 3.654659 0.144150
v -0.821514 3.654659 0.418686
v -0.793316 3.848149 0.404314
v -0.190196 4.375241 0.190388
v -0.283665 4.343218 0.283609
v -0.182071 4.343218 0.357422
v -0.122296 4.375241 0.239720
v -0.377659 4.287512 0.377584
v -0.462267 4.206624 0.462175
v -0.296706 4.206624 0.582462
v -0.242400 4.287512 0.475855
v -0.534207 4.103693 0.534101
v -0.590740 3.982635 0.590623
v -0.379167 3.982635 0.744340
v -0.342881 4.103693 0.673107
v -0.629674 3.848149 0.629548
v -0.652055 3.654659 0.651926
v -0.418522 3.654659 0.821598
v -0.404156 3.848149 0.793397
v -0.041964 4.375241 0.265822
v -0.062789 4.343218 0.396178
v 0.062789 4.343218 0.396178
v 0.041964 4.375241 0.265822
v -0.083594 4.287512 0.527454
v -0.102322 4.206624 0.645621
v 0.102322 4.206624 0.645621
v 0.083594 4.287512 0.527454
v -0.118246 4.103693 0.746095
v -0.130760 3.982635 0.825052
v 0.130760 3.982635 0.825052
v 0.118246 4.103693 0.746095
v -0.139378 3.848149 0.879428
v -0.144332 3.654659 0.910687
v 0.144332 3.654659 0.910687
v 0.139378 3.848149 0.879428
v 0.122296 4.375241 0.239720
v 0.182070 4.343218 0.357422
v 0.283665 4.343218 0.283609
v 0.190196 4.375241 0.190388
v 0.242400 4.287512 0.475855
v 0.296706 4.206624 0.582462
v 0.462267 4.206624 0.462175
v 0.377659 4.287512 0.377584
v 0.342881 4.103693 0.673107
v 0.379167 3.982635 0.744340
v 0.590740 3.982635 0.590623
v 0.534207 4.103693 0.534100
v 0.404156 3.848149 0.793397
v 0.418522 3.654659 0.821597
v 0.656486 3.618986 0.619356
v 0.629674 3.848149 0.629548
v 0.239844 4.375241 0.122054
v 0.357385 4.343218 0.182142
v 0.396191 4.343218 0.062710
v 0.265779 4.375241 0.042233
v 0.475806 4.287512 0.242495
v 0.582403 4.206624 0.296822
v 0.645642 4.206624 0.102194
v 0.527471 4.287512 0.083489
v 0.673039 4.103693 0.343015
v 0.744264 3.982635 0.379315
v 0.825078 3.982635 0.130595
v 0.746119 4.103693 0.118097
v 0.793316 3.848149 0.404314
v 0.802051 3.648254 0.417603
v 0.881872 3.618986 0.177532
v 0.879456 3.848149 0.139202
v 0.754609 3.455265 -0.516181
v 0.760287 3.488940 -0.566509
v 0.747976 3.429614 -0.530241
v 0.749990 3.450339 -0.588087
v 0.745443 3.401498 -0.536826
v 0.746191 3.408165 -0.597966
v 0.746315 3.372523 -0.536709
v 0.747500 3.364703 -0.597790
v 0.750534 3.344665 -0.529897
v 0.753829 3.322915 -0.587572
v 0.758697 3.319717 -0.515639
v 0.766426 3.285453 -0.565698
v 0.758697 3.319718 0.515639
v 0.770512 3.285479 0.566710
v 0.750534 3.344665 0.529896
v 0.757840 3.322949 0.588685
v 0.746315 3.372523 0.536709
v 0.751511 3.364737 0.598903
v 0.745443 3.401498 0.536826
v 0.750202 3.408199 0.599079
v 0.747976 3.429614 0.530240
v 0.754002 3.450373 0.589201
v 0.754609 3.455265 0.516180
v 0.764371 3.489000 0.567520
v 0.832468 3.301719 0.371538
v 0.882665 3.258392 0.348136
v 0.821168 3.286674 0.395252
v 0.865504 3.235764 0.384365
v 0.808794 3.278695 0.420222
v 0.846942 3.223795 0.421820
v 0.795750 3.278197 0.446104
v 0.827376 3.223048 0.460644
v 0.782924 3.285216 0.471135
v 0.808137 3.233576 0.498190
v 0.770306 3.299375 0.494824
v 0.788782 3.254865 0.534311
v 0.837865 3.458358 0.351145
v 0.891177 3.493673 0.316230
v 0.845600 3.433228 0.336749
v 0.903001 3.455838 0.293981
v 0.849819 3.405369 0.329937
v 0.909329 3.414051 0.283763
v 0.850692 3.376395 0.329820
v 0.910638 3.370589 0.283587
v 0.848158 3.348279 0.336405
v 0.906839 3.328415 0.293466
v 0.841953 3.322811 0.350603
v 0.897318 3.290152 0.315419
v 0.770307 3.299375 -0.494824
v 0.784549 3.254857 -0.533503
v 0.782924 3.285215 -0.471135
v 0.803829 3.233576 -0.497483
v 0.795750 3.278197 -0.446104
v 0.823068 3.223048 -0.459937
v 0.808794 3.278695 -0.420222
v 0.842634 3.223795 -0.421114
v 0.821169 3.286674 -0.395252
v 0.861196 3.235765 -0.383659
v 0.832468 3.301719 -0.371538
v 0.878321 3.258382 -0.347544
v 0.841953 3.322811 -0.350603
v 0.892900 3.290121 -0.315055
v 0.848159 3.348279 -0.336405
v 0.902384 3.328373 -0.293215
v 0.850692 3.376395 -0.329820
v 0.906183 3.370547 -0.283336
v 0.849819 3.405369 -0.329937
v 0.904874 3.414009 -0.283512
v 0.845600 3.433228 -0.336749
v 0.898545 3.455797 -0.293730
v 0.837865 3.458359 -0.351145
v 0.886760 3.493607 -0.315865
v 0.827110 3.479068 -0.372235
v 0.870263 3.524901 -0.348584
v 0.814920 3.493411 -0.396061
v 0.851795 3.546530 -0.384865
v 0.802094 3.500430 -0.421092
v 0.832556 3.557058 -0.422411
v 0.789050 3.499932 -0.446974
v 0.812989 3.556311 -0.461234
v 0.776676 3.491952 -0.471945
v 0.794428 3.544342 -0.498689
v 0.764949 3.476724 -0.495521
v 0.776491 3.521376 -0.534543
v 0.764949 3.476724 0.495521
v 0.780720 3.521488 0.535350
v 0.776676 3.491952 0.471944
v 0.798730 3.544480 0.499394
v 0.789050 3.499932 0.446974
v 0.817291 3.556450 0.461939
v 0.802094 3.500429 0.421092
v 0.836858 3.557196 0.423115
v 0.814920 3.493411 0.396061
v 0.856097 3.546668 0.385569
v 0.827110 3.479068 0.372235
v 0.874603 3.525015 0.349175
v 0.802976 3.285683 -0.574752
v 0.789715 3.323222 -0.597537
v 0.783387 3.365010 -0.607755
v 0.782077 3.408472 -0.607931
v 0.785877 3.450646 -0.598052
v 0.796824 3.489479 -0.575558
v 0.814327 3.522380 -0.541762
v 0.832915 3.545578 -0.504993
v 0.851476 3.557547 -0.467538
v 0.871043 3.558294 -0.428715
v 0.890282 3.547766 -0.391169
v 0.909092 3.525922 -0.353873
v 0.926275 3.494198 -0.319125
v 0.938403 3.456172 -0.295976
v 0.944731 3.414384 -0.285758
v 0.946040 3.370923 -0.285582
v 0.942241 3.328748 -0.295460
v 0.932427 3.290402 -0.318319
v 0.917190 3.258473 -0.352845
v 0.899736 3.235762 -0.389978
v 0.881175 3.223792 -0.427433
v 0.861608 3.223045 -0.466257
v 0.842369 3.233573 -0.503803
v 0.822425 3.254931 -0.540734
v 0.826659 3.254940 0.541542
v 0.846677 3.233573 0.504509
v 0.865916 3.223045 0.466963
v 0.885482 3.223792 0.428139
v 0.904044 3.235762 0.390684
v 0.921535 3.258484 0.353437
v 0.936846 3.290433 0.318683
v 0.946696 3.328790 0.295711
v 0.950496 3.370965 0.285833
v 0.949186 3.414426 0.286008
v 0.942858 3.456214 0.296227
v 0.930692 3.494264 0.319490
v 0.913432 3.526036 0.354464
v 0.894584 3.547904 0.391873
v 0.875345 3.558432 0.429419
v 0.855778 3.557685 0.468243
v 0.837217 3.545716 0.505698
v 0.818557 3.522492 0.542569
v 0.800908 3.489539 0.576570
v 0.789889 3.450680 0.599166
v 0.786089 3.408506 0.609044
v 0.787398 3.365044 0.608868
v 0.793727 3.323256 0.598650
v 0.807062 3.285708 0.575764
v 0.996998 2.593819 0.068982
v 0.971066 2.621156 -0.225920
v 0.709852 3.167669 0.690894
v 0.373325 3.162209 0.927293
v 0.155805 3.162204 0.983117
v -0.155805 3.162204 0.983117
v -0.451813 3.162204 0.886939
v -0.703911 3.162204 0.703778
v -0.886853 3.162204 0.451980
v -0.983146 3.162204 0.155620
v -0.983146 3.162204 -0.155620
v -0.886854 3.162204 -0.451979
v -0.703911 3.162204 -0.703778
v -0.451813 3.162204 -0.886938
v -0.155805 3.162204 -0.983117
v 0.155805 3.162204 -0.983117
v 0.513726 3.162222 -0.855069
v 0.709852 3.167669 -0.690894
v 0.894010 3.052472 -0.444494
v 0.894010 3.054665 0.455507
v 0.706132 2.786182 -0.699065
v 0.893779 2.850375 -0.445719
v 0.979128 2.845318 -0.231147
v 0.996629 2.767723 0.079115
v 0.893779 2.852568 0.456731
v 0.706132 2.786182 0.699065
v 0.373324 2.758136 0.927296
v 0.155806 2.763490 0.983119
v -0.155806 2.782675 0.983120
v -0.451814 2.782675 0.886941
v -0.703913 2.763490 0.703780
v -0.886856 2.763490 0.451981
v -0.983149 2.782675 0.155621
v -0.983149 2.782675 -0.155621
v -0.886856 2.763490 -0.451981
v -0.703913 2.763490 -0.703780
v -0.451814 2.782675 -0.886941
v -0.155806 2.782675 -0.983120
v 0.155806 2.763490 -0.983120
v 0.513721 2.767778 -0.855076
v 1.011213 3.109980 0.046900
v 0.971631 3.112370 -0.268672
v 0.708034 2.980332 -0.694887
v 0.513724 2.971899 -0.855072
v 0.155805 2.970191 -0.983118
v -0.155806 2.977818 -0.983118
v -0.451813 2.977818 -0.886940
v -0.703912 2.970191 -0.703779
v -0.886855 2.970191 -0.451980
v -0.983148 2.977818 -0.155620
v -0.983148 2.977818 0.155620
v -0.886854 2.970191 0.451980
v -0.703912 2.970191 0.703779
v -0.451813 2.977818 0.886940
v -0.155805 2.977818 0.983118
v 0.155806 2.970191 0.983118
v 0.373324 2.968064 0.927294
v 0.708034 2.980332 0.694887
v 0.888135 3.214232 -0.449645
v 0.959836 3.204466 -0.267250
v 1.001783 3.198326 0.048802
v 0.888135 3.214232 0.449645
v 0.958050 3.207669 0.276123
v 0.970561 3.115882 0.287586
v 0.203604 1.799419 0.304737
v 0.288063 1.655439 0.433118
v 0.382413 1.553717 0.586453
v 0.464971 1.597116 0.738966
v 0.506485 1.857583 0.831439
v 0.514030 2.298150 0.854754
v 0.513614 2.609043 0.855133
v 0.513616 2.767771 0.855130
v 0.513618 2.971896 0.855126
v 0.513621 3.162222 0.855123
v 0.511756 3.390349 0.852019
v 0.504131 3.661319 0.839319
v 0.486688 3.863975 0.810428
v 0.456094 4.008762 0.759636
v 0.411802 4.138886 0.685866
v 0.355429 4.249560 0.591976
v 0.289119 4.336569 0.481535
v 0.215874 4.396342 0.359546
v 0.144376 4.430365 0.240209
v 0.087728 4.445595 0.144777
v 0.065024 4.449436 0.076515
v 0.092863 4.449436 0.038197
v 0.164800 4.445595 0.038696
v 0.273067 4.430365 0.063081
v 0.408657 4.396342 0.094202
v 0.547310 4.336569 0.126166
v 0.672836 4.249560 0.155102
v 0.779551 4.138886 0.179703
v 0.863397 4.008762 0.199031
v 0.921205 3.863890 0.212335
v 0.949009 3.653402 0.229894
v 0.960931 3.379125 0.261557
v 0.981140 3.201708 0.160839
v 0.991823 3.109106 0.169198
v 0.939163 3.013619 0.199693
v 0.979138 2.845518 0.244135
v 0.971085 2.621136 0.225802
v 0.971775 2.298170 0.224700
v 0.947258 1.857583 0.224767
v 0.846482 1.597116 0.213860
v 0.675922 1.553717 0.182473
v 0.500936 1.655439 0.140123
v 0.352739 1.799419 0.099470
v 0.234851 1.888434 0.064893
v 0.144374 1.907768 0.062761
v 0.104304 1.907768 0.117914
v 0.134290 1.888434 0.203303
v 0.983843 3.197857 -0.147438
v 0.993503 3.107261 -0.157211
v 0.139661 1.765694 -0.331328
v 0.199287 1.576984 -0.474578
v 0.267651 1.443379 -0.643043
v 0.331212 1.487139 -0.807578
v 0.366085 1.779040 -0.904107
v 0.373543 2.263137 -0.927090
v 0.373429 2.596232 -0.927244
v 0.373429 2.758143 -0.927242
v 0.373429 2.968067 -0.927240
v 0.373430 3.162209 -0.927239
v 0.372073 3.390406 -0.923868
v 0.366524 3.661454 -0.910087
v 0.353869 3.864044 -0.878726
v 0.331654 4.008769 -0.823627
v 0.299446 4.138892 -0.743641
v 0.258455 4.249564 -0.641843
v 0.210237 4.336570 -0.522102
v 0.156980 4.396340 -0.389846
v 0.104616 4.430364 -0.259505
v 0.061845 4.445607 -0.152019
v 0.031938 4.449455 -0.060468
v 0.067377 4.449455 -0.011689
v 0.163690 4.445607 -0.011842
v 0.279132 4.430364 -0.019304
v 0.419275 4.396340 -0.028828
v 0.561515 4.336570 -0.038609
v 0.690295 4.249564 -0.047465
v 0.799779 4.138892 -0.054993
v 0.885802 4.008769 -0.060908
v 0.945119 3.863828 -0.064979
v 0.977314 3.658683 -0.070352
v 0.993225 3.389720 -0.060215
v 1.002701 3.197678 -0.047854
v 1.011823 3.109455 -0.048181
v 0.954673 2.969012 -0.063664
v 0.996619 2.769716 -0.077139
v 0.996978 2.593840 -0.069100
v 0.997150 2.263199 -0.068763
v 0.972983 1.779040 -0.068783
v 0.870403 1.487139 -0.065446
v 0.694278 1.443379 -0.055840
v 0.512933 1.576984 -0.042881
v 0.358269 1.765694 -0.030440
v 0.232146 1.882099 -0.019859
v 0.104460 1.907563 -0.019206
v 0.050546 1.907563 -0.093412
v 0.090624 1.882099 -0.214647
v 0.970516 2.881548 0.087924
v 0.990370 3.063640 0.044836
v 0.957162 2.985098 -0.227036
v 0.953443 3.066773 -0.254643
v 0.973083 3.066562 -0.155257
v 0.958773 2.985365 0.253930
v 0.973823 3.063853 0.165476
v 0.956742 3.068210 0.284844
v 0.970840 2.885426 -0.083609
v 0.990993 3.063640 -0.045843
v 0.889494 3.605331 0.399841
v 0.911099 3.576968 0.360514
v 0.928245 3.532793 0.329304
v 0.939254 3.477129 0.309266
v 0.942765 3.420927 0.298556
v 0.948170 3.348147 0.289702
v 0.935635 3.284762 0.312519
v 0.916111 3.234460 0.348058
v 0.891510 3.202164 0.392839
v 0.864240 3.191035 0.442480
v 0.836969 3.202164 0.492120
v 0.812368 3.234460 0.536901
v 0.792844 3.284762 0.572440
v 0.780309 3.348148 0.595257
v 0.784701 3.420927 0.586275
v 0.791837 3.477128 0.577606
v 0.802845 3.532793 0.557568
v 0.819991 3.576968 0.526358
v 0.841596 3.605331 0.487031
v 0.865545 3.615104 0.443436
v 0.877520 3.510377 0.421639
v 0.888322 3.496195 0.401975
v 0.896895 3.474107 0.386370
v 0.902399 3.446274 0.376351
v 0.903249 3.420927 0.370485
v 0.906205 3.383279 0.366091
v 0.899937 3.351587 0.377500
v 0.890175 3.326435 0.395269
v 0.877875 3.310288 0.417659
v 0.864240 3.304724 0.442480
v 0.850604 3.310288 0.467300
v 0.838304 3.326435 0.489690
v 0.828542 3.351587 0.507460
v 0.822274 3.383279 0.518868
v 0.824217 3.420927 0.514345
v 0.828691 3.446274 0.510521
v 0.834195 3.474107 0.500502
v 0.842768 3.496195 0.484897
v 0.853570 3.510377 0.465233
v 0.865545 3.515263 0.443436
v 0.892961 3.420927 0.458472
v 0.863733 3.420927 0.442415
v 0.908290 3.557849 0.424357
v 0.905297 3.534112 0.429805
v 0.902303 3.510377 0.435254
v 0.899310 3.486640 0.440703
v 0.896317 3.462906 0.446151
v 0.924493 3.536577 0.394862
v 0.918799 3.516386 0.405226
v 0.913106 3.496195 0.415590
v 0.907412 3.476004 0.425954
v 0.901718 3.455813 0.436318
v 0.937352 3.503447 0.371455
v 0.929515 3.488777 0.385720
v 0.921679 3.474107 0.399985
v 0.913842 3.459439 0.414250
v 0.906005 3.444769 0.428515
v 0.945608 3.461699 0.356427
v 0.936395 3.453987 0.373197
v 0.927183 3.446274 0.389966
v 0.917970 3.438563 0.406736
v 0.908758 3.430851 0.423505
v 0.952232 3.420927 0.350581
v 0.942354 3.420927 0.368562
v 0.932477 3.420927 0.386542
v 0.922599 3.420927 0.404523
v 0.912721 3.420927 0.422503
v 0.955406 3.365715 0.343404
v 0.944915 3.374497 0.362499
v 0.934425 3.383279 0.381594
v 0.923935 3.392061 0.400689
v 0.913445 3.400842 0.419785
v 0.946005 3.318178 0.360517
v 0.937081 3.334882 0.376760
v 0.928158 3.351587 0.393003
v 0.919234 3.368292 0.409246
v 0.910311 3.384994 0.425489
v 0.931363 3.280452 0.387170
v 0.924879 3.303444 0.398971
v 0.918396 3.326435 0.410772
v 0.911913 3.349426 0.422574
v 0.905429 3.372417 0.434375
v 0.912912 3.256232 0.420754
v 0.909504 3.283259 0.426958
v 0.906095 3.310288 0.433163
v 0.902687 3.337315 0.439367
v 0.899278 3.364343 0.445572
v 0.892460 3.247885 0.457983
v 0.892460 3.276304 0.457983
v 0.892460 3.304724 0.457983
v 0.892460 3.333141 0.457983
v 0.892460 3.361560 0.457983
v 0.872008 3.256232 0.495212
v 0.875416 3.283259 0.489008
v 0.878825 3.310288 0.482803
v 0.882233 3.337315 0.476599
v 0.885642 3.364343 0.470394
v 0.853558 3.280452 0.528796
v 0.860041 3.303444 0.516995
v 0.866524 3.326435 0.505194
v 0.873007 3.349426 0.493392
v 0.879490 3.372417 0.481591
v 0.838915 3.318178 0.555449
v 0.847839 3.334882 0.539206
v 0.856762 3.351587 0.522963
v 0.865686 3.368292 0.506720
v 0.874609 3.384994 0.490477
v 0.829514 3.365715 0.572562
v 0.840005 3.374497 0.553467
v 0.850495 3.383279 0.534372
v 0.860985 3.392061 0.515277
v 0.871475 3.400842 0.496181
v 0.833689 3.420927 0.566363
v 0.843567 3.420927 0.548382
v 0.853445 3.420927 0.530402
v 0.863323 3.420927 0.512421
v 0.873201 3.420927 0.494441
v 0.835049 3.461699 0.557675
v 0.844262 3.453987 0.540906
v 0.853474 3.446274 0.524136
v 0.862687 3.438563 0.507367
v 0.871899 3.430851 0.490597
v 0.843305 3.503447 0.542647
v 0.851142 3.488777 0.528382
v 0.858979 3.474107 0.514117
v 0.866815 3.459439 0.499852
v 0.874652 3.444769 0.485587
v 0.856164 3.536577 0.519240
v 0.861858 3.516386 0.508876
v 0.867551 3.496195 0.498512
v 0.873245 3.476004 0.488148
v 0.878939 3.455813 0.477784
v 0.872367 3.557849 0.489746
v 0.875360 3.534112 0.484297
v 0.878354 3.510377 0.478848
v 0.881347 3.486640 0.473400
v 0.884340 3.462906 0.467951
v 0.890329 3.565178 0.457051
v 0.890329 3.540221 0.457051
v 0.890329 3.515263 0.457051
v 0.890329 3.490306 0.457051
v 0.890329 3.465348 0.457051
v 0.904464 3.605331 0.408065
v 0.908970 3.602151 0.411491
v 0.911466 3.593462 0.415459
v 0.911284 3.581593 0.418906
v 0.926069 3.576968 0.368738
v 0.930213 3.574263 0.372823
v 0.931721 3.566872 0.378590
v 0.930189 3.556775 0.384495
v 0.943215 3.532793 0.337528
v 0.947072 3.530828 0.342135
v 0.947795 3.525458 0.349330
v 0.945191 3.518122 0.357186
v 0.954223 3.477129 0.317490
v 0.957896 3.476095 0.322432
v 0.958116 3.473272 0.330544
v 0.954823 3.469415 0.339652
v 0.960419 3.420927 0.308254
v 0.964882 3.420927 0.313843
v 0.965502 3.420927 0.322752
v 0.962113 3.420927 0.332595
v 0.965216 3.348147 0.299067
v 0.969398 3.349324 0.304695
v 0.969648 3.352538 0.313932
v 0.965899 3.356931 0.324303
v 0.952681 3.284762 0.321884
v 0.957073 3.287001 0.327130
v 0.957896 3.293115 0.335323
v 0.954931 3.301469 0.344268
v 0.933157 3.234460 0.357422
v 0.937876 3.237541 0.362073
v 0.939593 3.245957 0.368640
v 0.937848 3.257454 0.375364
v 0.908556 3.202164 0.402204
v 0.913687 3.205785 0.406105
v 0.916529 3.215679 0.410623
v 0.916322 3.229195 0.414548
v 0.881285 3.191035 0.451844
v 0.886873 3.194843 0.454913
v 0.890963 3.205246 0.457161
v 0.892460 3.219457 0.457983
v 0.854014 3.202164 0.501484
v 0.860059 3.205785 0.503722
v 0.865397 3.215679 0.503698
v 0.868598 3.229195 0.501418
v 0.829413 3.234460 0.546265
v 0.835869 3.237541 0.547754
v 0.842333 3.245957 0.545681
v 0.847072 3.257454 0.540602
v 0.809890 3.284762 0.581804
v 0.816673 3.287001 0.582697
v 0.824030 3.293115 0.578998
v 0.829989 3.301468 0.571698
v 0.797355 3.348148 0.604621
v 0.804348 3.349325 0.605132
v 0.812278 3.352539 0.600389
v 0.819021 3.356931 0.591663
v 0.802355 3.420927 0.595973
v 0.809466 3.420927 0.596743
v 0.817318 3.420927 0.592489
v 0.823808 3.420927 0.584349
v 0.806806 3.477128 0.585830
v 0.812948 3.476095 0.586279
v 0.819912 3.473271 0.582113
v 0.825834 3.469415 0.574450
v 0.817815 3.532793 0.565792
v 0.823772 3.530827 0.566576
v 0.830232 3.525457 0.563328
v 0.835466 3.518122 0.556917
v 0.834960 3.576968 0.534581
v 0.840630 3.574263 0.535888
v 0.846307 3.566872 0.534068
v 0.850469 3.556775 0.529608
v 0.856565 3.605331 0.495254
v 0.861873 3.602151 0.497220
v 0.866561 3.593462 0.497199
v 0.869373 3.581593 0.495196
v 0.880515 3.615104 0.451660
v 0.885422 3.611761 0.454356
v 0.889014 3.602624 0.456329
v 0.890329 3.590144 0.457051
v 0.843282 3.605331 -0.489253
v 0.823517 3.576968 -0.529536
v 0.807831 3.532793 -0.561505
v 0.797760 3.477129 -0.582030
v 0.791013 3.420927 -0.591059
v 0.786875 3.348147 -0.600571
v 0.798343 3.284762 -0.577199
v 0.816204 3.234460 -0.540797
v 0.838710 3.202164 -0.494927
v 0.863659 3.191035 -0.444080
v 0.888608 3.202164 -0.393233
v 0.911114 3.234460 -0.347363
v 0.928975 3.284762 -0.310961
v 0.940443 3.348148 -0.287589
v 0.935617 3.420927 -0.296346
v 0.932624 3.477128 -0.307167
v 0.922553 3.532793 -0.327692
v 0.906867 3.576968 -0.359661
v 0.887102 3.605331 -0.399944
v 0.865192 3.615104 -0.444598
v 0.854237 3.510377 -0.466926
v 0.844354 3.496195 -0.487067
v 0.836511 3.474107 -0.503052
v 0.831476 3.446274 -0.513314
v 0.827164 3.420927 -0.517381
v 0.825267 3.383279 -0.522325
v 0.831001 3.351587 -0.510639
v 0.839932 3.326435 -0.492438
v 0.851185 3.310288 -0.469503
v 0.863659 3.304724 -0.444080
v 0.876133 3.310288 -0.418656
v 0.887387 3.326435 -0.395721
v 0.896317 3.351587 -0.377520
v 0.902051 3.383279 -0.365834
v 0.899466 3.420927 -0.370024
v 0.898908 3.446274 -0.375883
v 0.893873 3.474107 -0.386145
v 0.886030 3.496195 -0.402130
v 0.876147 3.510377 -0.422271
v 0.865192 3.515263 -0.444598
v 0.893254 3.420927 -0.458392
v 0.863315 3.420927 -0.443702
v 0.874146 3.557849 -0.490544
v 0.876885 3.534112 -0.484963
v 0.879623 3.510377 -0.479381
v 0.882361 3.486640 -0.473800
v 0.885100 3.462906 -0.468219
v 0.859323 3.536577 -0.520755
v 0.864532 3.516386 -0.510139
v 0.869740 3.496195 -0.499523
v 0.874949 3.476004 -0.488907
v 0.880158 3.455813 -0.478291
v 0.847559 3.503447 -0.544731
v 0.854728 3.488777 -0.530119
v 0.861897 3.474107 -0.515508
v 0.869067 3.459439 -0.500896
v 0.876236 3.444769 -0.486284
v 0.840006 3.461699 -0.560124
v 0.848434 3.453987 -0.542947
v 0.856862 3.446274 -0.525770
v 0.865290 3.438563 -0.508593
v 0.873718 3.430851 -0.491416
v 0.839029 3.420927 -0.568905
v 0.848066 3.420927 -0.550488
v 0.857103 3.420927 -0.532070
v 0.866139 3.420927 -0.513652
v 0.875176 3.420927 -0.495235
v 0.834980 3.365715 -0.575627
v 0.844577 3.374497 -0.556068
v 0.854174 3.383279 -0.536509
v 0.863771 3.392061 -0.516949
v 0.873368 3.400842 -0.497390
v 0.843580 3.318178 -0.558099
v 0.851744 3.334882 -0.541461
v 0.859908 3.351587 -0.524823
v 0.868071 3.368292 -0.508185
v 0.876235 3.384994 -0.491547
v 0.856976 3.280452 -0.530798
v 0.862907 3.303444 -0.518710
v 0.868838 3.326435 -0.506621
v 0.874769 3.349426 -0.494533
v 0.880700 3.372417 -0.482445
v 0.873855 3.256232 -0.496397
v 0.876973 3.283259 -0.490042
v 0.880091 3.310288 -0.483687
v 0.883210 3.337315 -0.477331
v 0.886328 3.364343 -0.470976
v 0.892566 3.247885 -0.458263
v 0.892566 3.276304 -0.458263
v 0.892566 3.304724 -0.458263
v 0.892566 3.333141 -0.458263
v 0.892566 3.361560 -0.458263
v 0.911276 3.256232 -0.420129
v 0.908158 3.283259 -0.426484
v 0.905040 3.310288 -0.432840
v 0.901922 3.337315 -0.439195
v 0.898803 3.364343 -0.445550
v 0.928155 3.280452 -0.385728
v 0.922224 3.303444 -0.397816
v 0.916293 3.326435 -0.409905
v 0.910362 3.349426 -0.421993
v 0.904431 3.372417 -0.434081
v 0.941551 3.318178 -0.358427
v 0.933387 3.334882 -0.375065
v 0.925224 3.351587 -0.391703
v 0.917060 3.368292 -0.408341
v 0.908896 3.384994 -0.424980
v 0.950151 3.365715 -0.340899
v 0.940554 3.374497 -0.360458
v 0.930957 3.383279 -0.380018
v 0.921361 3.392061 -0.399577
v 0.911764 3.400842 -0.419136
v 0.947478 3.420927 -0.347878
v 0.938441 3.420927 -0.366296
v 0.929405 3.420927 -0.384713
v 0.920368 3.420927 -0.403131
v 0.911331 3.420927 -0.421548
v 0.941150 3.461699 -0.353984
v 0.932722 3.453987 -0.371161
v 0.924294 3.446274 -0.388339
v 0.915866 3.438563 -0.405515
v 0.907438 3.430851 -0.422693
v 0.933597 3.503447 -0.369378
v 0.926428 3.488777 -0.383989
v 0.919259 3.474107 -0.398601
v 0.912089 3.459439 -0.413213
v 0.904920 3.444769 -0.427824
v 0.921833 3.536577 -0.393354
v 0.916625 3.516386 -0.403970
v 0.911416 3.496195 -0.414586
v 0.906207 3.476004 -0.425202
v 0.900998 3.455813 -0.435817
v 0.907010 3.557849 -0.423565
v 0.904271 3.534112 -0.429146
v 0.901533 3.510377 -0.434727
v 0.898795 3.486640 -0.440308
v 0.896056 3.462906 -0.445889
v 0.890578 3.565178 -0.457054
v 0.890578 3.540221 -0.457054
v 0.890578 3.515263 -0.457054
v 0.890578 3.490306 -0.457054
v 0.890578 3.465348 -0.457054
v 0.858616 3.605331 -0.496776
v 0.864009 3.602151 -0.498495
v 0.868691 3.593462 -0.498257
v 0.871407 3.581593 -0.496127
v 0.838850 3.576968 -0.537059
v 0.844574 3.574263 -0.538103
v 0.850161 3.566872 -0.536022
v 0.854112 3.556775 -0.531375
v 0.823164 3.532793 -0.569028
v 0.829151 3.530828 -0.569537
v 0.835455 3.525458 -0.565993
v 0.840387 3.518122 -0.559347
v 0.813093 3.477129 -0.589554
v 0.819249 3.476095 -0.589718
v 0.826014 3.473272 -0.585236
v 0.831575 3.469415 -0.577307
v 0.809097 3.420927 -0.599932
v 0.816235 3.420927 -0.600372
v 0.823882 3.420927 -0.595759
v 0.829989 3.420927 -0.587329
v 0.804335 3.348147 -0.609138
v 0.811344 3.349324 -0.609325
v 0.819047 3.352538 -0.604221
v 0.825380 3.356931 -0.595193
v 0.815803 3.284762 -0.585766
v 0.822620 3.287001 -0.586345
v 0.829798 3.293115 -0.582310
v 0.835414 3.301469 -0.574742
v 0.833664 3.234460 -0.549364
v 0.840182 3.237541 -0.550552
v 0.846543 3.245957 -0.548183
v 0.851042 3.257454 -0.542890
v 0.856171 3.202164 -0.503494
v 0.862312 3.205785 -0.505450
v 0.867643 3.215679 -0.505180
v 0.870736 3.229195 -0.502754
v 0.881119 3.191035 -0.452647
v 0.886842 3.194843 -0.455455
v 0.891032 3.205246 -0.457511
v 0.892566 3.219457 -0.458263
v 0.906068 3.202164 -0.401800
v 0.911373 3.205785 -0.405459
v 0.914421 3.215679 -0.409841
v 0.914396 3.229195 -0.413772
v 0.928574 3.234460 -0.355930
v 0.933503 3.237541 -0.360358
v 0.935521 3.245957 -0.366839
v 0.934089 3.257454 -0.373636
v 0.946435 3.284762 -0.319527
v 0.951065 3.287001 -0.324565
v 0.952266 3.293115 -0.332711
v 0.949717 3.301468 -0.341784
v 0.957903 3.348148 -0.296156
v 0.962340 3.349325 -0.301585
v 0.963017 3.352539 -0.310800
v 0.959751 3.356931 -0.321333
v 0.953700 3.420927 -0.305218
v 0.958417 3.420927 -0.310594
v 0.959448 3.420927 -0.319465
v 0.956518 3.420927 -0.329455
v 0.947958 3.477128 -0.314690
v 0.951855 3.476095 -0.319458
v 0.952449 3.473271 -0.327551
v 0.949581 3.469415 -0.336802
v 0.937887 3.532793 -0.335216
v 0.941952 3.530827 -0.339640
v 0.943007 3.525457 -0.346794
v 0.940769 3.518122 -0.354761
v 0.922201 3.576968 -0.367185
v 0.926529 3.574263 -0.371073
v 0.928302 3.566872 -0.376765
v 0.927044 3.556775 -0.382734
v 0.902436 3.605331 -0.407468
v 0.907095 3.602151 -0.410682
v 0.909772 3.593462 -0.414530
v 0.909749 3.581593 -0.417982
v 0.880526 3.615104 -0.452122
v 0.885552 3.611761 -0.454588
v 0.889231 3.602624 -0.456394
v 0.890578 3.590144 -0.457054
v 0.956380 3.067348 0.268855
v 0.972900 3.064509 0.189542
v 0.966602 2.981168 0.214964
v 0.992727 3.069509 0.094348
v 0.976027 2.977929 0.132907
v 1.005332 3.070384 -0.004480
v 0.991855 2.984550 0.035506
v 1.005297 3.074187 -0.087465
v 1.001529 2.988440 -0.044090
v 0.990759 3.076890 -0.167808
v 0.981084 2.992612 -0.118657
v 0.976668 3.081311 -0.245427
v 0.967027 3.002295 -0.195339
v 0.930231 3.067348 0.263409
v 0.946310 3.064509 0.186212
v 0.940453 2.981168 0.209517
v 0.952895 3.069509 0.091563
v 0.949878 2.977929 0.127460
v 0.978639 3.069711 -0.005205
v 0.965706 2.984550 0.030059
v 0.979275 3.073512 -0.081304
v 0.975250 2.987767 -0.039358
v 0.964479 3.076217 -0.163076
v 0.954805 2.991939 -0.113925
v 0.964479 3.076217 -0.163076
v 0.950388 3.080638 -0.240694
v 0.940747 3.001622 -0.190606
vt 0.500000 0.312500
vt 0.375000 0.387500
vt 0.400000 0.387500
vt 0.425000 0.387500
vt 0.450000 0.387500
vt 0.475000 0.387500
vt 0.500000 0.387500
vt 0.525000 0.387500
vt 0.550000 0.387500
vt 0.575000 0.387500
vt 0.600000 0.387500
vt 0.625000 0.387500
vt 0.375000 0.462500
vt 0.400000 0.462500
vt 0.425000 0.462500
vt 0.450000 0.462500
vt 0.475000 0.462500
vt 0.500000 0.462500
vt 0.525000 0.462500
vt 0.550000 0.462500
vt 0.575000 0.462500
vt 0.600000 0.462500
vt 0.625000 0.462500
vt 0.375000 0.537500
vt 0.400000 0.537500
vt 0.425000 0.537500
vt 0.450000 0.537500
vt 0.475000 0.537500
vt 0.500000 0.537500
vt 0.525000 0.537500
vt 0.550000 0.537500
vt 0.575000 0.537500
vt 0.600000 0.537500
vt 0.625000 0.537500
vt 0.375000 0.612500
vt 0.400000 0.612500
vt 0.375000 0.627506
vt 0.425000 0.612500
vt 0.400000 0.627506
vt 0.450000 0.612500
vt 0.425000 0.627506
vt 0.475000 0.612500
vt 0.450000 0.627506
vt 0.500000 0.612500
vt 0.475000 0.627506
vt 0.525000 0.612500
vt 0.500000 0.627506
vt 0.550000 0.612500
vt 0.525000 0.627506
vt 0.575000 0.612500
vt 0.550000 0.627506
vt 0.600000 0.612500
vt 0.575000 0.627506
vt 0.625000 0.612500
vt 0.600000 0.627506
vt 0.519657 0.904249
vt 0.480344 0.904249
vt 0.448538 0.881139
vt 0.436389 0.843750
vt 0.448538 0.806361
vt 0.480344 0.783252
vt 0.519657 0.783252
vt 0.551463 0.806361
vt 0.563612 0.843750
vt 0.551463 0.881139
vt 0.500000 0.843750
vt 0.625000 0.627506
vt 0.375000 0.653982
vt 0.625000 0.653982
vt 0.375000 0.687500
vt 0.626409 0.935591
vt 0.625000 0.687500
vt 0.591828 0.910468
vt 0.400000 0.652988
vt 0.400000 0.687500
vt 0.548284 0.992353
vt 0.535075 0.951701
vt 0.425000 0.652966
vt 0.425000 0.687500
vt 0.451716 0.992353
vt 0.464925 0.951701
vt 0.450000 0.652966
vt 0.450000 0.687500
vt 0.373591 0.935591
vt 0.408172 0.910468
vt 0.475000 0.652966
vt 0.475000 0.687500
vt 0.343750 0.843750
vt 0.386494 0.843750
vt 0.500000 0.652966
vt 0.500000 0.687500
vt 0.373591 0.751909
vt 0.408172 0.777034
vt 0.525000 0.652966
vt 0.525000 0.687500
vt 0.451716 0.695147
vt 0.464925 0.735801
vt 0.550000 0.652966
vt 0.550000 0.687500
vt 0.548284 0.695147
vt 0.535075 0.735800
vt 0.575000 0.652966
vt 0.575000 0.687500
vt 0.626409 0.751909
vt 0.591828 0.777034
vt 0.600000 0.652988
vt 0.656250 0.843750
vt 0.600000 0.687500
vt 0.613506 0.843750
vt 0.625000 0.500212
vt 0.375000 0.500212
vt 0.600000 0.500212
vt 0.575000 0.500212
vt 0.550000 0.500212
vt 0.525000 0.500212
vt 0.500000 0.500212
vt 0.475000 0.500212
vt 0.450000 0.500212
vt 0.425000 0.500212
vt 0.400000 0.500212
vt 0.625000 0.519833
vt 0.375000 0.519833
vt 0.600000 0.519833
vt 0.575000 0.519833
vt 0.550000 0.519833
vt 0.525000 0.519833
vt 0.500000 0.519833
vt 0.475000 0.519833
vt 0.450000 0.519833
vt 0.425000 0.519833
vt 0.400000 0.519833
vt 0.625000 0.509981
vt 0.375000 0.509981
vt 0.600000 0.509981
vt 0.575000 0.509981
vt 0.550000 0.509981
vt 0.525000 0.509981
vt 0.500000 0.509981
vt 0.475000 0.509981
vt 0.450000 0.509981
vt 0.425000 0.509981
vt 0.400000 0.509981
vt 0.625000 0.528982
vt 0.375000 0.528982
vt 0.600000 0.528982
vt 0.575000 0.528982
vt 0.550000 0.528982
vt 0.525000 0.528982
vt 0.500000 0.528982
vt 0.475000 0.528982
vt 0.450000 0.528982
vt 0.425000 0.528982
vt 0.400000 0.528982
vt 0.500000 0.312500
vt 0.400000 0.387500
vt 0.375000 0.387500
vt 0.425000 0.387500
vt 0.450000 0.387500
vt 0.475000 0.387500
vt 0.500000 0.387500
vt 0.525000 0.387500
vt 0.550000 0.387500
vt 0.575000 0.387500
vt 0.600000 0.387500
vt 0.625000 0.387500
vt 0.400000 0.462500
vt 0.375000 0.462500
vt 0.425000 0.462500
vt 0.450000 0.462500
vt 0.475000 0.462500
vt 0.500000 0.462500
vt 0.525000 0.462500
vt 0.550000 0.462500
vt 0.575000 0.462500
vt 0.600000 0.462500
vt 0.625000 0.462500
vt 0.400000 0.500212
vt 0.375000 0.500212
vt 0.425000 0.500212
vt 0.450000 0.500212
vt 0.475000 0.500212
vt 0.500000 0.500212
vt 0.525000 0.500212
vt 0.550000 0.500212
vt 0.575000 0.500212
vt 0.600000 0.500212
vt 0.625000 0.500212
vt 0.375000 0.537500
vt 0.400000 0.537500
vt 0.400000 0.612500
vt 0.375000 0.612500
vt 0.425000 0.537500
vt 0.425000 0.612500
vt 0.450000 0.537500
vt 0.450000 0.612500
vt 0.475000 0.537500
vt 0.475000 0.612500
vt 0.500000 0.537500
vt 0.500000 0.612500
vt 0.525000 0.537500
vt 0.525000 0.612500
vt 0.550000 0.537500
vt 0.550000 0.612500
vt 0.575000 0.537500
vt 0.575000 0.612500
vt 0.600000 0.537500
vt 0.600000 0.612500
vt 0.625000 0.537500
vt 0.625000 0.612500
vt 0.400000 0.627506
vt 0.375000 0.627506
vt 0.425000 0.627506
vt 0.450000 0.627506
vt 0.475000 0.627506
vt 0.500000 0.627506
vt 0.525000 0.627506
vt 0.550000 0.627506
vt 0.575000 0.627506
vt 0.600000 0.627506
vt 0.625000 0.627506
vt 0.551463 0.881139
vt 0.519657 0.904249
vt 0.500000 0.843750
vt 0.480344 0.904249
vt 0.448538 0.881139
vt 0.436389 0.843750
vt 0.448538 0.806361
vt 0.480344 0.783252
vt 0.519657 0.783252
vt 0.551463 0.806361
vt 0.563612 0.843750
vt 0.591828 0.910468
vt 0.613506 0.843750
vt 0.626409 0.935591
vt 0.656250 0.843750
vt 0.625000 0.653982
vt 0.600000 0.652988
vt 0.625000 0.687500
vt 0.600000 0.687500
vt 0.535075 0.951701
vt 0.548284 0.992353
vt 0.375000 0.687500
vt 0.375000 0.653982
vt 0.400000 0.652988
vt 0.400000 0.687500
vt 0.464925 0.951701
vt 0.451716 0.992353
vt 0.425000 0.652966
vt 0.425000 0.687500
vt 0.408172 0.910468
vt 0.373591 0.935591
vt 0.450000 0.652966
vt 0.450000 0.687500
vt 0.386494 0.843750
vt 0.343750 0.843750
vt 0.475000 0.652966
vt 0.475000 0.687500
vt 0.408172 0.777034
vt 0.373591 0.751909
vt 0.500000 0.652966
vt 0.500000 0.687500
vt 0.464925 0.735801
vt 0.451716 0.695147
vt 0.525000 0.652966
vt 0.525000 0.687500
vt 0.535075 0.735800
vt 0.548284 0.695147
vt 0.550000 0.652966
vt 0.550000 0.687500
vt 0.591828 0.777034
vt 0.626409 0.751909
vt 0.575000 0.652966
vt 0.575000 0.687500
vt 0.625000 0.509981
vt 0.600000 0.509981
vt 0.575000 0.509981
vt 0.550000 0.509981
vt 0.525000 0.509981
vt 0.500000 0.509981
vt 0.475000 0.509981
vt 0.450000 0.509981
vt 0.425000 0.509981
vt 0.400000 0.509981
vt 0.375000 0.509981
vt 0.600000 0.519833
vt 0.625000 0.519833
vt 0.625000 0.528982
vt 0.600000 0.528982
vt 0.575000 0.519833
vt 0.575000 0.528982
vt 0.550000 0.519833
vt 0.550000 0.528982
vt 0.525000 0.519833
vt 0.525000 0.528982
vt 0.500000 0.519833
vt 0.500000 0.528982
vt 0.475000 0.519833
vt 0.475000 0.528982
vt 0.450000 0.519833
vt 0.450000 0.528982
vt 0.425000 0.519833
vt 0.425000 0.528982
vt 0.400000 0.519833
vt 0.400000 0.528982
vt 0.375000 0.519833
vt 0.375000 0.528982
vt 0.540862 0.126562
vt 0.535874 0.120233
vt 0.550023 0.119906
vt 0.543777 0.112422
vt 0.530899 0.115193
vt 0.537458 0.106503
vt 0.552055 0.104190
vt 0.544428 0.097257
vt 0.559556 0.112980
vt 0.526457 0.112362
vt 0.532053 0.102945
vt 0.522504 0.110727
vt 0.527367 0.100694
vt 0.538008 0.092979
vt 0.532500 0.090185
vt 0.551673 0.087641
vt 0.544203 0.082648
vt 0.537812 0.079359
vt 0.550518 0.072133
vt 0.543214 0.068375
vt 0.559055 0.077840
vt 0.569338 0.105873
vt 0.560585 0.095677
vt 0.569240 0.087024
vt 0.579243 0.098677
vt 0.507853 0.106025
vt 0.509655 0.095061
vt 0.514564 0.107782
vt 0.517870 0.096850
vt 0.500000 0.105080
vt 0.500000 0.094181
vt 0.500000 0.082613
vt 0.511514 0.083535
vt 0.521294 0.085500
vt 0.492147 0.106025
vt 0.490345 0.095061
vt 0.484392 0.108214
vt 0.480893 0.097444
vt 0.477251 0.086237
vt 0.488486 0.083535
vt 0.486590 0.071635
vt 0.500000 0.070600
vt 0.473515 0.074739
vt 0.469732 0.063094
vt 0.484674 0.059547
vt 0.500000 0.058364
vt 0.513410 0.071635
vt 0.524797 0.073871
vt 0.515326 0.059547
vt 0.528340 0.062102
vt 0.476831 0.111001
vt 0.471845 0.101072
vt 0.469923 0.114853
vt 0.463517 0.106035
vt 0.466574 0.090655
vt 0.456717 0.096676
vt 0.464126 0.120233
vt 0.456223 0.112422
vt 0.459138 0.126562
vt 0.449977 0.119906
vt 0.447945 0.104190
vt 0.440444 0.112980
vt 0.449656 0.086958
vt 0.439415 0.095677
vt 0.430662 0.105873
vt 0.430760 0.087024
vt 0.420757 0.098677
vt 0.442464 0.077059
vt 0.461114 0.079912
vt 0.455558 0.069007
vt 0.454660 0.133261
vt 0.444789 0.128159
vt 0.451335 0.140438
vt 0.440969 0.137070
vt 0.429967 0.133495
vt 0.434402 0.122830
vt 0.449807 0.148198
vt 0.438822 0.146524
vt 0.449492 0.156250
vt 0.438168 0.156250
vt 0.426384 0.156250
vt 0.427286 0.144730
vt 0.415382 0.142856
vt 0.418542 0.129783
vt 0.414294 0.156250
vt 0.402050 0.156250
vt 0.403294 0.140943
vt 0.406905 0.126002
vt 0.423670 0.117348
vt 0.412766 0.111791
vt 0.449807 0.164302
vt 0.438822 0.165976
vt 0.451335 0.172062
vt 0.440969 0.175430
vt 0.427286 0.167770
vt 0.429967 0.179005
vt 0.454660 0.179239
vt 0.444789 0.184341
vt 0.459138 0.185938
vt 0.449977 0.192594
vt 0.434402 0.189670
vt 0.440444 0.199520
vt 0.418542 0.182717
vt 0.423670 0.195152
vt 0.430662 0.206627
vt 0.412766 0.200709
vt 0.420757 0.213823
vt 0.406905 0.186498
vt 0.415382 0.169644
vt 0.403294 0.171557
vt 0.464126 0.192267
vt 0.456223 0.200078
vt 0.469923 0.197647
vt 0.463517 0.206465
vt 0.456717 0.215824
vt 0.447945 0.208310
vt 0.476831 0.201499
vt 0.471845 0.211428
vt 0.484392 0.204286
vt 0.480893 0.215056
vt 0.477251 0.226263
vt 0.466574 0.221845
vt 0.461114 0.232588
vt 0.449656 0.225542
vt 0.473515 0.237761
vt 0.469732 0.249406
vt 0.455558 0.243493
vt 0.442464 0.235441
vt 0.439415 0.216823
vt 0.430760 0.225476
vt 0.492147 0.206475
vt 0.490345 0.217439
vt 0.500000 0.207420
vt 0.500000 0.218319
vt 0.488486 0.228965
vt 0.500000 0.229887
vt 0.507853 0.206475
vt 0.509655 0.217439
vt 0.514563 0.204719
vt 0.517869 0.215651
vt 0.511514 0.228965
vt 0.521292 0.227001
vt 0.500000 0.241900
vt 0.513410 0.240865
vt 0.524795 0.238631
vt 0.515326 0.252953
vt 0.528337 0.250399
vt 0.500000 0.254136
vt 0.486590 0.240865
vt 0.484674 0.252953
vt 0.518988 0.203228
vt 0.523201 0.213808
vt 0.522496 0.201777
vt 0.527357 0.211811
vt 0.532488 0.222321
vt 0.527601 0.224800
vt 0.535874 0.192267
vt 0.543777 0.200078
vt 0.530897 0.197308
vt 0.537456 0.205998
vt 0.540862 0.185938
vt 0.550023 0.192594
vt 0.559556 0.199520
vt 0.552055 0.208310
vt 0.544426 0.215244
vt 0.560585 0.216823
vt 0.551671 0.224860
vt 0.569338 0.206627
vt 0.579243 0.213823
vt 0.569240 0.225476
vt 0.559052 0.234661
vt 0.532128 0.236065
vt 0.537798 0.233148
vt 0.543198 0.244133
vt 0.536718 0.247467
vt 0.545340 0.179239
vt 0.555211 0.184341
vt 0.548596 0.172948
vt 0.558887 0.176500
vt 0.565598 0.189670
vt 0.569835 0.180272
vt 0.561296 0.165099
vt 0.561911 0.160528
vt 0.572877 0.166731
vt 0.573724 0.161317
vt 0.550250 0.163576
vt 0.550546 0.159792
vt 0.550685 0.156248
vt 0.562198 0.156248
vt 0.574121 0.156248
vt 0.584814 0.168436
vt 0.585837 0.162142
vt 0.596931 0.170177
vt 0.598099 0.162983
vt 0.586315 0.156247
vt 0.598646 0.156247
vt 0.576330 0.195152
vt 0.581219 0.184190
vt 0.587234 0.200709
vt 0.592822 0.188182
vt 0.572874 0.145756
vt 0.561294 0.147390
vt 0.571919 0.139654
vt 0.560601 0.142238
vt 0.550250 0.148915
vt 0.549916 0.144650
vt 0.558887 0.135998
vt 0.548596 0.139551
vt 0.569834 0.132226
vt 0.545340 0.133261
vt 0.555211 0.128159
vt 0.565598 0.122830
vt 0.576330 0.117348
vt 0.581218 0.128307
vt 0.587234 0.111791
vt 0.592821 0.124315
vt 0.596928 0.142306
vt 0.584812 0.144049
vt 0.595611 0.134198
vt 0.583659 0.136955
vt 0.589148 0.091480
vt 0.577895 0.078371
vt 0.566437 0.068039
vt 0.573933 0.058107
vt 0.586927 0.069443
vt 0.599620 0.083872
vt 0.556832 0.061619
vt 0.548615 0.057391
vt 0.563228 0.050856
vt 0.554174 0.045923
vt 0.569784 0.039597
vt 0.581658 0.047914
vt 0.560047 0.033490
vt 0.565496 0.020153
vt 0.576421 0.028090
vt 0.587346 0.036028
vt 0.596714 0.059968
vt 0.611223 0.075442
vt 0.606878 0.050218
vt 0.626409 0.064409
vt 0.517242 0.047459
vt 0.531882 0.050334
vt 0.500000 0.046128
vt 0.500000 0.033671
vt 0.519302 0.034927
vt 0.535661 0.037838
vt 0.482758 0.047459
vt 0.465948 0.051450
vt 0.480698 0.034927
vt 0.461949 0.039140
vt 0.500000 0.020770
vt 0.478350 0.021509
vt 0.457517 0.025500
vt 0.475858 0.007647
vt 0.451716 0.007647
vt 0.500000 0.007647
vt 0.539912 0.023888
vt 0.521650 0.021509
vt 0.524142 0.007647
vt 0.548284 0.007647
vt 0.450003 0.058101
vt 0.435272 0.067160
vt 0.427950 0.057081
vt 0.444304 0.046753
vt 0.422105 0.078371
vt 0.410852 0.091480
vt 0.413073 0.069443
vt 0.400380 0.083872
vt 0.403286 0.059968
vt 0.420367 0.046644
vt 0.388777 0.075442
vt 0.373591 0.064409
vt 0.393122 0.050218
vt 0.412654 0.036028
vt 0.438316 0.034517
vt 0.432185 0.021838
vt 0.401861 0.106234
vt 0.395268 0.122221
vt 0.383420 0.118371
vt 0.390580 0.100402
vt 0.391205 0.139030
vt 0.389807 0.156250
vt 0.378651 0.137116
vt 0.376863 0.156250
vt 0.371151 0.114384
vt 0.365164 0.135203
vt 0.362521 0.156250
vt 0.351210 0.133290
vt 0.343750 0.156250
vt 0.358671 0.110329
vt 0.378544 0.094023
vt 0.366131 0.087369
vt 0.391205 0.173470
vt 0.395268 0.190279
vt 0.383420 0.194129
vt 0.378651 0.175384
vt 0.401861 0.206266
vt 0.410852 0.221020
vt 0.390580 0.212098
vt 0.400380 0.228628
vt 0.378544 0.218477
vt 0.371151 0.198116
vt 0.388777 0.237058
vt 0.373591 0.248091
vt 0.366131 0.225131
vt 0.358671 0.202171
vt 0.365164 0.177297
vt 0.351210 0.179210
vt 0.422105 0.234129
vt 0.435272 0.245340
vt 0.427950 0.255419
vt 0.413073 0.243057
vt 0.450003 0.254399
vt 0.465948 0.261050
vt 0.444304 0.265747
vt 0.461949 0.273360
vt 0.420367 0.265856
vt 0.438316 0.277983
vt 0.457517 0.287000
vt 0.432185 0.290662
vt 0.451716 0.304853
vt 0.412654 0.276472
vt 0.403286 0.252532
vt 0.393122 0.262282
vt 0.482758 0.265041
vt 0.500000 0.266372
vt 0.500000 0.278829
vt 0.480698 0.277573
vt 0.517242 0.265041
vt 0.531879 0.262168
vt 0.519302 0.277573
vt 0.535658 0.274664
vt 0.521650 0.290991
vt 0.500000 0.291730
vt 0.539909 0.288614
vt 0.548284 0.304853
vt 0.524142 0.304853
vt 0.500000 0.304853
vt 0.478350 0.290991
vt 0.475858 0.304853
vt 0.541308 0.258869
vt 0.548598 0.255118
vt 0.554155 0.266587
vt 0.546122 0.270963
vt 0.577895 0.234129
vt 0.566434 0.244462
vt 0.589148 0.221020
vt 0.586927 0.243057
vt 0.599620 0.228628
vt 0.573930 0.254394
vt 0.581655 0.264588
vt 0.596714 0.252532
vt 0.611223 0.237058
vt 0.606878 0.262282
vt 0.626409 0.248091
vt 0.587346 0.276472
vt 0.551386 0.284441
vt 0.560026 0.279023
vt 0.556875 0.298611
vt 0.565467 0.292368
vt 0.598139 0.206266
vt 0.604424 0.192173
vt 0.616186 0.196233
vt 0.609420 0.212098
vt 0.609047 0.171917
vt 0.610362 0.163825
vt 0.621672 0.173658
vt 0.623352 0.164667
vt 0.610977 0.156247
vt 0.624137 0.156246
vt 0.649687 0.176450
vt 0.635313 0.175399
vt 0.652968 0.166350
vt 0.637796 0.165508
vt 0.638958 0.156246
vt 0.656250 0.156250
vt 0.621456 0.218477
vt 0.628268 0.200430
vt 0.641329 0.202171
vt 0.633869 0.225131
vt 0.621668 0.138820
vt 0.609044 0.140563
vt 0.619774 0.128685
vt 0.607562 0.131442
vt 0.604424 0.120324
vt 0.616186 0.116263
vt 0.598139 0.106234
vt 0.609420 0.100402
vt 0.628267 0.112066
vt 0.621456 0.094023
vt 0.633869 0.087369
vt 0.641329 0.110329
vt 0.635307 0.137077
vt 0.632508 0.125929
vt 0.649675 0.136016
vt 0.645502 0.123173
vt 0.381250 0.312500
vt 0.381250 0.359375
vt 0.375000 0.312500
vt 0.375000 0.359375
vt 0.387500 0.312500
vt 0.386811 0.359375
vt 0.386811 0.405203
vt 0.381250 0.405652
vt 0.375000 0.406250
vt 0.390996 0.312500
vt 0.390996 0.359375
vt 0.394492 0.312500
vt 0.394307 0.359375
vt 0.394307 0.405054
vt 0.390996 0.405054
vt 0.390996 0.448340
vt 0.386812 0.448938
vt 0.394307 0.448340
vt 0.394307 0.481318
vt 0.390996 0.481318
vt 0.386811 0.482339
vt 0.381250 0.450732
vt 0.375000 0.453125
vt 0.381250 0.485402
vt 0.375000 0.500000
vt 0.400000 0.312500
vt 0.406250 0.312500
vt 0.400874 0.359375
vt 0.406250 0.359375
vt 0.412500 0.312500
vt 0.412500 0.359375
vt 0.406250 0.405054
vt 0.412500 0.405054
vt 0.400874 0.405054
vt 0.418750 0.312500
vt 0.418750 0.359375
vt 0.425000 0.312500
vt 0.425000 0.359375
vt 0.418750 0.405054
vt 0.425000 0.405054
vt 0.412500 0.448340
vt 0.418750 0.448340
vt 0.425000 0.448340
vt 0.418750 0.481318
vt 0.425000 0.481318
vt 0.412500 0.481318
vt 0.400874 0.448340
vt 0.406250 0.448340
vt 0.406250 0.481318
vt 0.400874 0.481318
vt 0.431250 0.312500
vt 0.431250 0.359375
vt 0.437500 0.312500
vt 0.437500 0.359375
vt 0.437500 0.405054
vt 0.431250 0.405054
vt 0.443750 0.312500
vt 0.443750 0.359375
vt 0.450000 0.312500
vt 0.450000 0.359375
vt 0.450000 0.405054
vt 0.443750 0.405054
vt 0.443750 0.448340
vt 0.437500 0.448340
vt 0.450000 0.448340
vt 0.450000 0.481318
vt 0.443750 0.481318
vt 0.437500 0.481318
vt 0.431250 0.448340
vt 0.431250 0.481318
vt 0.456250 0.312500
vt 0.456250 0.359375
vt 0.462500 0.312500
vt 0.462500 0.359375
vt 0.456250 0.405054
vt 0.462500 0.405054
vt 0.468750 0.312500
vt 0.468750 0.359375
vt 0.475000 0.312500
vt 0.475000 0.359375
vt 0.468750 0.405054
vt 0.475000 0.405054
vt 0.462500 0.448340
vt 0.468750 0.448340
vt 0.475000 0.448340
vt 0.468750 0.481318
vt 0.475000 0.481318
vt 0.462500 0.481318
vt 0.456250 0.448340
vt 0.456250 0.481318
vt 0.481250 0.312500
vt 0.481250 0.359375
vt 0.487500 0.312500
vt 0.487500 0.359375
vt 0.487500 0.405054
vt 0.481250 0.405054
vt 0.493750 0.312500
vt 0.493750 0.359375
vt 0.500000 0.312500
vt 0.500000 0.359375
vt 0.500000 0.405054
vt 0.493750 0.405054
vt 0.493750 0.448340
vt 0.487500 0.448340
vt 0.500000 0.448340
vt 0.500000 0.481318
vt 0.493750 0.481318
vt 0.487500 0.481318
vt 0.481250 0.448340
vt 0.481250 0.481318
vt 0.506250 0.312500
vt 0.506250 0.359375
vt 0.512500 0.312500
vt 0.512500 0.359375
vt 0.506250 0.405054
vt 0.512500 0.405054
vt 0.518750 0.312500
vt 0.518750 0.359375
vt 0.525000 0.312500
vt 0.525000 0.359375
vt 0.518750 0.405054
vt 0.525000 0.405054
vt 0.512500 0.448340
vt 0.518750 0.448340
vt 0.525000 0.448340
vt 0.518750 0.481318
vt 0.525000 0.481318
vt 0.512500 0.481318
vt 0.506250 0.448340
vt 0.506250 0.481318
vt 0.531250 0.312500
vt 0.531250 0.359375
vt 0.537500 0.312500
vt 0.537500 0.359375
vt 0.537500 0.405054
vt 0.531250 0.405054
vt 0.543750 0.312500
vt 0.543750 0.359375
vt 0.550000 0.312500
vt 0.549125 0.359375
vt 0.549125 0.405054
vt 0.543750 0.405054
vt 0.543750 0.448340
vt 0.537500 0.448340
vt 0.549125 0.448340
vt 0.549125 0.481318
vt 0.543750 0.481318
vt 0.537500 0.481318
vt 0.531250 0.448340
vt 0.531250 0.481318
vt 0.552749 0.312500
vt 0.552749 0.359375
vt 0.555498 0.312500
vt 0.555686 0.359375
vt 0.552749 0.405054
vt 0.555686 0.405054
vt 0.562500 0.312500
vt 0.568750 0.312500
vt 0.563187 0.359375
vt 0.568750 0.359375
vt 0.575000 0.312500
vt 0.575000 0.359375
vt 0.568750 0.405054
vt 0.575000 0.405054
vt 0.563187 0.405054
vt 0.563187 0.448340
vt 0.568750 0.448340
vt 0.575000 0.448340
vt 0.568750 0.481318
vt 0.575000 0.481333
vt 0.563187 0.481318
vt 0.552749 0.448340
vt 0.555686 0.448340
vt 0.552749 0.481318
vt 0.555686 0.481318
vt 0.581250 0.312500
vt 0.581250 0.359375
vt 0.587500 0.312500
vt 0.586813 0.359375
vt 0.586813 0.405054
vt 0.581250 0.405054
vt 0.594314 0.405054
vt 0.594314 0.359375
vt 0.597251 0.405054
vt 0.597251 0.359375
vt 0.594501 0.312500
vt 0.597251 0.312500
vt 0.600001 0.359375
vt 0.600000 0.312500
vt 0.600001 0.405054
vt 0.594314 0.481436
vt 0.594314 0.448340
vt 0.597251 0.481436
vt 0.597251 0.448340
vt 0.600001 0.448340
vt 0.600001 0.481436
vt 0.581250 0.448340
vt 0.586813 0.448340
vt 0.586813 0.481422
vt 0.581250 0.481377
vt 0.605693 0.359375
vt 0.609004 0.359375
vt 0.605693 0.405054
vt 0.609004 0.405054
vt 0.605508 0.312500
vt 0.609004 0.312500
vt 0.612500 0.312500
vt 0.613188 0.359375
vt 0.613188 0.405203
vt 0.618750 0.312500
vt 0.618750 0.359375
vt 0.625000 0.312500
vt 0.625000 0.359375
vt 0.618750 0.405652
vt 0.625000 0.406250
vt 0.613188 0.448938
vt 0.618750 0.450732
vt 0.625000 0.453125
vt 0.618750 0.485461
vt 0.625000 0.500000
vt 0.613188 0.482442
vt 0.605693 0.448340
vt 0.609004 0.448340
vt 0.605693 0.481436
vt 0.609004 0.481436
vt 0.514369 0.129355
vt 0.517999 0.120125
vt 0.517718 0.129126
vt 0.521341 0.121047
vt 0.524888 0.123142
vt 0.521304 0.128547
vt 0.532197 0.132857
vt 0.528474 0.127482
vt 0.524551 0.138413
vt 0.521931 0.133277
vt 0.513391 0.146521
vt 0.512129 0.138883
vt 0.518444 0.142849
vt 0.516602 0.136727
vt 0.493874 0.116240
vt 0.487702 0.118400
vt 0.500000 0.115090
vt 0.500000 0.122112
vt 0.496249 0.125683
vt 0.491024 0.128624
vt 0.511416 0.118156
vt 0.506126 0.116240
vt 0.508092 0.128685
vt 0.503751 0.125683
vt 0.499573 0.156250
vt 0.494561 0.139509
vt 0.504259 0.140079
vt 0.500000 0.134335
vt 0.471526 0.127482
vt 0.467803 0.132857
vt 0.475807 0.122951
vt 0.479934 0.128632
vt 0.478999 0.133726
vt 0.476500 0.139176
vt 0.481439 0.120280
vt 0.485068 0.129317
vt 0.485760 0.145904
vt 0.487119 0.138521
vt 0.460055 0.149713
vt 0.460202 0.156250
vt 0.460854 0.143531
vt 0.467533 0.145701
vt 0.469770 0.150372
vt 0.470953 0.156250
vt 0.463841 0.138060
vt 0.472088 0.143237
vt 0.482398 0.156250
vt 0.479158 0.149478
vt 0.463841 0.174440
vt 0.467803 0.179643
vt 0.460854 0.168969
vt 0.467533 0.166799
vt 0.472088 0.169263
vt 0.476500 0.173324
vt 0.460055 0.162787
vt 0.469770 0.162128
vt 0.485760 0.166596
vt 0.479158 0.163022
vt 0.481439 0.192220
vt 0.487702 0.194100
vt 0.475806 0.189550
vt 0.479934 0.183868
vt 0.485068 0.183183
vt 0.491024 0.183876
vt 0.471526 0.185018
vt 0.478999 0.178774
vt 0.494561 0.172991
vt 0.487119 0.173979
vt 0.506126 0.196260
vt 0.511415 0.194344
vt 0.500000 0.197410
vt 0.500000 0.190388
vt 0.503751 0.186817
vt 0.508091 0.183815
vt 0.493874 0.196260
vt 0.496249 0.186817
vt 0.504257 0.172421
vt 0.500000 0.178165
vt 0.528474 0.185018
vt 0.532197 0.179643
vt 0.524887 0.189358
vt 0.521301 0.183952
vt 0.521929 0.179222
vt 0.524549 0.174086
vt 0.515028 0.193195
vt 0.511392 0.182942
vt 0.514362 0.183145
vt 0.517992 0.192377
vt 0.508897 0.162714
vt 0.508152 0.171700
vt 0.513380 0.165971
vt 0.512120 0.173612
vt 0.539716 0.156249
vt 0.539781 0.159126
vt 0.539919 0.162198
vt 0.530016 0.161598
vt 0.528905 0.158836
vt 0.528386 0.156249
vt 0.536159 0.174440
vt 0.528624 0.170007
vt 0.532929 0.167948
vt 0.539178 0.169688
vt 0.515789 0.156249
vt 0.517213 0.159229
vt 0.520258 0.162411
vt 0.536159 0.138060
vt 0.539178 0.142811
vt 0.532930 0.144550
vt 0.528625 0.142491
vt 0.539919 0.150295
vt 0.540075 0.146832
vt 0.530019 0.150895
vt 0.531271 0.147781
vt 0.520265 0.150081
vt 0.523698 0.146494
vt 0.381250 0.500445
vt 0.375000 0.504815
vt 0.386811 0.497167
vt 0.386811 0.503567
vt 0.381250 0.506485
vt 0.375000 0.509630
vt 0.390996 0.496075
vt 0.394307 0.496075
vt 0.394307 0.502595
vt 0.390996 0.502595
vt 0.390996 0.559160
vt 0.390996 0.578567
vt 0.386595 0.559425
vt 0.385943 0.579475
vt 0.394307 0.559157
vt 0.394307 0.578554
vt 0.390996 0.599352
vt 0.394307 0.599320
vt 0.386595 0.600331
vt 0.375000 0.555466
vt 0.380382 0.560215
vt 0.375694 0.565610
vt 0.377778 0.582173
vt 0.380382 0.603201
vt 0.375000 0.610933
vt 0.375694 0.600276
vt 0.375694 0.593343
vt 0.375309 0.599520
vt 0.375309 0.591303
vt 0.375694 0.586410
vt 0.375694 0.579476
vt 0.375309 0.583086
vt 0.375694 0.572543
vt 0.375309 0.574868
vt 0.375309 0.566651
vt 0.400874 0.496075
vt 0.406250 0.496075
vt 0.412500 0.496075
vt 0.406250 0.502595
vt 0.412500 0.502595
vt 0.400874 0.502595
vt 0.418750 0.496075
vt 0.425000 0.496075
vt 0.418750 0.502595
vt 0.425000 0.502595
vt 0.412500 0.559147
vt 0.418750 0.559146
vt 0.412500 0.578515
vt 0.418750 0.578510
vt 0.425000 0.559145
vt 0.425000 0.578508
vt 0.418750 0.599209
vt 0.425000 0.599204
vt 0.412500 0.599220
vt 0.400874 0.559152
vt 0.406250 0.559149
vt 0.400874 0.578533
vt 0.406250 0.578523
vt 0.406250 0.599240
vt 0.400874 0.599266
vt 0.431250 0.496075
vt 0.437500 0.496075
vt 0.437500 0.502595
vt 0.431250 0.502595
vt 0.443750 0.496075
vt 0.450000 0.496075
vt 0.450000 0.502595
vt 0.443750 0.502595
vt 0.437500 0.559145
vt 0.443750 0.559145
vt 0.437500 0.578506
vt 0.443750 0.578506
vt 0.450000 0.559145
vt 0.450000 0.578506
vt 0.443750 0.599198
vt 0.450000 0.599198
vt 0.437500 0.599199
vt 0.431250 0.559145
vt 0.431250 0.578507
vt 0.431250 0.599201
vt 0.456250 0.496075
vt 0.462500 0.496075
vt 0.456250 0.502595
vt 0.462500 0.502595
vt 0.468750 0.496075
vt 0.475000 0.496075
vt 0.468750 0.502595
vt 0.475000 0.502595
vt 0.462500 0.559145
vt 0.468750 0.559145
vt 0.462500 0.578505
vt 0.468750 0.578505
vt 0.475000 0.559145
vt 0.475000 0.578505
vt 0.468750 0.599197
vt 0.475000 0.599197
vt 0.462500 0.599197
vt 0.456250 0.559145
vt 0.456250 0.578505
vt 0.456250 0.599197
vt 0.481250 0.496075
vt 0.487500 0.496075
vt 0.487500 0.502595
vt 0.481250 0.502595
vt 0.493750 0.496075
vt 0.500000 0.496075
vt 0.500000 0.502595
vt 0.493750 0.502595
vt 0.487500 0.559145
vt 0.493750 0.559145
vt 0.487500 0.578505
vt 0.493750 0.578505
vt 0.500000 0.559145
vt 0.500000 0.578505
vt 0.493750 0.599197
vt 0.500000 0.599197
vt 0.487500 0.599197
vt 0.481250 0.559145
vt 0.481250 0.578505
vt 0.481250 0.599197
vt 0.506250 0.496075
vt 0.512500 0.496075
vt 0.506250 0.502595
vt 0.512500 0.502595
vt 0.518750 0.496075
vt 0.525000 0.496075
vt 0.518750 0.502595
vt 0.525000 0.502595
vt 0.512500 0.559145
vt 0.518750 0.559145
vt 0.512500 0.578505
vt 0.518750 0.578505
vt 0.525000 0.559145
vt 0.525000 0.578505
vt 0.518750 0.599197
vt 0.525000 0.599197
vt 0.512500 0.599197
vt 0.506250 0.559145
vt 0.506250 0.578505
vt 0.506250 0.599197
vt 0.531250 0.496075
vt 0.537500 0.496075
vt 0.537500 0.502595
vt 0.531250 0.502595
vt 0.543750 0.496075
vt 0.549125 0.496075
vt 0.549125 0.502595
vt 0.543750 0.502595
vt 0.537500 0.559145
vt 0.543750 0.559145
vt 0.537500 0.578505
vt 0.543750 0.578505
vt 0.549125 0.559145
vt 0.549125 0.578505
vt 0.549125 0.599197
vt 0.543750 0.599197
vt 0.537500 0.599197
vt 0.531250 0.559145
vt 0.531250 0.578505
vt 0.531250 0.599197
vt 0.552749 0.496075
vt 0.555686 0.496075
vt 0.552749 0.502595
vt 0.555686 0.502595
vt 0.563187 0.496075
vt 0.568750 0.496075
vt 0.575000 0.496134
vt 0.568750 0.502595
vt 0.575000 0.502722
vt 0.563187 0.502595
vt 0.563404 0.559145
vt 0.569618 0.559145
vt 0.564055 0.578506
vt 0.572222 0.578507
vt 0.574514 0.555681
vt 0.574306 0.564107
vt 0.574691 0.564854
vt 0.574306 0.569867
vt 0.574691 0.571681
vt 0.574306 0.575628
vt 0.574691 0.578508
vt 0.574306 0.581388
vt 0.574306 0.587148
vt 0.574691 0.585335
vt 0.574306 0.592909
vt 0.574691 0.592162
vt 0.574514 0.602049
vt 0.569618 0.599201
vt 0.563404 0.599199
vt 0.552749 0.559145
vt 0.552749 0.578506
vt 0.555686 0.559145
vt 0.555686 0.578506
vt 0.552749 0.599198
vt 0.555686 0.599198
vt 0.581250 0.496311
vt 0.586813 0.496489
vt 0.586813 0.503486
vt 0.581250 0.503104
vt 0.595253 0.523717
vt 0.597705 0.523997
vt 0.595957 0.524645
vt 0.598045 0.525135
vt 0.594548 0.522790
vt 0.597364 0.522860
vt 0.599997 0.522894
vt 0.599986 0.524133
vt 0.599974 0.525372
vt 0.594361 0.599098
vt 0.594505 0.577947
vt 0.597364 0.599254
vt 0.597705 0.578528
vt 0.595770 0.558657
vt 0.598045 0.558857
vt 0.599986 0.578534
vt 0.599974 0.558885
vt 0.599997 0.599269
vt 0.603826 0.524707
vt 0.604627 0.523753
vt 0.606051 0.524191
vt 0.607317 0.523458
vt 0.605427 0.522799
vt 0.608582 0.522725
vt 0.609978 0.522811
vt 0.609447 0.523225
vt 0.607812 0.523759
vt 0.613188 0.497581
vt 0.618750 0.500681
vt 0.625000 0.504815
vt 0.625000 0.509630
vt 0.618750 0.506994
vt 0.613188 0.504459
vt 0.605621 0.599176
vt 0.605404 0.577979
vt 0.609360 0.598776
vt 0.610427 0.576264
vt 0.604021 0.558672
vt 0.606829 0.558186
vt 0.608158 0.553258
vt 0.610225 0.558060
vt 0.612511 0.555331
vt 0.611982 0.563555
vt 0.611982 0.569334
vt 0.612270 0.564626
vt 0.612270 0.571474
vt 0.611982 0.575112
vt 0.611982 0.580891
vt 0.612270 0.578323
vt 0.612270 0.585172
vt 0.611982 0.586669
vt 0.612270 0.592020
vt 0.611982 0.592448
vt 0.612372 0.602360
vt 0.446816 0.772560
vt 0.462485 0.833191
vt 0.399960 0.799920
vt 0.424970 0.849940
vt 0.494141 0.763589
vt 0.495867 0.822971
vt 0.494490 0.856920
vt 0.475361 0.875426
vt 0.449980 0.899960
vt 0.540856 0.834682
vt 0.520985 0.825810
vt 0.557920 0.773869
vt 0.529749 0.766082
vt 0.524389 0.880957
vt 0.509486 0.869907
vt 0.502227 0.919603
vt 0.488980 0.901940
vt 0.477959 0.955919
vt 0.463970 0.927939
vt 0.446816 0.772560
vt 0.462485 0.833191
vt 0.399960 0.799920
vt 0.424970 0.849940
vt 0.500000 0.765209
vt 0.500000 0.824816
vt 0.500000 0.861005
vt 0.478116 0.879099
vt 0.449980 0.899960
vt 0.575030 0.849940
vt 0.537515 0.833191
vt 0.600040 0.799920
vt 0.553184 0.772560
vt 0.550020 0.899960
vt 0.521884 0.879099
vt 0.500000 1.000000
vt 0.474990 0.949980
vt 0.525010 0.949980
vt 0.500000 0.916633
vt 0.446816 0.772560
vt 0.462485 0.833191
vt 0.399960 0.799920
vt 0.424970 0.849940
vt 0.500000 0.765209
vt 0.500000 0.824816
vt 0.500000 0.861005
vt 0.478116 0.879099
vt 0.449980 0.899960
vt 0.575030 0.849940
vt 0.537515 0.833191
vt 0.600040 0.799920
vt 0.553184 0.772560
vt 0.550020 0.899960
vt 0.521884 0.879099
vt 0.474990 0.949980
vt 0.525010 0.949980
vt 0.500000 0.916633
vt 0.446816 0.772560
vt 0.462485 0.833191
vt 0.399960 0.799920
vt 0.424970 0.849940
vt 0.500000 0.765209
vt 0.500000 0.824816
vt 0.500000 0.861005
vt 0.478116 0.879099
vt 0.449980 0.899960
vt 0.575030 0.849940
vt 0.537515 0.833191
vt 0.600040 0.799920
vt 0.553184 0.772560
vt 0.550020 0.899960
vt 0.521884 0.879099
vt 0.474990 0.949980
vt 0.525010 0.949980
vt 0.500000 0.916633
vt 0.446816 0.772560
vt 0.462485 0.833191
vt 0.399960 0.799920
vt 0.424970 0.849940
vt 0.500000 0.765209
vt 0.500000 0.824816
vt 0.500000 0.861005
vt 0.478116 0.879099
vt 0.449980 0.899960
vt 0.575030 0.849940
vt 0.537515 0.833191
vt 0.600040 0.799920
vt 0.553184 0.772560
vt 0.550020 0.899960
vt 0.521884 0.879099
vt 0.474990 0.949980
vt 0.525010 0.949980
vt 0.500000 0.916633
vt 0.446816 0.772560
vt 0.462485 0.833191
vt 0.399960 0.799920
vt 0.424970 0.849940
vt 0.500000 0.765209
vt 0.500000 0.824816
vt 0.500000 0.861005
vt 0.478116 0.879099
vt 0.449980 0.899960
vt 0.575030 0.849940
vt 0.537515 0.833191
vt 0.600040 0.799920
vt 0.553184 0.772560
vt 0.550020 0.899960
vt 0.521884 0.879099
vt 0.474990 0.949980
vt 0.525010 0.949980
vt 0.500000 0.916633
vt 0.446816 0.772560
vt 0.462485 0.833191
vt 0.399960 0.799920
vt 0.424970 0.849940
vt 0.500000 0.765209
vt 0.500000 0.824816
vt 0.500000 0.861005
vt 0.478116 0.879099
vt 0.449980 0.899960
vt 0.575030 0.849940
vt 0.537515 0.833191
vt 0.600040 0.799920
vt 0.553184 0.772560
vt 0.550020 0.899960
vt 0.521884 0.879099
vt 0.474990 0.949980
vt 0.525010 0.949980
vt 0.500000 0.916633
vt 0.417026 0.780795
vt 0.441472 0.842572
vt 0.399960 0.799920
vt 0.424970 0.849940
vt 0.442020 0.773886
vt 0.459102 0.834701
vt 0.475579 0.880980
vt 0.462357 0.890784
vt 0.449980 0.899960
vt 0.575030 0.849940
vt 0.537515 0.833191
vt 0.600040 0.799920
vt 0.553184 0.772560
vt 0.550020 0.899960
vt 0.524634 0.875432
vt 0.505501 0.856926
vt 0.504126 0.822974
vt 0.505849 0.763592
vt 0.474990 0.949980
vt 0.511001 0.977997
vt 0.485991 0.935311
vt 0.497745 0.919640
vt 0.522003 0.955994
vt 0.446816 0.772560
vt 0.462485 0.833191
vt 0.399960 0.799920
vt 0.424970 0.849940
vt 0.494151 0.763592
vt 0.495874 0.822974
vt 0.494499 0.856927
vt 0.475366 0.875432
vt 0.449980 0.899960
vt 0.575030 0.849940
vt 0.558528 0.842572
vt 0.600040 0.799920
vt 0.582974 0.780796
vt 0.550020 0.899960
vt 0.537643 0.890784
vt 0.524421 0.880980
vt 0.540898 0.834701
vt 0.557980 0.773886
vt 0.488999 0.977997
vt 0.525010 0.949980
vt 0.514009 0.935311
vt 0.477997 0.955994
vt 0.502255 0.919640
vt 0.475611 0.880957
vt 0.459144 0.834682
vt 0.490514 0.869907
vt 0.479015 0.825810
vt 0.442080 0.773869
vt 0.470251 0.766082
vt 0.504133 0.822971
vt 0.505859 0.763589
vt 0.505510 0.856920
vt 0.575030 0.849940
vt 0.537515 0.833191
vt 0.600040 0.799920
vt 0.553184 0.772560
vt 0.550020 0.899960
vt 0.524639 0.875426
vt 0.522041 0.955919
vt 0.497773 0.919603
vt 0.536030 0.927939
vt 0.511020 0.901940
vt 0.801334 0.397332
vt 0.751010 0.497979
vt 0.650585 0.397907
vt 0.625505 0.498144
vt 0.700687 0.598626
vt 0.600343 0.596564
vt 0.511054 0.595306
vt 0.513826 0.498244
vt 0.516588 0.398058
vt 0.650364 0.699273
vt 0.575182 0.690860
vt 0.508282 0.685727
vt 0.443871 0.595656
vt 0.457946 0.687154
vt 0.418123 0.691610
vt 0.390721 0.596748
vt 0.415768 0.398016
vt 0.429797 0.498216
vt 0.363319 0.498129
vt 0.336006 0.397885
vt 1.000000 0.000000
vt 0.950333 0.099333
vt 0.750000 0.000000
vt 0.725167 0.099333
vt 0.900667 0.198666
vt 0.700333 0.198707
vt 0.522069 0.198732
vt 0.524804 0.099333
vt 0.500000 0.000000
vt 0.851000 0.297999
vt 0.675500 0.298164
vt 0.519333 0.298264
vt 0.387940 0.198725
vt 0.401831 0.298236
vt 0.308872 0.298149
vt 0.281827 0.198704
vt 0.360159 0.000000
vt 0.374049 0.099333
vt 0.254782 0.099333
vt 0.220317 0.000000
vt 0.625000 0.610933
vt 0.625000 0.620437
vt 0.622656 0.610500
vt 0.618750 0.611509
vt 0.625000 0.629940
vt 0.618750 0.627512
vt 0.613188 0.628100
vt 0.613188 0.614538
vt 0.614844 0.604726
vt 0.615046 0.604154
vt 0.616406 0.605880
vt 0.616898 0.605522
vt 0.617969 0.607035
vt 0.619531 0.608190
vt 0.618750 0.606891
vt 0.620602 0.608260
vt 0.621094 0.609345
vt 0.622454 0.609628
vt 0.625000 0.639444
vt 0.618750 0.639152
vt 0.625000 0.648948
vt 0.618750 0.648667
vt 0.613188 0.648394
vt 0.613188 0.638900
vt 0.609004 0.628227
vt 0.609004 0.638726
vt 0.609004 0.648205
vt 0.605693 0.638600
vt 0.605693 0.648066
vt 0.605693 0.628129
vt 0.609004 0.615504
vt 0.605693 0.615440
vt 0.625000 0.658586
vt 0.618750 0.658294
vt 0.625000 0.668224
vt 0.618750 0.667997
vt 0.613188 0.667801
vt 0.613188 0.658042
vt 0.625000 0.677862
vt 0.618750 0.677738
vt 0.625000 0.687500
vt 0.618750 0.687500
vt 0.612500 0.687500
vt 0.613188 0.677633
vt 0.609004 0.667669
vt 0.609004 0.677561
vt 0.609004 0.687500
vt 0.605693 0.677511
vt 0.605508 0.687500
vt 0.605693 0.667574
vt 0.609004 0.657868
vt 0.605693 0.657742
vt 0.349637 0.699273
vt 0.424818 0.690860
vt 0.299313 0.598626
vt 0.399657 0.596564
vt 0.491718 0.685727
vt 0.488946 0.595306
vt 0.248990 0.497979
vt 0.374495 0.498144
vt 0.198666 0.397332
vt 0.349415 0.397907
vt 0.486175 0.498244
vt 0.483412 0.398058
vt 0.570203 0.498216
vt 0.556129 0.595655
vt 0.584232 0.398016
vt 0.663994 0.397885
vt 0.636681 0.498129
vt 0.609279 0.596748
vt 0.542054 0.687154
vt 0.581877 0.691610
vt 0.149000 0.297999
vt 0.324500 0.298164
vt 0.099333 0.198666
vt 0.299667 0.198707
vt 0.480667 0.298264
vt 0.477932 0.198732
vt 0.049667 0.099333
vt 0.274833 0.099333
vt 0.000000 0.000000
vt 0.250000 0.000000
vt 0.475196 0.099333
vt 0.500000 0.000000
vt 0.625951 0.099333
vt 0.612060 0.198725
vt 0.639841 0.000000
vt 0.779683 0.000000
vt 0.745218 0.099333
vt 0.718173 0.198704
vt 0.598169 0.298236
vt 0.691128 0.298149
vt 0.375000 0.677862
vt 0.381250 0.677738
vt 0.375000 0.687500
vt 0.381250 0.687500
vt 0.375000 0.668224
vt 0.381250 0.667997
vt 0.386811 0.677633
vt 0.386811 0.667801
vt 0.387500 0.687500
vt 0.375000 0.658586
vt 0.381250 0.658294
vt 0.375000 0.648948
vt 0.381250 0.648667
vt 0.386811 0.658042
vt 0.386811 0.648394
vt 0.390996 0.657868
vt 0.390996 0.667669
vt 0.390996 0.648205
vt 0.394307 0.648066
vt 0.394307 0.657741
vt 0.394307 0.667574
vt 0.390996 0.677561
vt 0.390996 0.687500
vt 0.394307 0.677511
vt 0.394492 0.687500
vt 0.375000 0.639444
vt 0.381250 0.639152
vt 0.375000 0.629940
vt 0.381250 0.629136
vt 0.386812 0.628506
vt 0.386811 0.638900
vt 0.375000 0.620437
vt 0.381250 0.618004
vt 0.386811 0.616162
vt 0.390996 0.615504
vt 0.390996 0.628227
vt 0.394307 0.615440
vt 0.394307 0.628129
vt 0.390996 0.638726
vt 0.394307 0.638600
vt 0.349636 0.699273
vt 0.424818 0.690860
vt 0.299313 0.598626
vt 0.399657 0.596564
vt 0.500000 0.686654
vt 0.500000 0.595533
vt 0.248990 0.497979
vt 0.374495 0.498143
vt 0.198666 0.397332
vt 0.349415 0.397907
vt 0.500000 0.398030
vt 0.500000 0.498226
vt 0.600343 0.596564
vt 0.625505 0.498144
vt 0.650585 0.397907
vt 0.751010 0.497979
vt 0.801334 0.397333
vt 0.700687 0.598626
vt 0.575182 0.690860
vt 0.650364 0.699273
vt 0.149000 0.297999
vt 0.324500 0.298164
vt 0.099333 0.198666
vt 0.299667 0.198707
vt 0.500000 0.198728
vt 0.500000 0.298246
vt 0.049667 0.099333
vt 0.274833 0.099333
vt 0.000000 0.000000
vt 0.250000 0.000000
vt 0.500000 0.000000
vt 0.500000 0.099333
vt 0.700333 0.198707
vt 0.725167 0.099333
vt 0.750000 0.000000
vt 0.950333 0.099333
vt 1.000000 0.000000
vt 0.900667 0.198666
vt 0.675500 0.298164
vt 0.851000 0.297999
vt 0.400874 0.677424
vt 0.406250 0.677384
vt 0.400000 0.687500
vt 0.406250 0.687500
vt 0.400874 0.667411
vt 0.406250 0.667335
vt 0.412500 0.667275
vt 0.412500 0.677351
vt 0.412500 0.687500
vt 0.400874 0.657525
vt 0.406250 0.657423
vt 0.400874 0.647828
vt 0.406250 0.647716
vt 0.412500 0.647627
vt 0.412500 0.657343
vt 0.418750 0.667243
vt 0.418750 0.657300
vt 0.418750 0.647580
vt 0.425000 0.657279
vt 0.425000 0.647558
vt 0.425000 0.667227
vt 0.418750 0.687500
vt 0.418750 0.677334
vt 0.425000 0.677326
vt 0.425000 0.687500
vt 0.400874 0.638383
vt 0.406250 0.638282
vt 0.400874 0.627961
vt 0.406250 0.627883
vt 0.412500 0.638201
vt 0.412500 0.627820
vt 0.400874 0.615332
vt 0.406250 0.615281
vt 0.412500 0.615241
vt 0.418750 0.627787
vt 0.418750 0.615219
vt 0.425000 0.615209
vt 0.425000 0.627771
vt 0.418750 0.638158
vt 0.425000 0.638138
vt 0.349636 0.699273
vt 0.424818 0.690860
vt 0.299313 0.598626
vt 0.399657 0.596564
vt 0.500000 0.686654
vt 0.500000 0.595533
vt 0.248990 0.497979
vt 0.374495 0.498144
vt 0.198666 0.397332
vt 0.349415 0.397907
vt 0.500000 0.398030
vt 0.500000 0.498226
vt 0.600343 0.596564
vt 0.625505 0.498143
vt 0.650585 0.397907
vt 0.751010 0.497979
vt 0.801334 0.397332
vt 0.700687 0.598626
vt 0.575182 0.690860
vt 0.650364 0.699273
vt 0.149000 0.297999
vt 0.324500 0.298164
vt 0.099333 0.198666
vt 0.299667 0.198707
vt 0.500000 0.198728
vt 0.500000 0.298246
vt 0.049667 0.099333
vt 0.274833 0.099333
vt 0.000000 0.000000
vt 0.250000 0.000000
vt 0.500000 0.000000
vt 0.500000 0.099333
vt 0.700333 0.198707
vt 0.725167 0.099333
vt 0.750000 0.000000
vt 0.950333 0.099333
vt 1.000000 0.000000
vt 0.900667 0.198666
vt 0.675500 0.298164
vt 0.851000 0.297999
vt 0.431250 0.677321
vt 0.431250 0.687500
vt 0.431250 0.667217
vt 0.437500 0.667211
vt 0.437500 0.677317
vt 0.437500 0.687500
vt 0.431250 0.657266
vt 0.431250 0.647543
vt 0.437500 0.647534
vt 0.437500 0.657258
vt 0.443750 0.667208
vt 0.443750 0.657254
vt 0.443750 0.647530
vt 0.450000 0.657252
vt 0.450000 0.647527
vt 0.450000 0.667207
vt 0.443750 0.687500
vt 0.443750 0.677316
vt 0.450000 0.677315
vt 0.450000 0.687500
vt 0.431250 0.638124
vt 0.431250 0.627761
vt 0.437500 0.638116
vt 0.437500 0.627754
vt 0.431250 0.615203
vt 0.437500 0.615199
vt 0.443750 0.627751
vt 0.443750 0.615196
vt 0.450000 0.615195
vt 0.450000 0.627750
vt 0.443750 0.638112
vt 0.450000 0.638110
vt 0.349636 0.699273
vt 0.424818 0.690860
vt 0.299313 0.598626
vt 0.399657 0.596564
vt 0.500000 0.686654
vt 0.500000 0.595533
vt 0.248990 0.497979
vt 0.374495 0.498144
vt 0.198666 0.397332
vt 0.349415 0.397907
vt 0.500000 0.398030
vt 0.500000 0.498226
vt 0.600343 0.596564
vt 0.625505 0.498144
vt 0.650585 0.397907
vt 0.751010 0.497979
vt 0.801334 0.397332
vt 0.700687 0.598626
vt 0.575182 0.690860
vt 0.650364 0.699273
vt 0.149000 0.297999
vt 0.324500 0.298164
vt 0.099333 0.198666
vt 0.299667 0.198707
vt 0.500000 0.198728
vt 0.500000 0.298246
vt 0.049667 0.099333
vt 0.274833 0.099333
vt 0.000000 0.000000
vt 0.250000 0.000000
vt 0.500000 0.000000
vt 0.500000 0.099333
vt 0.700333 0.198707
vt 0.725167 0.099333
vt 0.750000 0.000000
vt 0.950333 0.099333
vt 1.000000 0.000000
vt 0.900667 0.198666
vt 0.675500 0.298164
vt 0.851000 0.297999
vt 0.456250 0.677314
vt 0.456250 0.687500
vt 0.456250 0.667206
vt 0.462500 0.667205
vt 0.462500 0.677314
vt 0.462500 0.687500
vt 0.456250 0.657251
vt 0.456250 0.647526
vt 0.462500 0.647525
vt 0.462500 0.657250
vt 0.468750 0.667205
vt 0.468750 0.657249
vt 0.468750 0.647525
vt 0.475000 0.657249
vt 0.475000 0.647524
vt 0.475000 0.667205
vt 0.468750 0.687500
vt 0.468750 0.677314
vt 0.475000 0.677314
vt 0.475000 0.687500
vt 0.456250 0.638109
vt 0.456250 0.627749
vt 0.462500 0.638108
vt 0.462500 0.627748
vt 0.456250 0.615195
vt 0.462500 0.615194
vt 0.468750 0.627748
vt 0.468750 0.615194
vt 0.475000 0.615194
vt 0.475000 0.627747
vt 0.468750 0.638108
vt 0.475000 0.638107
vt 0.349636 0.699273
vt 0.424818 0.690860
vt 0.299313 0.598626
vt 0.399657 0.596564
vt 0.500000 0.686654
vt 0.500000 0.595533
vt 0.248990 0.497979
vt 0.374495 0.498144
vt 0.198666 0.397333
vt 0.349415 0.397907
vt 0.500000 0.398030
vt 0.500000 0.498226
vt 0.600343 0.596564
vt 0.625505 0.498144
vt 0.650585 0.397907
vt 0.751010 0.497979
vt 0.801334 0.397333
vt 0.700687 0.598626
vt 0.575182 0.690860
vt 0.650364 0.699273
vt 0.149000 0.297999
vt 0.324500 0.298164
vt 0.099333 0.198666
vt 0.299667 0.198707
vt 0.500000 0.198728
vt 0.500000 0.298246
vt 0.049667 0.099333
vt 0.274833 0.099333
vt 0.000000 0.000000
vt 0.250000 0.000000
vt 0.500000 0.000000
vt 0.500000 0.099333
vt 0.700333 0.198707
vt 0.725167 0.099333
vt 0.750000 0.000000
vt 0.950333 0.099333
vt 1.000000 0.000000
vt 0.900667 0.198666
vt 0.675500 0.298164
vt 0.851000 0.297999
vt 0.481250 0.677314
vt 0.481250 0.687500
vt 0.481250 0.667204
vt 0.487500 0.667204
vt 0.487500 0.677314
vt 0.487500 0.687500
vt 0.481250 0.657249
vt 0.481250 0.647524
vt 0.487500 0.647524
vt 0.487500 0.657249
vt 0.493750 0.667204
vt 0.493750 0.657249
vt 0.493750 0.647524
vt 0.500000 0.657249
vt 0.500000 0.647524
vt 0.500000 0.667204
vt 0.493750 0.687500
vt 0.493750 0.677314
vt 0.500000 0.677314
vt 0.500000 0.687500
vt 0.481250 0.638107
vt 0.481250 0.627747
vt 0.487500 0.638107
vt 0.487500 0.627747
vt 0.481250 0.615194
vt 0.487500 0.615194
vt 0.493750 0.627747
vt 0.493750 0.615194
vt 0.500000 0.615194
vt 0.500000 0.627747
vt 0.493750 0.638107
vt 0.500000 0.638107
vt 0.349636 0.699273
vt 0.424818 0.690860
vt 0.299313 0.598626
vt 0.399657 0.596564
vt 0.500000 0.686654
vt 0.500000 0.595533
vt 0.248990 0.497979
vt 0.374495 0.498144
vt 0.198666 0.397333
vt 0.349415 0.397907
vt 0.500000 0.398030
vt 0.500000 0.498226
vt 0.600343 0.596564
vt 0.625505 0.498144
vt 0.650585 0.397907
vt 0.751010 0.497979
vt 0.801334 0.397333
vt 0.700687 0.598626
vt 0.575182 0.690860
vt 0.650364 0.699273
vt 0.149000 0.297999
vt 0.324500 0.298164
vt 0.099333 0.198666
vt 0.299667 0.198707
vt 0.500000 0.198728
vt 0.500000 0.298246
vt 0.049667 0.099333
vt 0.274833 0.099333
vt 0.000000 0.000000
vt 0.250000 0.000000
vt 0.500000 0.000000
vt 0.500000 0.099333
vt 0.700333 0.198707
vt 0.725167 0.099333
vt 0.750000 0.000000
vt 0.950333 0.099333
vt 1.000000 0.000000
vt 0.900667 0.198666
vt 0.675500 0.298164
vt 0.851000 0.297999
vt 0.506250 0.677314
vt 0.506250 0.687500
vt 0.506250 0.667204
vt 0.512500 0.667204
vt 0.512500 0.677314
vt 0.512500 0.687500
vt 0.506250 0.657249
vt 0.506250 0.647524
vt 0.512500 0.647524
vt 0.512500 0.657249
vt 0.518750 0.667204
vt 0.518750 0.657249
vt 0.518750 0.647524
vt 0.525000 0.657249
vt 0.525000 0.647525
vt 0.525000 0.667205
vt 0.518750 0.687500
vt 0.518750 0.677314
vt 0.525000 0.677314
vt 0.525000 0.687500
vt 0.506250 0.638107
vt 0.506250 0.627747
vt 0.512500 0.638107
vt 0.512500 0.627747
vt 0.506250 0.615194
vt 0.512500 0.615194
vt 0.518750 0.627747
vt 0.518750 0.615194
vt 0.525000 0.615194
vt 0.525000 0.627748
vt 0.518750 0.638107
vt 0.525000 0.638107
vt 0.349636 0.699273
vt 0.424818 0.690860
vt 0.299313 0.598626
vt 0.399657 0.596564
vt 0.500000 0.686654
vt 0.500000 0.595533
vt 0.248990 0.497979
vt 0.374495 0.498144
vt 0.198666 0.397332
vt 0.349415 0.397907
vt 0.500000 0.398030
vt 0.500000 0.498226
vt 0.600343 0.596564
vt 0.625505 0.498144
vt 0.650585 0.397907
vt 0.751010 0.497979
vt 0.801334 0.397333
vt 0.700687 0.598626
vt 0.575182 0.690860
vt 0.650364 0.699273
vt 0.149000 0.297999
vt 0.324500 0.298164
vt 0.099333 0.198666
vt 0.299667 0.198707
vt 0.500000 0.198728
vt 0.500000 0.298246
vt 0.049667 0.099333
vt 0.274833 0.099333
vt 0.000000 0.000000
vt 0.250000 0.000000
vt 0.500000 0.000000
vt 0.500000 0.099333
vt 0.700333 0.198707
vt 0.725167 0.099333
vt 0.750000 0.000000
vt 0.950333 0.099333
vt 1.000000 0.000000
vt 0.900667 0.198666
vt 0.675500 0.298164
vt 0.851000 0.297999
vt 0.531250 0.677314
vt 0.531250 0.687500
vt 0.531250 0.667205
vt 0.537500 0.667205
vt 0.537500 0.677314
vt 0.537500 0.687500
vt 0.531250 0.657249
vt 0.531250 0.647525
vt 0.537500 0.647525
vt 0.537500 0.657250
vt 0.543750 0.667206
vt 0.543750 0.657251
vt 0.543750 0.647526
vt 0.549125 0.657252
vt 0.549125 0.647527
vt 0.549125 0.667206
vt 0.543750 0.687500
vt 0.543750 0.677314
vt 0.549125 0.677315
vt 0.550000 0.687500
vt 0.531250 0.638108
vt 0.531250 0.627748
vt 0.537500 0.638108
vt 0.537500 0.627748
vt 0.531250 0.615194
vt 0.537500 0.615194
vt 0.543750 0.627749
vt 0.543750 0.615195
vt 0.549125 0.615195
vt 0.549125 0.627749
vt 0.543750 0.638109
vt 0.549125 0.638110
vt 0.349636 0.699273
vt 0.382708 0.695572
vt 0.299313 0.598626
vt 0.343452 0.597719
vt 0.390608 0.596750
vt 0.418039 0.691619
vt 0.248990 0.497979
vt 0.304197 0.498052
vt 0.198666 0.397332
vt 0.265070 0.397769
vt 0.335836 0.397885
vt 0.363177 0.498129
vt 0.513802 0.498244
vt 0.625505 0.498144
vt 0.511035 0.595306
vt 0.600343 0.596564
vt 0.516560 0.398057
vt 0.650585 0.397907
vt 0.751010 0.497979
vt 0.801334 0.397333
vt 0.700687 0.598626
vt 0.508268 0.685729
vt 0.575182 0.690860
vt 0.650364 0.699273
vt 0.149000 0.297999
vt 0.226199 0.298072
vt 0.099333 0.198666
vt 0.187456 0.198684
vt 0.281601 0.198704
vt 0.308674 0.298149
vt 0.049667 0.099333
vt 0.148714 0.099333
vt 0.000000 0.000000
vt 0.109971 0.000000
vt 0.219941 0.000000
vt 0.254529 0.099333
vt 0.524762 0.099333
vt 0.725167 0.099333
vt 0.522031 0.198732
vt 0.700333 0.198707
vt 0.500000 0.000000
vt 0.750000 0.000000
vt 0.950333 0.099333
vt 1.000000 0.000000
vt 0.900667 0.198666
vt 0.519300 0.298264
vt 0.675500 0.298164
vt 0.851000 0.297999
vt 0.552749 0.687500
vt 0.552749 0.677315
vt 0.552749 0.667207
vt 0.555686 0.667208
vt 0.555686 0.677316
vt 0.555498 0.687500
vt 0.552749 0.657253
vt 0.552749 0.647528
vt 0.555686 0.647529
vt 0.555686 0.657254
vt 0.563187 0.657258
vt 0.568750 0.657266
vt 0.563187 0.667212
vt 0.568750 0.667217
vt 0.563187 0.647535
vt 0.568750 0.647543
vt 0.575000 0.657279
vt 0.575000 0.647558
vt 0.575000 0.667227
vt 0.563187 0.677318
vt 0.568750 0.677321
vt 0.562500 0.687500
vt 0.568750 0.687500
vt 0.575000 0.677326
vt 0.575000 0.687500
vt 0.552749 0.638111
vt 0.552749 0.627750
vt 0.555686 0.627751
vt 0.555686 0.638112
vt 0.552749 0.615196
vt 0.555686 0.615196
vt 0.563187 0.627755
vt 0.563187 0.615199
vt 0.568750 0.627761
vt 0.568750 0.615203
vt 0.575000 0.613311
vt 0.575000 0.627296
vt 0.563187 0.638117
vt 0.568750 0.638124
vt 0.575000 0.638138
vt 0.349636 0.699273
vt 0.424818 0.690860
vt 0.299313 0.598626
vt 0.399657 0.596564
vt 0.491732 0.685729
vt 0.488965 0.595306
vt 0.248990 0.497979
vt 0.374495 0.498144
vt 0.198666 0.397333
vt 0.349415 0.397907
vt 0.486198 0.498244
vt 0.483440 0.398058
vt 0.609392 0.596750
vt 0.636823 0.498129
vt 0.656548 0.597719
vt 0.695803 0.498052
vt 0.664164 0.397885
vt 0.734930 0.397769
vt 0.751010 0.497979
vt 0.801334 0.397333
vt 0.700687 0.598626
vt 0.581961 0.691619
vt 0.617292 0.695572
vt 0.650364 0.699273
vt 0.149000 0.297999
vt 0.324500 0.298164
vt 0.099333 0.198666
vt 0.299667 0.198707
vt 0.480700 0.298264
vt 0.477969 0.198732
vt 0.049667 0.099333
vt 0.274833 0.099333
vt 0.000000 0.000000
vt 0.250000 0.000000
vt 0.475238 0.099333
vt 0.500000 0.000000
vt 0.718399 0.198704
vt 0.745471 0.099333
vt 0.812544 0.198684
vt 0.851286 0.099333
vt 0.780059 0.000000
vt 0.890029 0.000000
vt 0.950333 0.099333
vt 1.000000 0.000000
vt 0.900667 0.198666
vt 0.691326 0.298149
vt 0.773801 0.298072
vt 0.851000 0.297999
vt 0.581250 0.677334
vt 0.581250 0.687500
vt 0.581250 0.667243
vt 0.586813 0.677347
vt 0.586813 0.667266
vt 0.587500 0.687500
vt 0.581250 0.657300
vt 0.581250 0.647580
vt 0.586813 0.657332
vt 0.586813 0.647615
vt 0.594314 0.667342
vt 0.594314 0.657433
vt 0.597251 0.667377
vt 0.597251 0.657480
vt 0.594314 0.647726
vt 0.597251 0.647778
vt 0.600001 0.657539
vt 0.600001 0.647843
vt 0.600001 0.667422
vt 0.594501 0.687500
vt 0.594314 0.677387
vt 0.597251 0.687500
vt 0.597251 0.677406
vt 0.600001 0.677430
vt 0.600000 0.687500
vt 0.581250 0.638158
vt 0.581250 0.625889
vt 0.586813 0.627337
vt 0.586813 0.638190
vt 0.581250 0.607628
vt 0.577344 0.603070
vt 0.577546 0.602226
vt 0.578906 0.603071
vt 0.579398 0.602228
vt 0.580469 0.603072
vt 0.582031 0.603073
vt 0.581250 0.602229
vt 0.583102 0.602230
vt 0.583594 0.603074
vt 0.584954 0.602232
vt 0.585156 0.603076
vt 0.587625 0.601969
vt 0.586813 0.613337
vt 0.594314 0.615286
vt 0.597251 0.615309
vt 0.594314 0.627890
vt 0.597251 0.627926
vt 0.600001 0.615339
vt 0.600001 0.627972
vt 0.594314 0.638291
vt 0.597251 0.638338
vt 0.600001 0.638397
vt 0.540862 0.126562
vt 0.550023 0.119906
vt 0.535874 0.120233
vt 0.543777 0.112422
vt 0.559556 0.112980
vt 0.552055 0.104190
vt 0.536483 0.106035
vt 0.543283 0.096676
vt 0.530077 0.114853
vt 0.523169 0.111001
vt 0.528155 0.101072
vt 0.533426 0.090655
vt 0.519107 0.097444
vt 0.522748 0.086237
vt 0.515608 0.108214
vt 0.550344 0.086958
vt 0.538886 0.079912
vt 0.557536 0.077059
vt 0.544442 0.069007
vt 0.526485 0.074739
vt 0.530268 0.063094
vt 0.569338 0.105873
vt 0.560585 0.095677
vt 0.579243 0.098677
vt 0.569240 0.087024
vt 0.509655 0.095061
vt 0.507853 0.106025
vt 0.511514 0.083535
vt 0.500000 0.082613
vt 0.500000 0.094181
vt 0.500000 0.105080
vt 0.490345 0.095061
vt 0.492147 0.106025
vt 0.488486 0.083535
vt 0.477251 0.086237
vt 0.480893 0.097444
vt 0.484392 0.108214
vt 0.500000 0.070600
vt 0.486590 0.071635
vt 0.500000 0.058364
vt 0.484674 0.059547
vt 0.469732 0.063094
vt 0.473515 0.074739
vt 0.513410 0.071635
vt 0.515326 0.059547
vt 0.476831 0.111001
vt 0.471845 0.101072
vt 0.466574 0.090655
vt 0.463517 0.106035
vt 0.456717 0.096676
vt 0.469923 0.114853
vt 0.464126 0.120233
vt 0.456223 0.112422
vt 0.447945 0.104190
vt 0.449977 0.119906
vt 0.440444 0.112980
vt 0.459138 0.126562
vt 0.449656 0.086958
vt 0.439415 0.095677
vt 0.442464 0.077059
vt 0.430760 0.087024
vt 0.430662 0.105873
vt 0.420757 0.098677
vt 0.461114 0.079912
vt 0.455558 0.069007
vt 0.444789 0.128159
vt 0.454660 0.133261
vt 0.434402 0.122830
vt 0.429967 0.133495
vt 0.440969 0.137070
vt 0.451335 0.140438
vt 0.438822 0.146524
vt 0.449807 0.148198
vt 0.427286 0.144730
vt 0.426384 0.156250
vt 0.438168 0.156250
vt 0.449492 0.156250
vt 0.418542 0.129783
vt 0.415382 0.142856
vt 0.406905 0.126002
vt 0.403294 0.140943
vt 0.402050 0.156250
vt 0.414294 0.156250
vt 0.423670 0.117348
vt 0.412766 0.111791
vt 0.449807 0.164302
vt 0.438822 0.165976
vt 0.427286 0.167770
vt 0.440969 0.175430
vt 0.429967 0.179005
vt 0.451335 0.172062
vt 0.454660 0.179239
vt 0.444789 0.184341
vt 0.434402 0.189670
vt 0.449977 0.192594
vt 0.440444 0.199520
vt 0.459138 0.185938
vt 0.418542 0.182717
vt 0.423670 0.195152
vt 0.406905 0.186498
vt 0.412766 0.200709
vt 0.430662 0.206627
vt 0.420757 0.213823
vt 0.415382 0.169644
vt 0.403294 0.171557
vt 0.456223 0.200078
vt 0.464126 0.192267
vt 0.447945 0.208310
vt 0.456717 0.215824
vt 0.463517 0.206465
vt 0.469923 0.197647
vt 0.471845 0.211428
vt 0.476831 0.201499
vt 0.466574 0.221845
vt 0.477251 0.226263
vt 0.480893 0.215056
vt 0.484392 0.204286
vt 0.449656 0.225542
vt 0.461114 0.232588
vt 0.442464 0.235441
vt 0.455558 0.243493
vt 0.469732 0.249406
vt 0.473515 0.237761
vt 0.439415 0.216823
vt 0.430760 0.225476
vt 0.492147 0.206475
vt 0.490345 0.217439
vt 0.488486 0.228965
vt 0.500000 0.218319
vt 0.500000 0.229887
vt 0.500000 0.207420
vt 0.507853 0.206475
vt 0.509655 0.217439
vt 0.511514 0.228965
vt 0.519107 0.215056
vt 0.522748 0.226263
vt 0.515608 0.204286
vt 0.500000 0.241900
vt 0.513410 0.240865
vt 0.500000 0.254136
vt 0.515326 0.252953
vt 0.526485 0.237761
vt 0.530268 0.249406
vt 0.486590 0.240865
vt 0.484674 0.252953
vt 0.528155 0.211428
vt 0.523169 0.201499
vt 0.533426 0.221845
vt 0.543283 0.215824
vt 0.536483 0.206465
vt 0.530077 0.197647
vt 0.543777 0.200078
vt 0.535874 0.192267
vt 0.552055 0.208310
vt 0.559556 0.199520
vt 0.550023 0.192594
vt 0.540862 0.185938
vt 0.550344 0.225542
vt 0.560585 0.216823
vt 0.557536 0.235441
vt 0.569240 0.225476
vt 0.579243 0.213823
vt 0.569338 0.206627
vt 0.538886 0.232588
vt 0.544442 0.243493
vt 0.545340 0.179239
vt 0.555211 0.184341
vt 0.565598 0.189670
vt 0.559031 0.175430
vt 0.570033 0.179005
vt 0.548665 0.172062
vt 0.550193 0.164302
vt 0.561178 0.165976
vt 0.572714 0.167770
vt 0.561832 0.156250
vt 0.573616 0.156250
vt 0.550508 0.156250
vt 0.581458 0.182717
vt 0.584618 0.169644
vt 0.593095 0.186498
vt 0.596706 0.171557
vt 0.585706 0.156250
vt 0.597950 0.156250
vt 0.576330 0.195152
vt 0.587234 0.200709
vt 0.561178 0.146524
vt 0.550193 0.148198
vt 0.572714 0.144730
vt 0.570033 0.133495
vt 0.559031 0.137070
vt 0.548665 0.140438
vt 0.555211 0.128159
vt 0.545340 0.133261
vt 0.565598 0.122830
vt 0.581458 0.129783
vt 0.576330 0.117348
vt 0.593095 0.126002
vt 0.587234 0.111791
vt 0.584618 0.142856
vt 0.596706 0.140943
vt 0.589148 0.091480
vt 0.577895 0.078371
vt 0.599620 0.083872
vt 0.586927 0.069443
vt 0.572050 0.057081
vt 0.564728 0.067160
vt 0.549997 0.058101
vt 0.555696 0.046753
vt 0.534052 0.051450
vt 0.538051 0.039140
vt 0.579633 0.046644
vt 0.561684 0.034517
vt 0.587346 0.036028
vt 0.567815 0.021838
vt 0.548284 0.007647
vt 0.542483 0.025500
vt 0.611223 0.075442
vt 0.596714 0.059968
vt 0.626409 0.064409
vt 0.606878 0.050218
vt 0.517242 0.047459
vt 0.519302 0.034927
vt 0.500000 0.033671
vt 0.500000 0.046128
vt 0.482758 0.047459
vt 0.480698 0.034927
vt 0.465948 0.051450
vt 0.461949 0.039140
vt 0.500000 0.020770
vt 0.478350 0.021509
vt 0.500000 0.007647
vt 0.475858 0.007647
vt 0.457517 0.025500
vt 0.451716 0.007647
vt 0.521650 0.021509
vt 0.524142 0.007647
vt 0.450003 0.058101
vt 0.444304 0.046753
vt 0.427950 0.057081
vt 0.435272 0.067160
vt 0.422105 0.078371
vt 0.413073 0.069443
vt 0.410852 0.091480
vt 0.400380 0.083872
vt 0.420367 0.046644
vt 0.403286 0.059968
vt 0.412654 0.036028
vt 0.393122 0.050218
vt 0.373591 0.064409
vt 0.388777 0.075442
vt 0.438316 0.034517
vt 0.432185 0.021838
vt 0.401861 0.106234
vt 0.390580 0.100402
vt 0.383420 0.118371
vt 0.395268 0.122221
vt 0.391205 0.139030
vt 0.378651 0.137116
vt 0.389807 0.156250
vt 0.376863 0.156250
vt 0.371151 0.114384
vt 0.365164 0.135203
vt 0.358671 0.110329
vt 0.351210 0.133290
vt 0.362521 0.156250
vt 0.343750 0.156250
vt 0.378544 0.094023
vt 0.366131 0.087369
vt 0.391205 0.173470
vt 0.378651 0.175384
vt 0.383420 0.194129
vt 0.395268 0.190279
vt 0.401861 0.206266
vt 0.390580 0.212098
vt 0.410852 0.221020
vt 0.400380 0.228628
vt 0.371151 0.198116
vt 0.378544 0.218477
vt 0.358671 0.202171
vt 0.366131 0.225131
vt 0.373591 0.248091
vt 0.388777 0.237058
vt 0.365164 0.177297
vt 0.351210 0.179210
vt 0.422105 0.234129
vt 0.413073 0.243057
vt 0.427950 0.255419
vt 0.435272 0.245340
vt 0.450003 0.254399
vt 0.444304 0.265747
vt 0.465948 0.261050
vt 0.461949 0.273360
vt 0.420367 0.265856
vt 0.438316 0.277983
vt 0.412654 0.276472
vt 0.432185 0.290662
vt 0.457517 0.287000
vt 0.451716 0.304853
vt 0.403286 0.252532
vt 0.393122 0.262282
vt 0.482758 0.265041
vt 0.480698 0.277573
vt 0.500000 0.278829
vt 0.500000 0.266372
vt 0.517242 0.265041
vt 0.519302 0.277573
vt 0.534052 0.261050
vt 0.538051 0.273360
vt 0.500000 0.291730
vt 0.521650 0.290991
vt 0.500000 0.304853
vt 0.524142 0.304853
vt 0.548284 0.304853
vt 0.542483 0.287000
vt 0.478350 0.290991
vt 0.475858 0.304853
vt 0.549997 0.254399
vt 0.555696 0.265747
vt 0.572050 0.255419
vt 0.564728 0.245340
vt 0.577895 0.234129
vt 0.586927 0.243057
vt 0.589148 0.221020
vt 0.599620 0.228628
vt 0.579633 0.265856
vt 0.596714 0.252532
vt 0.587346 0.276472
vt 0.606878 0.262282
vt 0.611223 0.237058
vt 0.626409 0.248091
vt 0.561684 0.277983
vt 0.567815 0.290662
vt 0.598139 0.206266
vt 0.609420 0.212098
vt 0.616580 0.194129
vt 0.604732 0.190279
vt 0.608795 0.173470
vt 0.621349 0.175384
vt 0.610194 0.156250
vt 0.623137 0.156250
vt 0.628849 0.198116
vt 0.634836 0.177297
vt 0.641329 0.202171
vt 0.648790 0.179210
vt 0.656250 0.156250
vt 0.637479 0.156250
vt 0.621456 0.218477
vt 0.633869 0.225131
vt 0.608795 0.139030
vt 0.621349 0.137116
vt 0.616580 0.118371
vt 0.604732 0.122221
vt 0.598139 0.106234
vt 0.609420 0.100402
vt 0.628849 0.114384
vt 0.621456 0.094023
vt 0.641329 0.110329
vt 0.633869 0.087369
vt 0.634836 0.135203
vt 0.648790 0.133290
vt 0.375000 0.359375
vt 0.381250 0.359375
vt 0.375000 0.312500
vt 0.381250 0.312500
vt 0.375000 0.406250
vt 0.381250 0.405652
vt 0.387500 0.405203
vt 0.387500 0.359375
vt 0.387500 0.312500
vt 0.393750 0.359375
vt 0.393750 0.312500
vt 0.393750 0.405054
vt 0.400000 0.405054
vt 0.400000 0.359375
vt 0.400000 0.312500
vt 0.387500 0.448938
vt 0.393750 0.448340
vt 0.387500 0.489367
vt 0.393750 0.488036
vt 0.400000 0.488036
vt 0.400000 0.448340
vt 0.375000 0.453125
vt 0.381250 0.450732
vt 0.375000 0.500000
vt 0.381250 0.493359
vt 0.406250 0.312500
vt 0.406250 0.359375
vt 0.406250 0.405054
vt 0.412500 0.359375
vt 0.412500 0.405054
vt 0.412500 0.312500
vt 0.418750 0.312500
vt 0.418750 0.359375
vt 0.418750 0.405054
vt 0.425000 0.359375
vt 0.425000 0.405054
vt 0.425000 0.312500
vt 0.412500 0.448340
vt 0.418750 0.448340
vt 0.412500 0.488036
vt 0.418750 0.488036
vt 0.425000 0.448340
vt 0.425000 0.488036
vt 0.406250 0.448340
vt 0.406250 0.488036
vt 0.431250 0.359375
vt 0.431250 0.312500
vt 0.431250 0.405054
vt 0.437500 0.405054
vt 0.437500 0.359375
vt 0.437500 0.312500
vt 0.443750 0.359375
vt 0.443750 0.312500
vt 0.443750 0.405054
vt 0.450000 0.405054
vt 0.450000 0.359375
vt 0.450000 0.312500
vt 0.437500 0.448340
vt 0.443750 0.448340
vt 0.437500 0.488036
vt 0.443750 0.488036
vt 0.450000 0.488036
vt 0.450000 0.448340
vt 0.431250 0.448340
vt 0.431250 0.488036
vt 0.456250 0.312500
vt 0.456250 0.359375
vt 0.456250 0.405054
vt 0.462500 0.359375
vt 0.462500 0.405054
vt 0.462500 0.312500
vt 0.468750 0.312500
vt 0.468750 0.359375
vt 0.468750 0.405054
vt 0.475000 0.359375
vt 0.475000 0.405054
vt 0.475000 0.312500
vt 0.462500 0.448340
vt 0.468750 0.448340
vt 0.462500 0.488036
vt 0.468750 0.488036
vt 0.475000 0.448340
vt 0.475000 0.488036
vt 0.456250 0.448340
vt 0.456250 0.488036
vt 0.481250 0.359375
vt 0.481250 0.312500
vt 0.481250 0.405054
vt 0.487500 0.405054
vt 0.487500 0.359375
vt 0.487500 0.312500
vt 0.493750 0.359375
vt 0.493750 0.312500
vt 0.493750 0.405054
vt 0.500000 0.405054
vt 0.500000 0.359375
vt 0.500000 0.312500
vt 0.487500 0.448340
vt 0.493750 0.448340
vt 0.487500 0.488036
vt 0.493750 0.488036
vt 0.500000 0.488036
vt 0.500000 0.448340
vt 0.481250 0.448340
vt 0.481250 0.488036
vt 0.506250 0.312500
vt 0.506250 0.359375
vt 0.506250 0.405054
vt 0.512500 0.359375
vt 0.512500 0.405054
vt 0.512500 0.312500
vt 0.518750 0.312500
vt 0.518750 0.359375
vt 0.518750 0.405054
vt 0.525000 0.359375
vt 0.525000 0.405054
vt 0.525000 0.312500
vt 0.512500 0.448340
vt 0.518750 0.448340
vt 0.512500 0.488036
vt 0.518750 0.488036
vt 0.525000 0.448340
vt 0.525000 0.488036
vt 0.506250 0.448340
vt 0.506250 0.488036
vt 0.531250 0.359375
vt 0.531250 0.312500
vt 0.531250 0.405054
vt 0.537500 0.405054
vt 0.537500 0.359375
vt 0.537500 0.312500
vt 0.543750 0.359375
vt 0.543750 0.312500
vt 0.543750 0.405054
vt 0.550000 0.405054
vt 0.550000 0.359375
vt 0.550000 0.312500
vt 0.537500 0.448340
vt 0.543750 0.448340
vt 0.537500 0.488036
vt 0.543750 0.488036
vt 0.550000 0.488036
vt 0.550000 0.448340
vt 0.531250 0.448340
vt 0.531250 0.488036
vt 0.556250 0.312500
vt 0.556250 0.359375
vt 0.556250 0.405054
vt 0.562500 0.359375
vt 0.562500 0.405054
vt 0.562500 0.312500
vt 0.568750 0.312500
vt 0.568750 0.359375
vt 0.568750 0.405054
vt 0.575000 0.359375
vt 0.575000 0.405054
vt 0.575000 0.312500
vt 0.562500 0.448340
vt 0.568750 0.448340
vt 0.562617 0.488408
vt 0.569219 0.489525
vt 0.575000 0.448340
vt 0.575612 0.489715
vt 0.556250 0.448340
vt 0.556250 0.488036
vt 0.581250 0.359375
vt 0.581250 0.312500
vt 0.581250 0.405054
vt 0.587500 0.405054
vt 0.587500 0.359375
vt 0.587500 0.312500
vt 0.593750 0.359375
vt 0.593750 0.312500
vt 0.593750 0.405054
vt 0.600000 0.405054
vt 0.600000 0.359375
vt 0.600000 0.312500
vt 0.587500 0.448340
vt 0.593750 0.448340
vt 0.587135 0.489715
vt 0.593437 0.489525
vt 0.600013 0.488819
vt 0.600000 0.448340
vt 0.581250 0.448340
vt 0.581354 0.487311
vt 0.606250 0.312500
vt 0.606250 0.359375
vt 0.606250 0.405054
vt 0.612500 0.359375
vt 0.612500 0.405203
vt 0.612500 0.312500
vt 0.618750 0.312500
vt 0.618750 0.359375
vt 0.618750 0.405652
vt 0.625000 0.359375
vt 0.625000 0.406250
vt 0.625000 0.312500
vt 0.612500 0.448938
vt 0.618750 0.450732
vt 0.612947 0.490908
vt 0.618715 0.491306
vt 0.625000 0.453125
vt 0.625000 0.500000
vt 0.606250 0.448340
vt 0.606614 0.489680
vt 0.512298 0.118400
vt 0.518561 0.120280
vt 0.508976 0.128624
vt 0.514932 0.129317
vt 0.520066 0.128632
vt 0.524194 0.122951
vt 0.528474 0.127482
vt 0.532197 0.132857
vt 0.521001 0.133726
vt 0.523500 0.139176
vt 0.500000 0.156250
vt 0.514240 0.145904
vt 0.505439 0.139509
vt 0.512881 0.138521
vt 0.487702 0.118400
vt 0.493874 0.116240
vt 0.491024 0.128624
vt 0.496249 0.125683
vt 0.500000 0.122112
vt 0.500000 0.115090
vt 0.506126 0.116240
vt 0.503751 0.125683
vt 0.494561 0.139509
vt 0.500000 0.134335
vt 0.467803 0.132857
vt 0.471526 0.127482
vt 0.476500 0.139176
vt 0.478999 0.133726
vt 0.479934 0.128632
vt 0.475806 0.122951
vt 0.481439 0.120280
vt 0.485068 0.129317
vt 0.485760 0.145904
vt 0.487119 0.138521
vt 0.460202 0.156250
vt 0.460055 0.149713
vt 0.470953 0.156250
vt 0.469770 0.150372
vt 0.467533 0.145701
vt 0.460854 0.143531
vt 0.463841 0.138060
vt 0.472088 0.143237
vt 0.482398 0.156250
vt 0.479158 0.149478
vt 0.467803 0.179643
vt 0.463841 0.174440
vt 0.476500 0.173324
vt 0.472088 0.169263
vt 0.467533 0.166799
vt 0.460854 0.168969
vt 0.460055 0.162787
vt 0.469770 0.162128
vt 0.485760 0.166596
vt 0.479158 0.163022
vt 0.487702 0.194100
vt 0.481439 0.192220
vt 0.491024 0.183876
vt 0.485068 0.183183
vt 0.479934 0.183868
vt 0.475806 0.189550
vt 0.471526 0.185018
vt 0.478999 0.178774
vt 0.494561 0.172991
vt 0.487119 0.173979
vt 0.512298 0.194100
vt 0.506126 0.196260
vt 0.508976 0.183876
vt 0.503751 0.186817
vt 0.500000 0.190388
vt 0.500000 0.197410
vt 0.493874 0.196260
vt 0.496249 0.186817
vt 0.505439 0.172991
vt 0.500000 0.178165
vt 0.532197 0.179643
vt 0.528474 0.185018
vt 0.523500 0.173324
vt 0.521001 0.178774
vt 0.520066 0.183868
vt 0.524193 0.189550
vt 0.518561 0.192220
vt 0.514932 0.183183
vt 0.514240 0.166596
vt 0.512881 0.173979
vt 0.539798 0.156250
vt 0.539945 0.162787
vt 0.529047 0.156250
vt 0.530230 0.162128
vt 0.532467 0.166799
vt 0.539146 0.168969
vt 0.536159 0.174440
vt 0.527912 0.169263
vt 0.517602 0.156250
vt 0.520842 0.163022
vt 0.536159 0.138060
vt 0.527912 0.143237
vt 0.532467 0.145701
vt 0.539146 0.143531
vt 0.539945 0.149713
vt 0.530230 0.150372
vt 0.520842 0.149478
vt 0.375000 0.541600
vt 0.381250 0.532274
vt 0.375000 0.583200
vt 0.381771 0.562765
vt 0.387630 0.555526
vt 0.387500 0.525279
vt 0.393750 0.522948
vt 0.393750 0.553109
vt 0.400000 0.553104
vt 0.400000 0.522948
vt 0.388021 0.578959
vt 0.393750 0.578557
vt 0.387630 0.598029
vt 0.393750 0.599325
vt 0.400000 0.578536
vt 0.400000 0.599274
vt 0.381771 0.594021
vt 0.383333 0.580120
vt 0.406250 0.522948
vt 0.406250 0.553101
vt 0.412500 0.522948
vt 0.412500 0.553099
vt 0.418750 0.522948
vt 0.418750 0.553098
vt 0.425000 0.522948
vt 0.425000 0.553097
vt 0.412500 0.578515
vt 0.418750 0.578510
vt 0.412500 0.599220
vt 0.418750 0.599209
vt 0.425000 0.578508
vt 0.425000 0.599204
vt 0.406250 0.578523
vt 0.406250 0.599240
vt 0.431250 0.522948
vt 0.431250 0.553097
vt 0.437500 0.553097
vt 0.437500 0.522948
vt 0.443750 0.522948
vt 0.443750 0.553097
vt 0.450000 0.553097
vt 0.450000 0.522948
vt 0.437500 0.578506
vt 0.443750 0.578506
vt 0.437500 0.599199
vt 0.443750 0.599198
vt 0.450000 0.578506
vt 0.450000 0.599198
vt 0.431250 0.578507
vt 0.431250 0.599201
vt 0.456250 0.522948
vt 0.456250 0.553097
vt 0.462500 0.522948
vt 0.462500 0.553096
vt 0.468750 0.522948
vt 0.468750 0.553096
vt 0.475000 0.522948
vt 0.475000 0.553096
vt 0.462500 0.578505
vt 0.468750 0.578505
vt 0.462500 0.599197
vt 0.468750 0.599197
vt 0.475000 0.578505
vt 0.475000 0.599197
vt 0.456250 0.578505
vt 0.456250 0.599197
vt 0.481250 0.522948
vt 0.481250 0.553096
vt 0.487500 0.553096
vt 0.487500 0.522948
vt 0.493750 0.522948
vt 0.493750 0.553096
vt 0.500000 0.553096
vt 0.500000 0.522948
vt 0.487500 0.578505
vt 0.493750 0.578505
vt 0.487500 0.599197
vt 0.493750 0.599197
vt 0.500000 0.578505
vt 0.500000 0.599197
vt 0.481250 0.578505
vt 0.481250 0.599197
vt 0.506250 0.522948
vt 0.506250 0.553096
vt 0.512500 0.522948
vt 0.512500 0.553096
vt 0.518750 0.522948
vt 0.518750 0.553096
vt 0.525000 0.522948
vt 0.525000 0.553096
vt 0.512500 0.578505
vt 0.518750 0.578505
vt 0.512500 0.599197
vt 0.518750 0.599197
vt 0.525000 0.578505
vt 0.525000 0.599197
vt 0.506250 0.578505
vt 0.506250 0.599197
vt 0.531250 0.522948
vt 0.531250 0.553096
vt 0.537500 0.553096
vt 0.537500 0.522948
vt 0.543750 0.522948
vt 0.543750 0.553097
vt 0.550000 0.553097
vt 0.550000 0.522948
vt 0.537500 0.578505
vt 0.543750 0.578505
vt 0.537500 0.599197
vt 0.543750 0.599197
vt 0.550000 0.578506
vt 0.550000 0.599198
vt 0.531250 0.578505
vt 0.531250 0.599197
vt 0.556250 0.522948
vt 0.556250 0.553097
vt 0.562969 0.524436
vt 0.563112 0.554973
vt 0.570625 0.528901
vt 0.571198 0.560602
vt 0.577448 0.529664
vt 0.582500 0.579279
vt 0.562604 0.578570
vt 0.569167 0.578764
vt 0.571198 0.592306
vt 0.563112 0.597475
vt 0.556250 0.578506
vt 0.556250 0.599198
vt 0.581667 0.520046
vt 0.586042 0.529664
vt 0.592500 0.528901
vt 0.592292 0.560607
vt 0.600082 0.557101
vt 0.600052 0.526080
vt 0.592292 0.592343
vt 0.594167 0.578781
vt 0.600069 0.578864
vt 0.600082 0.596058
vt 0.607708 0.529522
vt 0.608038 0.561590
vt 0.614288 0.531445
vt 0.618333 0.581763
vt 0.618611 0.524064
vt 0.621667 0.540882
vt 0.606111 0.579610
vt 0.608038 0.593360
vt 0.424970 0.849940
vt 0.462485 0.833191
vt 0.399960 0.799920
vt 0.446816 0.772560
vt 0.449980 0.899960
vt 0.478116 0.879099
vt 0.500000 0.861005
vt 0.500000 0.824816
vt 0.500000 0.765209
vt 0.553184 0.772560
vt 0.537515 0.833191
vt 0.600040 0.799920
vt 0.575030 0.849940
vt 0.521884 0.879099
vt 0.550020 0.899960
vt 0.500000 1.000000
vt 0.525010 0.949980
vt 0.474990 0.949980
vt 0.500000 0.916633
vt 0.424970 0.849940
vt 0.462485 0.833191
vt 0.399960 0.799920
vt 0.446816 0.772560
vt 0.449980 0.899960
vt 0.478116 0.879099
vt 0.500000 0.861005
vt 0.500000 0.824816
vt 0.500000 0.765209
vt 0.553184 0.772560
vt 0.537515 0.833191
vt 0.600040 0.799920
vt 0.575030 0.849940
vt 0.521884 0.879099
vt 0.550020 0.899960
vt 0.525010 0.949980
vt 0.474990 0.949980
vt 0.500000 0.916633
vt 0.424970 0.849940
vt 0.462485 0.833191
vt 0.399960 0.799920
vt 0.446816 0.772560
vt 0.449980 0.899960
vt 0.478116 0.879099
vt 0.500000 0.861005
vt 0.500000 0.824816
vt 0.500000 0.765209
vt 0.553184 0.772560
vt 0.537515 0.833191
vt 0.600040 0.799920
vt 0.575030 0.849940
vt 0.521884 0.879099
vt 0.550020 0.899960
vt 0.525010 0.949980
vt 0.474990 0.949980
vt 0.500000 0.916633
vt 0.424970 0.849940
vt 0.462485 0.833191
vt 0.399960 0.799920
vt 0.446816 0.772560
vt 0.449980 0.899960
vt 0.478116 0.879099
vt 0.500000 0.861005
vt 0.500000 0.824816
vt 0.500000 0.765209
vt 0.553184 0.772560
vt 0.537515 0.833191
vt 0.600040 0.799920
vt 0.575030 0.849940
vt 0.521884 0.879099
vt 0.550020 0.899960
vt 0.525010 0.949980
vt 0.474990 0.949980
vt 0.500000 0.916633
vt 0.424970 0.849940
vt 0.462485 0.833191
vt 0.399960 0.799920
vt 0.446816 0.772560
vt 0.449980 0.899960
vt 0.478116 0.879099
vt 0.500000 0.861005
vt 0.500000 0.824816
vt 0.500000 0.765209
vt 0.553184 0.772560
vt 0.537515 0.833191
vt 0.600040 0.799920
vt 0.575030 0.849940
vt 0.521884 0.879099
vt 0.550020 0.899960
vt 0.525010 0.949980
vt 0.474990 0.949980
vt 0.500000 0.916633
vt 0.424970 0.849940
vt 0.462485 0.833191
vt 0.399960 0.799920
vt 0.446816 0.772560
vt 0.449980 0.899960
vt 0.478116 0.879099
vt 0.500000 0.861005
vt 0.500000 0.824816
vt 0.500000 0.765209
vt 0.553184 0.772560
vt 0.537515 0.833191
vt 0.600040 0.799920
vt 0.575030 0.849940
vt 0.521884 0.879099
vt 0.550020 0.899960
vt 0.525010 0.949980
vt 0.474990 0.949980
vt 0.500000 0.916633
vt 0.424970 0.849940
vt 0.462485 0.833191
vt 0.399960 0.799920
vt 0.446816 0.772560
vt 0.449980 0.899960
vt 0.478116 0.879099
vt 0.500000 0.861005
vt 0.500000 0.824816
vt 0.500000 0.765209
vt 0.553184 0.772560
vt 0.537515 0.833191
vt 0.600040 0.799920
vt 0.575030 0.849940
vt 0.521884 0.879099
vt 0.550020 0.899960
vt 0.525010 0.949980
vt 0.474990 0.949980
vt 0.500000 0.916633
vt 0.424970 0.849940
vt 0.462485 0.833191
vt 0.399960 0.799920
vt 0.446816 0.772560
vt 0.449980 0.899960
vt 0.478116 0.879099
vt 0.500000 0.861005
vt 0.500000 0.824816
vt 0.500000 0.765209
vt 0.553184 0.772560
vt 0.537515 0.833191
vt 0.600040 0.799920
vt 0.575030 0.849940
vt 0.521884 0.879099
vt 0.550020 0.899960
vt 0.525010 0.949980
vt 0.474990 0.949980
vt 0.500000 0.916633
vt 0.424970 0.849940
vt 0.462485 0.833191
vt 0.399960 0.799920
vt 0.446816 0.772560
vt 0.449980 0.899960
vt 0.478116 0.879099
vt 0.500000 0.861005
vt 0.500000 0.824816
vt 0.500000 0.765209
vt 0.553184 0.772560
vt 0.537515 0.833191
vt 0.600040 0.799920
vt 0.575030 0.849940
vt 0.521884 0.879099
vt 0.550020 0.899960
vt 0.525010 0.949980
vt 0.474990 0.949980
vt 0.500000 0.916633
vt 0.424970 0.849940
vt 0.462485 0.833191
vt 0.399960 0.799920
vt 0.446816 0.772560
vt 0.449980 0.899960
vt 0.478116 0.879099
vt 0.500000 0.861005
vt 0.500000 0.824816
vt 0.500000 0.765209
vt 0.553184 0.772560
vt 0.537515 0.833191
vt 0.600040 0.799920
vt 0.575030 0.849940
vt 0.521884 0.879099
vt 0.550020 0.899960
vt 0.525010 0.949980
vt 0.474990 0.949980
vt 0.500000 0.916633
vt 0.801334 0.397332
vt 0.650585 0.397907
vt 0.751010 0.497979
vt 0.625505 0.498144
vt 0.500000 0.398030
vt 0.500000 0.498226
vt 0.600343 0.596564
vt 0.500000 0.595533
vt 0.700687 0.598626
vt 0.575182 0.690860
vt 0.650364 0.699273
vt 0.500000 0.686654
vt 0.399657 0.596564
vt 0.424818 0.690861
vt 0.299313 0.598626
vt 0.349637 0.699273
vt 0.349415 0.397907
vt 0.374495 0.498144
vt 0.198666 0.397333
vt 0.248990 0.497979
vt 1.000000 0.000000
vt 0.750000 0.000000
vt 0.950333 0.099333
vt 0.725167 0.099333
vt 0.500000 0.000000
vt 0.500000 0.099333
vt 0.700333 0.198707
vt 0.500000 0.198728
vt 0.900667 0.198666
vt 0.851000 0.297999
vt 0.675500 0.298164
vt 0.500000 0.298246
vt 0.299667 0.198707
vt 0.324500 0.298164
vt 0.099333 0.198666
vt 0.149000 0.297999
vt 0.250000 0.000000
vt 0.274833 0.099333
vt 0.000000 0.000000
vt 0.049667 0.099333
vt 0.614288 0.608849
vt 0.621667 0.605852
vt 0.618611 0.613717
vt 0.618715 0.628064
vt 0.612947 0.626661
vt 0.625000 0.629940
vt 0.625000 0.639444
vt 0.618750 0.639152
vt 0.612500 0.638873
vt 0.618750 0.648667
vt 0.612500 0.648365
vt 0.625000 0.648948
vt 0.606614 0.626900
vt 0.606250 0.638621
vt 0.600013 0.627328
vt 0.600000 0.638417
vt 0.600000 0.647865
vt 0.606250 0.648089
vt 0.607708 0.610468
vt 0.600052 0.612710
vt 0.625000 0.658586
vt 0.618750 0.658294
vt 0.612500 0.658015
vt 0.618750 0.667997
vt 0.612500 0.667781
vt 0.625000 0.668224
vt 0.625000 0.677862
vt 0.618750 0.677738
vt 0.612500 0.677622
vt 0.618750 0.687500
vt 0.612500 0.687500
vt 0.625000 0.687500
vt 0.606250 0.667590
vt 0.606250 0.677519
vt 0.600000 0.667437
vt 0.600000 0.677438
vt 0.600000 0.687500
vt 0.606250 0.687500
vt 0.606250 0.657763
vt 0.600000 0.657558
vt 0.349637 0.699273
vt 0.424818 0.690860
vt 0.500000 0.686654
vt 0.399657 0.596564
vt 0.500000 0.595533
vt 0.299313 0.598626
vt 0.374495 0.498143
vt 0.248990 0.497979
vt 0.500000 0.498226
vt 0.500000 0.398030
vt 0.349415 0.397907
vt 0.198666 0.397332
vt 0.600343 0.596564
vt 0.625505 0.498143
vt 0.700687 0.598626
vt 0.751010 0.497979
vt 0.650585 0.397907
vt 0.801334 0.397332
vt 0.575182 0.690860
vt 0.650363 0.699273
vt 0.324500 0.298164
vt 0.149000 0.297999
vt 0.500000 0.298246
vt 0.500000 0.198728
vt 0.299667 0.198707
vt 0.099333 0.198666
vt 0.274833 0.099333
vt 0.049667 0.099333
vt 0.500000 0.099333
vt 0.500000 0.000000
vt 0.250000 0.000000
vt 0.000000 0.000000
vt 0.700333 0.198707
vt 0.725167 0.099333
vt 0.900667 0.198666
vt 0.950333 0.099333
vt 0.750000 0.000000
vt 1.000000 0.000000
vt 0.675500 0.298164
vt 0.851000 0.297999
vt 0.381250 0.687500
vt 0.381250 0.677738
vt 0.375000 0.687500
vt 0.375000 0.677862
vt 0.387500 0.687500
vt 0.387500 0.677622
vt 0.387500 0.667781
vt 0.381250 0.667997
vt 0.375000 0.668224
vt 0.381250 0.658294
vt 0.375000 0.658586
vt 0.387500 0.658015
vt 0.387500 0.648365
vt 0.381250 0.648667
vt 0.375000 0.648948
vt 0.393750 0.667590
vt 0.393750 0.657763
vt 0.400000 0.667437
vt 0.400000 0.657558
vt 0.393750 0.648089
vt 0.400000 0.647865
vt 0.393750 0.687500
vt 0.393750 0.677519
vt 0.400000 0.687500
vt 0.400000 0.677438
vt 0.381250 0.639152
vt 0.375000 0.639444
vt 0.387500 0.638873
vt 0.387500 0.628052
vt 0.381250 0.627402
vt 0.375000 0.629940
vt 0.381250 0.611070
vt 0.375000 0.606570
vt 0.387500 0.614416
vt 0.393750 0.628145
vt 0.393750 0.615451
vt 0.400000 0.627987
vt 0.400000 0.615349
vt 0.393750 0.638621
vt 0.400000 0.638417
vt 0.349636 0.699273
vt 0.424818 0.690860
vt 0.500000 0.686654
vt 0.399657 0.596564
vt 0.500000 0.595533
vt 0.299313 0.598626
vt 0.374495 0.498143
vt 0.248990 0.497979
vt 0.500000 0.498226
vt 0.500000 0.398030
vt 0.349415 0.397907
vt 0.198666 0.397332
vt 0.600343 0.596564
vt 0.625505 0.498144
vt 0.700687 0.598626
vt 0.751010 0.497979
vt 0.650585 0.397907
vt 0.801334 0.397333
vt 0.575182 0.690860
vt 0.650364 0.699273
vt 0.324500 0.298164
vt 0.149000 0.297999
vt 0.500000 0.298246
vt 0.500000 0.198728
vt 0.299667 0.198707
vt 0.099333 0.198666
vt 0.274833 0.099333
vt 0.049667 0.099333
vt 0.500000 0.099333
vt 0.500000 0.000000
vt 0.250000 0.000000
vt 0.000000 0.000000
vt 0.700333 0.198707
vt 0.725167 0.099333
vt 0.900667 0.198666
vt 0.950333 0.099333
vt 0.750000 0.000000
vt 1.000000 0.000000
vt 0.675500 0.298164
vt 0.851000 0.297999
vt 0.406250 0.687500
vt 0.406250 0.677384
vt 0.412500 0.687500
vt 0.412500 0.677351
vt 0.412500 0.667275
vt 0.406250 0.667335
vt 0.406250 0.657423
vt 0.412500 0.657343
vt 0.412500 0.647627
vt 0.406250 0.647716
vt 0.418750 0.667243
vt 0.418750 0.657300
vt 0.425000 0.667227
vt 0.425000 0.657279
vt 0.418750 0.647580
vt 0.425000 0.647558
vt 0.418750 0.687500
vt 0.418750 0.677334
vt 0.425000 0.687500
vt 0.425000 0.677326
vt 0.406250 0.638282
vt 0.412500 0.638201
vt 0.406250 0.627883
vt 0.412500 0.627820
vt 0.406250 0.615281
vt 0.412500 0.615241
vt 0.418750 0.627787
vt 0.418750 0.615219
vt 0.425000 0.627771
vt 0.425000 0.615209
vt 0.418750 0.638158
vt 0.425000 0.638138
vt 0.349636 0.699273
vt 0.424818 0.690860
vt 0.500000 0.686654
vt 0.399657 0.596564
vt 0.500000 0.595533
vt 0.299313 0.598626
vt 0.374495 0.498143
vt 0.248990 0.497979
vt 0.500000 0.498226
vt 0.500000 0.398030
vt 0.349415 0.397907
vt 0.198666 0.397332
vt 0.600343 0.596564
vt 0.625505 0.498143
vt 0.700687 0.598626
vt 0.751010 0.497979
vt 0.650585 0.397907
vt 0.801334 0.397332
vt 0.575182 0.690860
vt 0.650364 0.699273
vt 0.324500 0.298164
vt 0.149000 0.297999
vt 0.500000 0.298246
vt 0.500000 0.198728
vt 0.299667 0.198707
vt 0.099333 0.198666
vt 0.274833 0.099333
vt 0.049667 0.099333
vt 0.500000 0.099333
vt 0.500000 0.000000
vt 0.250000 0.000000
vt 0.000000 0.000000
vt 0.700333 0.198707
vt 0.725167 0.099333
vt 0.900667 0.198666
vt 0.950333 0.099333
vt 0.750000 0.000000
vt 1.000000 0.000000
vt 0.675500 0.298164
vt 0.851000 0.297999
vt 0.431250 0.687500
vt 0.431250 0.677321
vt 0.437500 0.687500
vt 0.437500 0.677317
vt 0.437500 0.667211
vt 0.431250 0.667217
vt 0.431250 0.657266
vt 0.437500 0.657258
vt 0.437500 0.647534
vt 0.431250 0.647543
vt 0.443750 0.667208
vt 0.443750 0.657254
vt 0.450000 0.667207
vt 0.450000 0.657252
vt 0.443750 0.647530
vt 0.450000 0.647528
vt 0.443750 0.687500
vt 0.443750 0.677316
vt 0.450000 0.687500
vt 0.450000 0.677315
vt 0.431250 0.638124
vt 0.437500 0.638116
vt 0.431250 0.627761
vt 0.437500 0.627754
vt 0.431250 0.615203
vt 0.437500 0.615199
vt 0.443750 0.627751
vt 0.443750 0.615196
vt 0.450000 0.627750
vt 0.450000 0.615195
vt 0.443750 0.638112
vt 0.450000 0.638110
vt 0.349636 0.699273
vt 0.424818 0.690860
vt 0.500000 0.686654
vt 0.399657 0.596564
vt 0.500000 0.595533
vt 0.299313 0.598626
vt 0.374495 0.498143
vt 0.248990 0.497979
vt 0.500000 0.498226
vt 0.500000 0.398030
vt 0.349415 0.397907
vt 0.198666 0.397332
vt 0.600343 0.596564
vt 0.625505 0.498143
vt 0.700687 0.598626
vt 0.751010 0.497979
vt 0.650585 0.397907
vt 0.801334 0.397332
vt 0.575182 0.690860
vt 0.650364 0.699273
vt 0.324500 0.298164
vt 0.149000 0.297999
vt 0.500000 0.298246
vt 0.500000 0.198728
vt 0.299667 0.198707
vt 0.099333 0.198666
vt 0.274833 0.099333
vt 0.049667 0.099333
vt 0.500000 0.099333
vt 0.500000 0.000000
vt 0.250000 0.000000
vt 0.000000 0.000000
vt 0.700333 0.198707
vt 0.725167 0.099333
vt 0.900667 0.198666
vt 0.950333 0.099333
vt 0.750000 0.000000
vt 1.000000 0.000000
vt 0.675500 0.298164
vt 0.851000 0.297999
vt 0.456250 0.687500
vt 0.456250 0.677314
vt 0.462500 0.687500
vt 0.462500 0.677314
vt 0.462500 0.667205
vt 0.456250 0.667206
vt 0.456250 0.657251
vt 0.462500 0.657250
vt 0.462500 0.647525
vt 0.456250 0.647526
vt 0.468750 0.667205
vt 0.468750 0.657249
vt 0.475000 0.667205
vt 0.475000 0.657249
vt 0.468750 0.647525
vt 0.475000 0.647524
vt 0.468750 0.687500
vt 0.468750 0.677314
vt 0.475000 0.687500
vt 0.475000 0.677314
vt 0.456250 0.638109
vt 0.462500 0.638108
vt 0.456250 0.627749
vt 0.462500 0.627748
vt 0.456250 0.615195
vt 0.462500 0.615194
vt 0.468750 0.627748
vt 0.468750 0.615194
vt 0.475000 0.627747
vt 0.475000 0.615194
vt 0.468750 0.638108
vt 0.475000 0.638107
vt 0.349636 0.699273
vt 0.424818 0.690860
vt 0.500000 0.686654
vt 0.399657 0.596564
vt 0.500000 0.595533
vt 0.299313 0.598626
vt 0.374495 0.498144
vt 0.248990 0.497979
vt 0.500000 0.498226
vt 0.500000 0.398030
vt 0.349415 0.397907
vt 0.198666 0.397333
vt 0.600343 0.596564
vt 0.625505 0.498144
vt 0.700687 0.598626
vt 0.751010 0.497979
vt 0.650585 0.397907
vt 0.801334 0.397333
vt 0.575182 0.690860
vt 0.650364 0.699273
vt 0.324500 0.298164
vt 0.149000 0.297999
vt 0.500000 0.298246
vt 0.500000 0.198728
vt 0.299667 0.198707
vt 0.099333 0.198666
vt 0.274833 0.099333
vt 0.049667 0.099333
vt 0.500000 0.099333
vt 0.500000 0.000000
vt 0.250000 0.000000
vt 0.000000 0.000000
vt 0.700333 0.198707
vt 0.725167 0.099333
vt 0.900667 0.198666
vt 0.950333 0.099333
vt 0.750000 0.000000
vt 1.000000 0.000000
vt 0.675500 0.298164
vt 0.851000 0.297999
vt 0.481250 0.687500
vt 0.481250 0.677314
vt 0.487500 0.687500
vt 0.487500 0.677314
vt 0.487500 0.667204
vt 0.481250 0.667204
vt 0.481250 0.657249
vt 0.487500 0.657249
vt 0.487500 0.647524
vt 0.481250 0.647524
vt 0.493750 0.667204
vt 0.493750 0.657249
vt 0.500000 0.667204
vt 0.500000 0.657249
vt 0.493750 0.647524
vt 0.500000 0.647524
vt 0.493750 0.687500
vt 0.493750 0.677314
vt 0.500000 0.687500
vt 0.500000 0.677314
vt 0.481250 0.638107
vt 0.487500 0.638107
vt 0.481250 0.627747
vt 0.487500 0.627747
vt 0.481250 0.615194
vt 0.487500 0.615194
vt 0.493750 0.627747
vt 0.493750 0.615194
vt 0.500000 0.627747
vt 0.500000 0.615194
vt 0.493750 0.638107
vt 0.500000 0.638107
vt 0.349636 0.699273
vt 0.424818 0.690860
vt 0.500000 0.686654
vt 0.399657 0.596564
vt 0.500000 0.595533
vt 0.299313 0.598626
vt 0.374495 0.498144
vt 0.248990 0.497979
vt 0.500000 0.498226
vt 0.500000 0.398030
vt 0.349415 0.397907
vt 0.198666 0.397333
vt 0.600343 0.596564
vt 0.625505 0.498144
vt 0.700687 0.598626
vt 0.751010 0.497979
vt 0.650585 0.397907
vt 0.801334 0.397333
vt 0.575182 0.690860
vt 0.650364 0.699273
vt 0.324500 0.298164
vt 0.149000 0.297999
vt 0.500000 0.298246
vt 0.500000 0.198728
vt 0.299667 0.198707
vt 0.099333 0.198666
vt 0.274833 0.099333
vt 0.049667 0.099333
vt 0.500000 0.099333
vt 0.500000 0.000000
vt 0.250000 0.000000
vt 0.000000 0.000000
vt 0.700333 0.198707
vt 0.725167 0.099333
vt 0.900667 0.198666
vt 0.950333 0.099333
vt 0.750000 0.000000
vt 1.000000 0.000000
vt 0.675500 0.298164
vt 0.851000 0.297999
vt 0.506250 0.687500
vt 0.506250 0.677314
vt 0.512500 0.687500
vt 0.512500 0.677314
vt 0.512500 0.667204
vt 0.506250 0.667204
vt 0.506250 0.657249
vt 0.512500 0.657249
vt 0.512500 0.647524
vt 0.506250 0.647524
vt 0.518750 0.667204
vt 0.518750 0.657249
vt 0.525000 0.667205
vt 0.525000 0.657249
vt 0.518750 0.647524
vt 0.525000 0.647525
vt 0.518750 0.687500
vt 0.518750 0.677314
vt 0.525000 0.687500
vt 0.525000 0.677314
vt 0.506250 0.638107
vt 0.512500 0.638107
vt 0.506250 0.627747
vt 0.512500 0.627747
vt 0.506250 0.615194
vt 0.512500 0.615194
vt 0.518750 0.627747
vt 0.518750 0.615194
vt 0.525000 0.627747
vt 0.525000 0.615194
vt 0.518750 0.638107
vt 0.525000 0.638107
vt 0.349636 0.699273
vt 0.424818 0.690860
vt 0.500000 0.686654
vt 0.399657 0.596564
vt 0.500000 0.595533
vt 0.299313 0.598626
vt 0.374495 0.498143
vt 0.248990 0.497979
vt 0.500000 0.498226
vt 0.500000 0.398030
vt 0.349415 0.397907
vt 0.198666 0.397332
vt 0.600343 0.596564
vt 0.625505 0.498144
vt 0.700687 0.598626
vt 0.751010 0.497979
vt 0.650585 0.397907
vt 0.801334 0.397333
vt 0.575182 0.690860
vt 0.650364 0.699273
vt 0.324500 0.298164
vt 0.149000 0.297999
vt 0.500000 0.298246
vt 0.500000 0.198728
vt 0.299667 0.198707
vt 0.099333 0.198666
vt 0.274833 0.099333
vt 0.049667 0.099333
vt 0.500000 0.099333
vt 0.500000 0.000000
vt 0.250000 0.000000
vt 0.000000 0.000000
vt 0.700333 0.198707
vt 0.725167 0.099333
vt 0.900667 0.198666
vt 0.950333 0.099333
vt 0.750000 0.000000
vt 1.000000 0.000000
vt 0.675500 0.298164
vt 0.851000 0.297999
vt 0.531250 0.687500
vt 0.531250 0.677314
vt 0.537500 0.687500
vt 0.537500 0.677314
vt 0.537500 0.667205
vt 0.531250 0.667205
vt 0.531250 0.657249
vt 0.537500 0.657250
vt 0.537500 0.647525
vt 0.531250 0.647525
vt 0.543750 0.667206
vt 0.543750 0.657251
vt 0.550000 0.667207
vt 0.550000 0.657252
vt 0.543750 0.647526
vt 0.550000 0.647528
vt 0.543750 0.687500
vt 0.543750 0.677314
vt 0.550000 0.687500
vt 0.550000 0.677315
vt 0.531250 0.638108
vt 0.537500 0.638108
vt 0.531250 0.627748
vt 0.537500 0.627748
vt 0.531250 0.615194
vt 0.537500 0.615194
vt 0.543750 0.627749
vt 0.543750 0.615195
vt 0.550000 0.627750
vt 0.550000 0.615195
vt 0.543750 0.638109
vt 0.550000 0.638110
vt 0.349636 0.699273
vt 0.424818 0.690860
vt 0.500000 0.686654
vt 0.399657 0.596564
vt 0.500000 0.595533
vt 0.299313 0.598626
vt 0.374495 0.498143
vt 0.248990 0.497979
vt 0.500000 0.498226
vt 0.500000 0.398030
vt 0.349415 0.397907
vt 0.198666 0.397332
vt 0.600343 0.596564
vt 0.625505 0.498144
vt 0.700687 0.598626
vt 0.751010 0.497979
vt 0.650585 0.397907
vt 0.801334 0.397333
vt 0.575182 0.690860
vt 0.650364 0.699273
vt 0.324500 0.298164
vt 0.149000 0.297999
vt 0.500000 0.298246
vt 0.500000 0.198728
vt 0.299667 0.198707
vt 0.099333 0.198666
vt 0.274833 0.099333
vt 0.049667 0.099333
vt 0.500000 0.099333
vt 0.500000 0.000000
vt 0.250000 0.000000
vt 0.000000 0.000000
vt 0.700333 0.198707
vt 0.725167 0.099333
vt 0.900667 0.198666
vt 0.950333 0.099333
vt 0.750000 0.000000
vt 1.000000 0.000000
vt 0.675500 0.298164
vt 0.851000 0.297999
vt 0.556250 0.687500
vt 0.556250 0.677316
vt 0.562500 0.687500
vt 0.562500 0.677317
vt 0.562500 0.667211
vt 0.556250 0.667208
vt 0.556250 0.657254
vt 0.562500 0.657258
vt 0.562500 0.647534
vt 0.556250 0.647530
vt 0.568750 0.667217
vt 0.568750 0.657266
vt 0.575000 0.667227
vt 0.575000 0.657279
vt 0.568750 0.647543
vt 0.575000 0.647558
vt 0.568750 0.687500
vt 0.568750 0.677321
vt 0.575000 0.687500
vt 0.575000 0.677326
vt 0.556250 0.638112
vt 0.562500 0.638116
vt 0.556250 0.627751
vt 0.562617 0.627406
vt 0.556250 0.615196
vt 0.562969 0.613807
vt 0.569219 0.626369
vt 0.570625 0.609635
vt 0.575612 0.625852
vt 0.577448 0.607532
vt 0.568750 0.638124
vt 0.575000 0.638138
vt 0.349636 0.699273
vt 0.424818 0.690860
vt 0.500000 0.686654
vt 0.399657 0.596564
vt 0.500000 0.595533
vt 0.299313 0.598626
vt 0.374495 0.498144
vt 0.248990 0.497979
vt 0.500000 0.498226
vt 0.500000 0.398030
vt 0.349415 0.397907
vt 0.198666 0.397333
vt 0.600343 0.596564
vt 0.625505 0.498144
vt 0.700687 0.598626
vt 0.751010 0.497979
vt 0.650585 0.397907
vt 0.801334 0.397333
vt 0.575182 0.690860
vt 0.650364 0.699273
vt 0.324500 0.298164
vt 0.149000 0.297999
vt 0.500000 0.298246
vt 0.500000 0.198728
vt 0.299667 0.198707
vt 0.099333 0.198666
vt 0.274833 0.099333
vt 0.049667 0.099333
vt 0.500000 0.099333
vt 0.500000 0.000000
vt 0.250000 0.000000
vt 0.000000 0.000000
vt 0.700333 0.198707
vt 0.725167 0.099333
vt 0.900667 0.198666
vt 0.950333 0.099333
vt 0.750000 0.000000
vt 1.000000 0.000000
vt 0.675500 0.298164
vt 0.851000 0.297999
vt 0.581250 0.687500
vt 0.581250 0.677334
vt 0.587500 0.687500
vt 0.587500 0.677351
vt 0.587500 0.667275
vt 0.581250 0.667243
vt 0.581250 0.657300
vt 0.587500 0.657343
vt 0.587500 0.647627
vt 0.581250 0.647580
vt 0.593750 0.667335
vt 0.593750 0.657423
vt 0.593750 0.647716
vt 0.593750 0.687500
vt 0.593750 0.677384
vt 0.581250 0.638158
vt 0.587500 0.638201
vt 0.587135 0.625900
vt 0.581354 0.627069
vt 0.581667 0.612349
vt 0.586042 0.607561
vt 0.593437 0.626490
vt 0.592500 0.609711
vt 0.593750 0.638282
vt 0.375000 0.597066
vt 0.375000 0.599762
vt 0.375000 0.603999
vt 0.375000 0.603229
vt 0.375000 0.605540
vt 0.375000 0.601207
vt 0.375000 0.610933
vt 0.375000 0.606311
vt 0.375000 0.610933
vt 0.375000 0.601688
vt 0.375000 0.601688
vt 0.375000 0.606311
vt 0.375000 0.610933
vt 0.375000 0.594370
vt 0.375000 0.597066
vt 0.375000 0.597066
vt 0.375000 0.592925
vt 0.375000 0.597066
vt 0.375000 0.592444
vt 0.375000 0.592444
vt 0.375000 0.597066
vt 0.375000 0.588977
vt 0.375000 0.590903
vt 0.375000 0.588592
vt 0.375000 0.584644
vt 0.375000 0.587822
vt 0.375000 0.583200
vt 0.375000 0.587822
vt 0.375000 0.583200
vt 0.375000 0.585511
vt 0.375000 0.584740
vt 0.375000 0.580118
vt 0.375000 0.573955
vt 0.375000 0.578577
vt 0.375000 0.573955
vt 0.375000 0.578577
vt 0.375000 0.573955
vt 0.375000 0.564711
vt 0.375000 0.564711
vt 0.375000 0.569333
vt 0.375000 0.567792
vt 0.375000 0.568948
vt 0.375000 0.564711
vt 0.375000 0.569333
vt 0.375000 0.564711
vt 0.375000 0.569333
vt 0.375000 0.564711
vt 0.375000 0.560089
vt 0.375000 0.561629
vt 0.375000 0.560474
vt 0.375000 0.555466
vt 0.375000 0.560089
vt 0.375000 0.555466
vt 0.375000 0.560089
vt 0.375000 0.555466
vt 0.576042 0.563147
vt 0.575434 0.563147
vt 0.575608 0.559307
vt 0.575347 0.560587
vt 0.575087 0.559627
vt 0.575108 0.563147
vt 0.575347 0.557146
vt 0.575000 0.559307
vt 0.575260 0.556426
vt 0.575000 0.563147
vt 0.575000 0.563147
vt 0.575000 0.559307
vt 0.575260 0.556426
vt 0.575434 0.567627
vt 0.575347 0.565707
vt 0.575087 0.566667
vt 0.575108 0.570027
vt 0.575000 0.566987
vt 0.575000 0.570827
vt 0.575000 0.570827
vt 0.575000 0.566987
vt 0.575434 0.572107
vt 0.575347 0.570827
vt 0.575087 0.573708
vt 0.575108 0.576908
vt 0.575000 0.574668
vt 0.575000 0.578508
vt 0.575000 0.578508
vt 0.575000 0.574668
vt 0.575521 0.574668
vt 0.575347 0.575948
vt 0.575087 0.580748
vt 0.575000 0.586188
vt 0.575000 0.582348
vt 0.575000 0.586188
vt 0.575000 0.582348
vt 0.575000 0.586188
vt 0.577083 0.597711
vt 0.575868 0.595470
vt 0.576042 0.591950
vt 0.575694 0.592589
vt 0.575173 0.590669
vt 0.575217 0.594269
vt 0.575000 0.590029
vt 0.575000 0.593869
vt 0.575000 0.590029
vt 0.575000 0.593869
vt 0.576042 0.599310
vt 0.575694 0.597710
vt 0.575173 0.597709
vt 0.575456 0.600270
vt 0.575000 0.597709
vt 0.575260 0.600590
vt 0.575000 0.597709
vt 0.575260 0.600590
vt 0.585417 0.559307
vt 0.585417 0.557067
vt 0.586458 0.557707
vt 0.586111 0.556747
vt 0.586371 0.555786
vt 0.585417 0.555866
vt 0.587044 0.556747
vt 0.586458 0.555466
vt 0.587240 0.556427
vt 0.585417 0.555466
vt 0.585417 0.555466
vt 0.586458 0.555466
vt 0.587240 0.556427
vt 0.584201 0.557067
vt 0.584722 0.556747
vt 0.584462 0.555786
vt 0.583550 0.555866
vt 0.584375 0.555466
vt 0.583333 0.555466
vt 0.583333 0.555466
vt 0.584375 0.555466
vt 0.582986 0.557067
vt 0.583333 0.556747
vt 0.582552 0.555786
vt 0.581684 0.555866
vt 0.582292 0.555466
vt 0.581250 0.555466
vt 0.581250 0.555466
vt 0.582292 0.555466
vt 0.582292 0.557387
vt 0.581944 0.556747
vt 0.580642 0.555786
vt 0.579167 0.555466
vt 0.580208 0.555466
vt 0.579167 0.555466
vt 0.579167 0.555466
vt 0.580208 0.555466
vt 0.576649 0.558667
vt 0.577604 0.559307
vt 0.577430 0.558027
vt 0.577951 0.556106
vt 0.576975 0.556266
vt 0.578125 0.555466
vt 0.577083 0.555466
vt 0.577083 0.555466
vt 0.578125 0.555466
vt 0.576042 0.558027
vt 0.576042 0.556106
vt 0.576042 0.555466
vt 0.576042 0.555466
vt 0.586458 0.593876
vt 0.587066 0.593877
vt 0.586892 0.597717
vt 0.587153 0.596437
vt 0.587413 0.597398
vt 0.587391 0.593877
vt 0.587153 0.599878
vt 0.587240 0.600598
vt 0.587500 0.597718
vt 0.587500 0.593877
vt 0.587500 0.597718
vt 0.587500 0.593877
vt 0.587240 0.600598
vt 0.587066 0.589395
vt 0.587153 0.591316
vt 0.587413 0.590356
vt 0.587391 0.586995
vt 0.587500 0.590036
vt 0.587500 0.586195
vt 0.587500 0.590036
vt 0.587500 0.586195
vt 0.587066 0.584914
vt 0.587153 0.586195
vt 0.587413 0.583314
vt 0.587391 0.580113
vt 0.587500 0.582354
vt 0.587500 0.578513
vt 0.587500 0.582354
vt 0.587500 0.578513
vt 0.586979 0.582353
vt 0.587153 0.581073
vt 0.587413 0.576272
vt 0.587500 0.570831
vt 0.587500 0.574672
vt 0.587500 0.570831
vt 0.587500 0.570831
vt 0.587500 0.574672
vt 0.586632 0.561548
vt 0.586458 0.565069
vt 0.586805 0.564429
vt 0.587326 0.566349
vt 0.587283 0.562748
vt 0.587500 0.566990
vt 0.587500 0.563148
vt 0.587500 0.563148
vt 0.587500 0.566990
vt 0.586805 0.559307
vt 0.587326 0.559307
vt 0.587500 0.559307
vt 0.587500 0.559307
vt 0.621875 0.555466
vt 0.622482 0.555466
vt 0.623437 0.555466
vt 0.623264 0.555466
vt 0.623785 0.555466
vt 0.622808 0.555466
vt 0.625000 0.555466
vt 0.625000 0.555466
vt 0.623958 0.555466
vt 0.622917 0.555466
vt 0.623958 0.555466
vt 0.622917 0.555466
vt 0.625000 0.555466
vt 0.621267 0.555466
vt 0.621875 0.555466
vt 0.621875 0.555466
vt 0.620942 0.555466
vt 0.621875 0.555466
vt 0.620833 0.555466
vt 0.621875 0.555466
vt 0.620833 0.555466
vt 0.620052 0.555466
vt 0.620486 0.555466
vt 0.619965 0.555466
vt 0.619075 0.555466
vt 0.619792 0.555466
vt 0.618750 0.555466
vt 0.619792 0.555466
vt 0.618750 0.555466
vt 0.619271 0.555466
vt 0.619097 0.555466
vt 0.618055 0.555466
vt 0.616667 0.555466
vt 0.617708 0.555466
vt 0.616667 0.555466
vt 0.617708 0.555466
vt 0.616667 0.555466
vt 0.614062 0.557393
vt 0.614366 0.556269
vt 0.615364 0.556430
vt 0.615104 0.556108
vt 0.615495 0.555627
vt 0.614529 0.555667
vt 0.615625 0.555466
vt 0.614583 0.555466
vt 0.615625 0.555466
vt 0.614583 0.555466
vt 0.613325 0.556911
vt 0.613715 0.556108
vt 0.613585 0.555627
vt 0.612901 0.556550
vt 0.613542 0.555466
vt 0.612760 0.556430
vt 0.613542 0.555466
vt 0.612760 0.556430
vt 0.613151 0.560763
vt 0.613021 0.558677
vt 0.612630 0.559158
vt 0.612663 0.562569
vt 0.612500 0.559319
vt 0.612500 0.563171
vt 0.612500 0.559319
vt 0.612500 0.563171
vt 0.613281 0.564134
vt 0.613021 0.563813
vt 0.612630 0.566221
vt 0.612500 0.570876
vt 0.612500 0.567023
vt 0.612500 0.570876
vt 0.612500 0.567023
vt 0.612500 0.570876
vt 0.614062 0.593218
vt 0.613151 0.584680
vt 0.613281 0.582047
vt 0.613021 0.580892
vt 0.612630 0.576269
vt 0.612663 0.580105
vt 0.612500 0.574728
vt 0.612500 0.578580
vt 0.612500 0.574728
vt 0.612500 0.578580
vt 0.613151 0.589174
vt 0.613021 0.586028
vt 0.612630 0.583332
vt 0.612663 0.587007
vt 0.612500 0.582433
vt 0.612500 0.586285
vt 0.612500 0.586285
vt 0.612500 0.582433
vt 0.613151 0.593668
vt 0.613021 0.591165
vt 0.612630 0.590394
vt 0.612663 0.593910
vt 0.612500 0.590138
vt 0.612500 0.593990
vt 0.612500 0.593990
vt 0.612500 0.590138
vt 0.613325 0.597649
vt 0.613021 0.596301
vt 0.612630 0.597457
vt 0.612901 0.600105
vt 0.612500 0.597842
vt 0.612760 0.600924
vt 0.612760 0.600924
vt 0.612500 0.597842
vt 0.614366 0.599061
vt 0.613715 0.599382
vt 0.613585 0.601694
vt 0.614529 0.602191
vt 0.613542 0.602464
vt 0.614583 0.603234
vt 0.614583 0.603234
vt 0.613542 0.602464
vt 0.615582 0.599959
vt 0.615104 0.600409
vt 0.615495 0.603105
vt 0.616395 0.603570
vt 0.615625 0.604004
vt 0.616667 0.604774
vt 0.616667 0.604774
vt 0.615625 0.604004
vt 0.616797 0.600857
vt 0.616493 0.601435
vt 0.617404 0.604517
vt 0.618262 0.604950
vt 0.617708 0.605544
vt 0.618750 0.606314
vt 0.618750 0.606314
vt 0.617708 0.605544
vt 0.617448 0.600536
vt 0.617882 0.602462
vt 0.619314 0.605928
vt 0.620833 0.607853
vt 0.619792 0.607084
vt 0.620833 0.607853
vt 0.620833 0.607853
vt 0.619792 0.607084
vt 0.622917 0.609393
vt 0.622917 0.609393
vt 0.621875 0.608623
vt 0.622222 0.608880
vt 0.621962 0.608687
vt 0.622917 0.609393
vt 0.621875 0.608623
vt 0.622917 0.609393
vt 0.622917 0.609393
vt 0.621875 0.608623
vt 0.623958 0.610163
vt 0.623611 0.609906
vt 0.623871 0.610099
vt 0.625000 0.610933
vt 0.623958 0.610163
vt 0.625000 0.610933
vt 0.625000 0.610933
vt 0.623958 0.610163
vt 0.577083 0.599951
vt 0.576389 0.600270
vt 0.576128 0.601230
vt 0.577083 0.601151
vt 0.576042 0.601550
vt 0.577083 0.601551
vt 0.576042 0.601550
vt 0.577083 0.601551
vt 0.578299 0.599952
vt 0.577778 0.600271
vt 0.578038 0.601232
vt 0.578950 0.601152
vt 0.578125 0.601552
vt 0.579167 0.601553
vt 0.578125 0.601552
vt 0.579167 0.601553
vt 0.579514 0.599953
vt 0.579167 0.600272
vt 0.579948 0.601233
vt 0.580816 0.601154
vt 0.580208 0.601553
vt 0.581250 0.601554
vt 0.580208 0.601553
vt 0.581250 0.601554
vt 0.580208 0.599633
vt 0.580556 0.600274
vt 0.581858 0.601235
vt 0.583333 0.601556
vt 0.582292 0.601555
vt 0.583333 0.601556
vt 0.582292 0.601555
vt 0.583333 0.601556
vt 0.585851 0.598357
vt 0.584896 0.597716
vt 0.585069 0.598996
vt 0.584549 0.600917
vt 0.585525 0.600757
vt 0.584375 0.601557
vt 0.585417 0.601557
vt 0.584375 0.601557
vt 0.585417 0.601557
vt 0.586458 0.598997
vt 0.586458 0.600918
vt 0.586458 0.601558
vt 0.586458 0.601558
vt 0.375000 0.564711
vt 0.375000 0.560089
vt 0.375000 0.555466
vt 0.375000 0.573955
vt 0.375000 0.569333
vt 0.375000 0.583200
vt 0.375000 0.578577
vt 0.375000 0.587822
vt 0.375000 0.592444
vt 0.375000 0.597066
vt 0.375000 0.601688
vt 0.375000 0.606311
vt 0.375000 0.610933
vt 0.623958 0.610163
vt 0.622917 0.609393
vt 0.625000 0.610933
vt 0.621875 0.608623
vt 0.620833 0.607853
vt 0.619792 0.607084
vt 0.618750 0.606314
vt 0.617708 0.605544
vt 0.616667 0.604774
vt 0.615625 0.604004
vt 0.614583 0.603234
vt 0.613542 0.602464
vt 0.612760 0.600924
vt 0.612500 0.597842
vt 0.612500 0.593990
vt 0.612500 0.590138
vt 0.612500 0.586285
vt 0.612500 0.582433
vt 0.612500 0.578580
vt 0.612500 0.570876
vt 0.612500 0.574728
vt 0.612500 0.563171
vt 0.612500 0.567023
vt 0.612760 0.556430
vt 0.612500 0.559319
vt 0.614583 0.555466
vt 0.613542 0.555466
vt 0.614844 0.554478
vt 0.615046 0.555027
vt 0.616667 0.555466
vt 0.615625 0.555466
vt 0.616406 0.554478
vt 0.616898 0.555027
vt 0.618750 0.555466
vt 0.617708 0.555466
vt 0.617969 0.554478
vt 0.618750 0.555027
vt 0.620833 0.555466
vt 0.619792 0.555466
vt 0.619531 0.554478
vt 0.620602 0.555027
vt 0.622917 0.555466
vt 0.621875 0.555466
vt 0.621094 0.554478
vt 0.622454 0.555027
vt 0.625000 0.555466
vt 0.623958 0.555466
vt 0.622656 0.554478
vt 0.625000 0.555466
vt 0.576042 0.555466
vt 0.577083 0.555466
vt 0.575260 0.556426
vt 0.577344 0.554410
vt 0.577546 0.554997
vt 0.578125 0.555466
vt 0.579167 0.555466
vt 0.578906 0.554410
vt 0.579398 0.554997
vt 0.580208 0.555466
vt 0.581250 0.555466
vt 0.580469 0.554410
vt 0.581250 0.554997
vt 0.582292 0.555466
vt 0.583333 0.555466
vt 0.582031 0.554410
vt 0.583102 0.554997
vt 0.584375 0.555466
vt 0.585417 0.555466
vt 0.583594 0.554410
vt 0.584954 0.554997
vt 0.586458 0.555466
vt 0.587240 0.556427
vt 0.585156 0.554410
vt 0.587452 0.555315
vt 0.587500 0.559307
vt 0.587500 0.563148
vt 0.587999 0.563533
vt 0.587722 0.564600
vt 0.587500 0.566990
vt 0.587500 0.570831
vt 0.587999 0.569295
vt 0.587722 0.571428
vt 0.587500 0.574672
vt 0.587500 0.578513
vt 0.587999 0.575056
vt 0.587722 0.578257
vt 0.587500 0.586195
vt 0.587500 0.582354
vt 0.587999 0.580818
vt 0.587722 0.585085
vt 0.587500 0.593877
vt 0.587500 0.590036
vt 0.587999 0.586579
vt 0.587722 0.591914
vt 0.587240 0.600598
vt 0.587500 0.597718
vt 0.587999 0.592341
vt 0.585417 0.601557
vt 0.586458 0.601558
vt 0.583333 0.601556
vt 0.584375 0.601557
vt 0.581250 0.601554
vt 0.582292 0.601555
vt 0.579167 0.601553
vt 0.580208 0.601553
vt 0.577083 0.601551
vt 0.578125 0.601552
vt 0.575260 0.600590
vt 0.576042 0.601550
vt 0.575000 0.593869
vt 0.575000 0.597709
vt 0.575000 0.586188
vt 0.575000 0.590029
vt 0.575000 0.582348
vt 0.575000 0.578508
vt 0.575000 0.574668
vt 0.575000 0.570827
vt 0.575000 0.566987
vt 0.575000 0.563147
vt 0.575000 0.559307
vt 0.594314 0.503613
vt 0.594314 0.496548
vt 0.597251 0.503613
vt 0.597251 0.496548
vt 0.600001 0.496548
vt 0.600001 0.503613
vt 0.605693 0.496548
vt 0.609004 0.496548
vt 0.605693 0.503613
vt 0.609004 0.503613
vt 0.563187 0.538545
vt 0.568750 0.538545
vt 0.563187 0.547140
vt 0.568750 0.547140
vt 0.575000 0.538471
vt 0.575000 0.548166
vt 0.549125 0.538545
vt 0.552749 0.538545
vt 0.549125 0.547140
vt 0.552749 0.547140
vt 0.555686 0.538545
vt 0.555686 0.547140
vt 0.543750 0.538545
vt 0.543750 0.547140
vt 0.537500 0.538545
vt 0.537500 0.547140
vt 0.531250 0.538545
vt 0.531250 0.547140
vt 0.525000 0.538545
vt 0.525000 0.547140
vt 0.512500 0.538545
vt 0.518750 0.538545
vt 0.512500 0.547140
vt 0.518750 0.547140
vt 0.500000 0.538545
vt 0.506250 0.538545
vt 0.500000 0.547140
vt 0.506250 0.547140
vt 0.493750 0.538545
vt 0.493750 0.547140
vt 0.487500 0.538545
vt 0.487500 0.547140
vt 0.481250 0.538545
vt 0.481250 0.547140
vt 0.475000 0.538545
vt 0.475000 0.547140
vt 0.462500 0.538545
vt 0.468750 0.538545
vt 0.462500 0.547140
vt 0.468750 0.547140
vt 0.450000 0.538545
vt 0.456250 0.538545
vt 0.450000 0.547140
vt 0.456250 0.547140
vt 0.443750 0.538545
vt 0.443750 0.547140
vt 0.437500 0.538545
vt 0.437500 0.547140
vt 0.431250 0.538545
vt 0.431250 0.547140
vt 0.425000 0.538545
vt 0.425000 0.547140
vt 0.412500 0.538545
vt 0.418750 0.538545
vt 0.412500 0.547140
vt 0.418750 0.547140
vt 0.400874 0.538545
vt 0.406250 0.538545
vt 0.400874 0.547140
vt 0.406250 0.547140
vt 0.390996 0.538545
vt 0.390996 0.547140
vt 0.386811 0.538856
vt 0.386812 0.547294
vt 0.394307 0.538545
vt 0.394307 0.547140
vt 0.381250 0.539790
vt 0.381250 0.547753
vt 0.375000 0.541265
vt 0.375000 0.548366
vt 0.618750 0.523367
vt 0.618750 0.530767
vt 0.612546 0.522310
vt 0.613477 0.529057
vt 0.625000 0.525223
vt 0.625000 0.533244
vt 0.625000 0.541265
vt 0.618750 0.539411
vt 0.613477 0.536459
vt 0.575000 0.520243
vt 0.581250 0.520763
vt 0.575000 0.529269
vt 0.581250 0.528849
vt 0.587424 0.522012
vt 0.586453 0.528560
vt 0.581250 0.538251
vt 0.586453 0.536155
vt 0.381250 0.514144
vt 0.375000 0.517426
vt 0.386811 0.511683
vt 0.386811 0.520721
vt 0.381250 0.522674
vt 0.375000 0.525223
vt 0.618750 0.515000
vt 0.613188 0.513180
vt 0.625000 0.517426
vt 0.605693 0.512573
vt 0.609004 0.512573
vt 0.605693 0.520004
vt 0.609004 0.520004
vt 0.594314 0.520004
vt 0.594314 0.512573
vt 0.597251 0.520004
vt 0.597251 0.512573
vt 0.600001 0.512573
vt 0.600001 0.520004
vt 0.575000 0.511076
vt 0.581250 0.511718
vt 0.586813 0.512360
vt 0.563187 0.510862
vt 0.568750 0.510862
vt 0.568750 0.520070
vt 0.563187 0.520070
vt 0.549125 0.510862
vt 0.552749 0.510862
vt 0.555686 0.510862
vt 0.552749 0.520070
vt 0.555686 0.520070
vt 0.549125 0.520070
vt 0.543750 0.510862
vt 0.537500 0.510862
vt 0.543750 0.520070
vt 0.537500 0.520070
vt 0.531250 0.510862
vt 0.525000 0.510862
vt 0.531250 0.520070
vt 0.525000 0.520070
vt 0.512500 0.510862
vt 0.518750 0.510862
vt 0.518750 0.520070
vt 0.512500 0.520070
vt 0.500000 0.510862
vt 0.506250 0.510862
vt 0.506250 0.520070
vt 0.500000 0.520070
vt 0.493750 0.510862
vt 0.487500 0.510862
vt 0.493750 0.520070
vt 0.487500 0.520070
vt 0.481250 0.510862
vt 0.475000 0.510862
vt 0.481250 0.520070
vt 0.475000 0.520070
vt 0.462500 0.510862
vt 0.468750 0.510862
vt 0.468750 0.520070
vt 0.462500 0.520070
vt 0.450000 0.510862
vt 0.456250 0.510862
vt 0.456250 0.520070
vt 0.450000 0.520070
vt 0.443750 0.510862
vt 0.437500 0.510862
vt 0.443750 0.520070
vt 0.437500 0.520070
vt 0.431250 0.510862
vt 0.425000 0.510862
vt 0.431250 0.520070
vt 0.425000 0.520070
vt 0.412500 0.510862
vt 0.418750 0.510862
vt 0.418750 0.520070
vt 0.412500 0.520070
vt 0.400874 0.510862
vt 0.406250 0.510862
vt 0.406250 0.520070
vt 0.400874 0.520070
vt 0.390996 0.510862
vt 0.394307 0.510862
vt 0.394307 0.520070
vt 0.390996 0.520070
vt 0.596192 0.537075
vt 0.596192 0.530492
vt 0.598159 0.537473
vt 0.598159 0.530991
vt 0.596192 0.526339
vt 0.598159 0.526883
vt 0.599970 0.531232
vt 0.599970 0.527146
vt 0.599970 0.537665
vt 0.607854 0.536257
vt 0.607854 0.529467
vt 0.610158 0.535791
vt 0.610158 0.528883
vt 0.607854 0.525219
vt 0.610158 0.524581
vt 0.381250 0.531327
vt 0.375000 0.533244
vt 0.386811 0.529889
vt 0.390996 0.529409
vt 0.394307 0.529409
vt 0.400874 0.529409
vt 0.406250 0.529409
vt 0.412500 0.529409
vt 0.418750 0.529409
vt 0.425000 0.529409
vt 0.431250 0.529409
vt 0.437500 0.529409
vt 0.443750 0.529409
vt 0.450000 0.529409
vt 0.456250 0.529409
vt 0.462500 0.529409
vt 0.468750 0.529409
vt 0.475000 0.529409
vt 0.481250 0.529409
vt 0.487500 0.529409
vt 0.493750 0.529409
vt 0.500000 0.529409
vt 0.506250 0.529409
vt 0.512500 0.529409
vt 0.518750 0.529409
vt 0.525000 0.529409
vt 0.531250 0.529409
vt 0.537500 0.529409
vt 0.543750 0.529409
vt 0.549125 0.529409
vt 0.552749 0.529409
vt 0.555686 0.529409
vt 0.563187 0.529409
vt 0.568750 0.529409
vt 0.618750 0.551514
vt 0.613477 0.546530
vt 0.625000 0.548366
vt 0.607854 0.545299
vt 0.610158 0.545043
vt 0.596192 0.545748
vt 0.598159 0.545967
vt 0.599970 0.546073
vt 0.581250 0.551242
vt 0.586453 0.546455
vt 0.589564 0.535735
vt 0.589564 0.545012
vt 0.591698 0.536166
vt 0.591698 0.545249
vt 0.591485 0.553230
vt 0.589547 0.558039
vt 0.589564 0.524504
vt 0.589564 0.528813
vt 0.591698 0.525095
vt 0.591698 0.529353
vt 0.538000 0.219525
vt 0.532046 0.209558
vt 0.526452 0.200140
vt 0.550507 0.240372
vt 0.544194 0.229857
vt 0.563215 0.261651
vt 0.556821 0.250887
vt 0.569770 0.272911
vt 0.576407 0.284420
vt 0.558999 0.359375
vt 0.558999 0.405054
vt 0.558999 0.312500
vt 0.558999 0.448340
vt 0.558999 0.481318
vt 0.558999 0.496075
vt 0.558999 0.502595
vt 0.558999 0.510862
vt 0.558999 0.520070
vt 0.558999 0.529409
vt 0.558999 0.538545
vt 0.558999 0.559145
vt 0.558999 0.547140
vt 0.558999 0.599198
vt 0.558999 0.578506
vt 0.558999 0.627752
vt 0.558999 0.615197
vt 0.558999 0.647531
vt 0.558999 0.638113
vt 0.558999 0.667209
vt 0.558999 0.657255
vt 0.558999 0.687500
vt 0.558999 0.677316
vt 0.387790 0.198725
vt 0.373880 0.099333
vt 0.359971 0.000000
vt 0.415655 0.398016
vt 0.401699 0.298236
vt 0.443796 0.595657
vt 0.429702 0.498216
vt 0.470211 0.766093
vt 0.457889 0.687160
vt 0.490493 0.869923
vt 0.478987 0.825823
vt 0.536011 0.927977
vt 0.511001 0.901965
vt 0.488999 0.901965
vt 0.509507 0.869923
vt 0.463988 0.927977
vt 0.521013 0.825823
vt 0.529789 0.766093
vt 0.542111 0.687160
vt 0.556204 0.595657
vt 0.570298 0.498216
vt 0.584345 0.398016
vt 0.598301 0.298236
vt 0.612210 0.198725
vt 0.626120 0.099333
vt 0.640029 0.000000
vt 0.591001 0.677366
vt 0.591001 0.687500
vt 0.591001 0.667302
vt 0.591001 0.657380
vt 0.591001 0.647668
vt 0.591001 0.638238
vt 0.591001 0.627848
vt 0.591001 0.615259
vt 0.590624 0.598652
vt 0.589495 0.576210
vt 0.592853 0.558161
vt 0.593973 0.545502
vt 0.593973 0.536626
vt 0.593973 0.529930
vt 0.593973 0.525725
vt 0.589909 0.522779
vt 0.591372 0.522711
vt 0.590295 0.523152
vt 0.592487 0.523402
vt 0.593601 0.524092
vt 0.591817 0.523654
vt 0.591001 0.503613
vt 0.591001 0.512573
vt 0.591001 0.520004
vt 0.591001 0.481436
vt 0.591001 0.496548
vt 0.591001 0.405054
vt 0.591001 0.448340
vt 0.591001 0.312500
vt 0.591001 0.359375
vt 0.619777 0.183800
vt 0.632512 0.186555
vt 0.645508 0.189310
vt 0.595613 0.178290
vt 0.607564 0.181045
vt 0.571920 0.172838
vt 0.583661 0.175535
vt 0.549916 0.167844
vt 0.560602 0.170255
vt 0.531270 0.164714
vt 0.540075 0.165663
vt 0.518437 0.169645
vt 0.523693 0.166001
vt 0.516595 0.175770
vt 0.517713 0.183373
vt 0.521336 0.191455
vt 0.603560 0.545776
vt 0.605629 0.545546
vt 0.603560 0.537125
vt 0.605629 0.536707
vt 0.603560 0.530555
vt 0.605629 0.530031
vt 0.603560 0.526407
vt 0.605629 0.525835
vt 0.523207 0.098695
vt 0.527609 0.087704
vt 0.518994 0.109274
vt 0.532137 0.076440
vt 0.536728 0.065038
vt 0.541319 0.053637
vt 0.546135 0.041544
vt 0.556890 0.013900
vt 0.551400 0.028068
vt 0.397246 0.405054
vt 0.397246 0.359375
vt 0.397246 0.312500
vt 0.397246 0.481318
vt 0.397246 0.448340
vt 0.397246 0.502595
vt 0.397246 0.496075
vt 0.397246 0.520070
vt 0.397246 0.510862
vt 0.397246 0.538545
vt 0.397246 0.529409
vt 0.397246 0.559154
vt 0.397246 0.547140
vt 0.397246 0.599292
vt 0.397246 0.578543
vt 0.397246 0.628042
vt 0.397246 0.615384
vt 0.397246 0.647942
vt 0.397246 0.638487
vt 0.397246 0.667490
vt 0.397246 0.657629
vt 0.397246 0.687500
vt 0.397246 0.677466
vt 0.812393 0.198684
vt 0.851117 0.099333
vt 0.889841 0.000000
vt 1.000000 0.000000
vt 0.950333 0.099333
vt 0.900667 0.198666
vt 0.734817 0.397769
vt 0.773669 0.298072
vt 0.851000 0.297999
vt 0.801334 0.397332
vt 0.656472 0.597718
vt 0.695708 0.498052
vt 0.751010 0.497979
vt 0.700687 0.598626
vt 0.582934 0.780784
vt 0.617236 0.695566
vt 0.650363 0.699273
vt 0.600040 0.799920
vt 0.575030 0.849940
vt 0.558500 0.842560
vt 0.550020 0.899960
vt 0.537622 0.890768
vt 0.488980 0.977959
vt 0.525010 0.949980
vt 0.513990 0.935286
vt 0.474990 0.949980
vt 0.511020 0.977959
vt 0.486010 0.935286
vt 0.449980 0.899960
vt 0.462378 0.890768
vt 0.417066 0.780784
vt 0.441500 0.842560
vt 0.399960 0.799920
vt 0.424970 0.849940
vt 0.382764 0.695566
vt 0.343528 0.597718
vt 0.349637 0.699273
vt 0.299313 0.598626
vt 0.304292 0.498052
vt 0.265183 0.397770
vt 0.248990 0.497979
vt 0.198666 0.397333
vt 0.226331 0.298072
vt 0.187607 0.198684
vt 0.149000 0.297999
vt 0.099333 0.198666
vt 0.148883 0.099333
vt 0.110159 0.000000
vt 0.049667 0.099333
vt 0.000000 0.000000
vt 0.602754 0.677466
vt 0.602754 0.667490
vt 0.602754 0.687500
vt 0.602754 0.657629
vt 0.602754 0.647942
vt 0.602754 0.628042
vt 0.602754 0.638487
vt 0.602625 0.599292
vt 0.602754 0.615384
vt 0.601851 0.558864
vt 0.602238 0.578543
vt 0.601722 0.537497
vt 0.601722 0.545980
vt 0.601722 0.526916
vt 0.601722 0.531021
vt 0.602625 0.522864
vt 0.602238 0.524014
vt 0.601851 0.525165
vt 0.602754 0.503613
vt 0.602754 0.512573
vt 0.602754 0.520004
vt 0.602754 0.481436
vt 0.602754 0.496548
vt 0.602754 0.405054
vt 0.602754 0.448340
vt 0.602754 0.312500
vt 0.602754 0.359375
vt 0.623349 0.147819
vt 0.637792 0.146976
vt 0.652963 0.146133
vt 0.598097 0.149505
vt 0.610360 0.148662
vt 0.573723 0.151174
vt 0.585835 0.150348
vt 0.550546 0.152702
vt 0.561910 0.151964
vt 0.539781 0.153369
vt 0.528907 0.153660
vt 0.508904 0.149781
vt 0.517217 0.153266
vt 0.508158 0.140797
vt 0.511396 0.129558
vt 0.515032 0.119306
vt 0.597251 0.522481
vt 0.594314 0.522481
vt 0.600001 0.522481
vt 0.599970 0.525784
vt 0.598159 0.525514
vt 0.596192 0.524954
vt 0.605693 0.522481
vt 0.609004 0.522481
vt 0.611040 0.522647
vt 0.610158 0.523147
vt 0.607854 0.523803
vt 0.605629 0.524436
vt 0.603560 0.525025
vt 0.588891 0.522627
vt 0.591001 0.522481
vt 0.593973 0.524323
vt 0.591698 0.523675
vt 0.589564 0.523068
vt 0.602754 0.522481
vt 0.601722 0.525548
vt 0.648603 0.892034
vt 0.626409 0.935591
vt 0.563204 0.889671
vt 0.574301 0.867892
vt 0.591841 0.970159
vt 0.545921 0.906954
vt 0.548284 0.992353
vt 0.524142 0.918051
vt 0.500000 1.000000
vt 0.500000 0.921875
vt 0.451716 0.992353
vt 0.475858 0.918051
vt 0.408159 0.970159
vt 0.454079 0.906954
vt 0.373591 0.935591
vt 0.436796 0.889671
vt 0.351397 0.892034
vt 0.425699 0.867892
vt 0.343750 0.843750
vt 0.421875 0.843750
vt 0.351397 0.795466
vt 0.425699 0.819608
vt 0.373591 0.751909
vt 0.436796 0.797829
vt 0.408159 0.717341
vt 0.454079 0.780546
vt 0.451716 0.695147
vt 0.475858 0.769449
vt 0.500000 0.687500
vt 0.500000 0.765625
vt 0.548284 0.695147
vt 0.524142 0.769449
vt 0.591842 0.717341
vt 0.545921 0.780545
vt 0.626409 0.751908
vt 0.563205 0.797829
vt 0.648603 0.795466
vt 0.574301 0.819608
vt 0.656250 0.843750
vt 0.578125 0.843750
vt 0.500000 0.843750
vt 0.531606 0.133287
vt 0.537155 0.144178
vt 0.500000 0.156250
vt 0.522963 0.124644
vt 0.512073 0.119095
vt 0.500000 0.117183
vt 0.487928 0.119095
vt 0.477037 0.124644
vt 0.468394 0.133287
vt 0.462845 0.144178
vt 0.460933 0.156250
vt 0.462845 0.168322
vt 0.468394 0.179213
vt 0.477037 0.187856
vt 0.487928 0.193405
vt 0.500000 0.195317
vt 0.512073 0.193405
vt 0.522963 0.187856
vt 0.531606 0.179213
vt 0.537155 0.168322
vt 0.539067 0.156250
vt 0.555728 0.138143
vt 0.547405 0.121808
vt 0.574301 0.132108
vt 0.563205 0.110329
vt 0.611448 0.120039
vt 0.592874 0.126073
vt 0.579004 0.098850
vt 0.594803 0.087371
vt 0.534442 0.108845
vt 0.545921 0.093046
vt 0.557400 0.077246
vt 0.568879 0.061447
vt 0.518107 0.100522
vt 0.524142 0.081949
vt 0.530177 0.063375
vt 0.536212 0.044802
vt 0.500000 0.097654
vt 0.500000 0.078125
vt 0.500000 0.058596
vt 0.500000 0.039067
vt 0.481893 0.100522
vt 0.475858 0.081949
vt 0.469823 0.063375
vt 0.463788 0.044802
vt 0.465558 0.108845
vt 0.454079 0.093046
vt 0.442600 0.077246
vt 0.431121 0.061447
vt 0.452595 0.121808
vt 0.436796 0.110329
vt 0.420996 0.098850
vt 0.405197 0.087371
vt 0.444272 0.138143
vt 0.425699 0.132108
vt 0.407125 0.126073
vt 0.388552 0.120038
vt 0.441404 0.156250
vt 0.421875 0.156250
vt 0.402346 0.156250
vt 0.382817 0.156250
vt 0.444272 0.174357
vt 0.425699 0.180392
vt 0.407125 0.186427
vt 0.388552 0.192462
vt 0.452595 0.190692
vt 0.436796 0.202171
vt 0.420996 0.213650
vt 0.405197 0.225129
vt 0.465558 0.203655
vt 0.454079 0.219454
vt 0.442600 0.235254
vt 0.431121 0.251053
vt 0.481893 0.211978
vt 0.475858 0.230551
vt 0.469823 0.249125
vt 0.463788 0.267698
vt 0.500000 0.214846
vt 0.500000 0.234375
vt 0.500000 0.253904
vt 0.500000 0.273433
vt 0.518107 0.211978
vt 0.524142 0.230551
vt 0.530177 0.249125
vt 0.536212 0.267698
vt 0.534442 0.203655
vt 0.545921 0.219454
vt 0.557400 0.235254
vt 0.568879 0.251053
vt 0.547405 0.190692
vt 0.563204 0.202171
vt 0.579004 0.213650
vt 0.594803 0.225128
vt 0.555728 0.174357
vt 0.574301 0.180392
vt 0.592874 0.186427
vt 0.611448 0.192462
vt 0.558596 0.156250
vt 0.578125 0.156250
vt 0.597654 0.156250
vt 0.617183 0.156250
vt 0.375000 0.460993
vt 0.387500 0.460994
vt 0.387500 0.687500
vt 0.375000 0.687500
vt 0.400000 0.460994
vt 0.400000 0.687500
vt 0.412500 0.460993
vt 0.412500 0.687500
vt 0.425000 0.460994
vt 0.425000 0.687500
vt 0.437500 0.460994
vt 0.437500 0.687500
vt 0.450000 0.460993
vt 0.450000 0.687500
vt 0.462500 0.460993
vt 0.462500 0.687500
vt 0.475000 0.460993
vt 0.475000 0.687500
vt 0.487500 0.460994
vt 0.487500 0.687500
vt 0.500000 0.460993
vt 0.500000 0.687500
vt 0.512500 0.460994
vt 0.512500 0.687500
vt 0.525000 0.460993
vt 0.525000 0.687500
vt 0.537500 0.460993
vt 0.537500 0.687500
vt 0.550000 0.460993
vt 0.550000 0.687500
vt 0.562500 0.460995
vt 0.562500 0.687500
vt 0.575000 0.460993
vt 0.575000 0.687500
vt 0.587500 0.460993
vt 0.587500 0.687500
vt 0.600000 0.460993
vt 0.600000 0.687500
vt 0.612500 0.460993
vt 0.612500 0.687500
vt 0.625000 0.460994
vt 0.625000 0.687500
vt 0.610608 0.075889
vt 0.630027 0.114002
vt 0.580362 0.045642
vt 0.542249 0.026223
vt 0.500000 0.019531
vt 0.457752 0.026223
vt 0.419639 0.045642
vt 0.389392 0.075889
vt 0.369973 0.114002
vt 0.363282 0.156250
vt 0.369973 0.198498
vt 0.389392 0.236611
vt 0.419639 0.266858
vt 0.457752 0.286277
vt 0.500000 0.292969
vt 0.542249 0.286277
vt 0.580362 0.266858
vt 0.610608 0.236611
vt 0.630027 0.198498
vt 0.636719 0.156250
vt 0.648603 0.107966
vt 0.626409 0.064409
vt 0.375000 0.375675
vt 0.387500 0.376482
vt 0.375000 0.312500
vt 0.387500 0.312500
vt 0.591842 0.029841
vt 0.400000 0.376725
vt 0.400000 0.312500
vt 0.548284 0.007647
vt 0.412500 0.376798
vt 0.412500 0.312500
vt 0.500000 -0.000000
vt 0.425000 0.376820
vt 0.425000 0.312500
vt 0.451716 0.007647
vt 0.437500 0.376827
vt 0.437500 0.312500
vt 0.408158 0.029841
vt 0.450000 0.376829
vt 0.450000 0.312500
vt 0.373591 0.064409
vt 0.462500 0.376829
vt 0.462500 0.312500
vt 0.351398 0.107966
vt 0.475000 0.376830
vt 0.475000 0.312500
vt 0.343750 0.156250
vt 0.487500 0.376830
vt 0.487500 0.312500
vt 0.351398 0.204534
vt 0.500000 0.376830
vt 0.500000 0.312500
vt 0.373591 0.248092
vt 0.512500 0.376830
vt 0.512500 0.312500
vt 0.408159 0.282659
vt 0.525000 0.376830
vt 0.525000 0.312500
vt 0.451716 0.304853
vt 0.537500 0.376829
vt 0.537500 0.312500
vt 0.500000 0.312500
vt 0.550000 0.376829
vt 0.550000 0.312500
vt 0.548284 0.304853
vt 0.562500 0.376827
vt 0.562500 0.312500
vt 0.591842 0.282659
vt 0.575000 0.376820
vt 0.575000 0.312500
vt 0.626409 0.248091
vt 0.587500 0.376798
vt 0.587500 0.312500
vt 0.648603 0.204534
vt 0.600000 0.376725
vt 0.600000 0.312500
vt 0.656250 0.156250
vt 0.612500 0.376482
vt 0.612500 0.312500
vt 0.625000 0.312500
vt 0.625000 0.375675
vt 0.648603 0.892034
vt 0.626409 0.935591
vt 0.563204 0.889671
vt 0.574301 0.867892
vt 0.591841 0.970159
vt 0.545921 0.906954
vt 0.548284 0.992353
vt 0.524142 0.918051
vt 0.500000 1.000000
vt 0.500000 0.921875
vt 0.451716 0.992353
vt 0.475858 0.918051
vt 0.408159 0.970159
vt 0.454079 0.906954
vt 0.373591 0.935591
vt 0.436796 0.889671
vt 0.351397 0.892034
vt 0.425699 0.867892
vt 0.343750 0.843750
vt 0.421875 0.843750
vt 0.351397 0.795466
vt 0.425699 0.819608
vt 0.373591 0.751909
vt 0.436796 0.797829
vt 0.408159 0.717341
vt 0.454079 0.780546
vt 0.451716 0.695147
vt 0.475858 0.769449
vt 0.500000 0.687500
vt 0.500000 0.765625
vt 0.548284 0.695147
vt 0.524142 0.769449
vt 0.591842 0.717341
vt 0.545921 0.780545
vt 0.626409 0.751908
vt 0.563205 0.797829
vt 0.648603 0.795466
vt 0.574301 0.819608
vt 0.656250 0.843750
vt 0.578125 0.843750
vt 0.500000 0.843750
vt 0.531606 0.133287
vt 0.537155 0.144178
vt 0.500000 0.156250
vt 0.522963 0.124644
vt 0.512073 0.119095
vt 0.500000 0.117183
vt 0.487928 0.119095
vt 0.477037 0.124644
vt 0.468394 0.133287
vt 0.462845 0.144178
vt 0.460933 0.156250
vt 0.462845 0.168322
vt 0.468394 0.179213
vt 0.477037 0.187856
vt 0.487928 0.193405
vt 0.500000 0.195317
vt 0.512073 0.193405
vt 0.522963 0.187856
vt 0.531606 0.179213
vt 0.537155 0.168322
vt 0.539067 0.156250
vt 0.555728 0.138143
vt 0.547405 0.121808
vt 0.574301 0.132108
vt 0.563205 0.110329
vt 0.611448 0.120039
vt 0.592874 0.126073
vt 0.579004 0.098850
vt 0.594803 0.087371
vt 0.534442 0.108845
vt 0.545921 0.093046
vt 0.557400 0.077246
vt 0.568879 0.061447
vt 0.518107 0.100522
vt 0.524142 0.081949
vt 0.530177 0.063375
vt 0.536212 0.044802
vt 0.500000 0.097654
vt 0.500000 0.078125
vt 0.500000 0.058596
vt 0.500000 0.039067
vt 0.481893 0.100522
vt 0.475858 0.081949
vt 0.469823 0.063375
vt 0.463788 0.044802
vt 0.465558 0.108845
vt 0.454079 0.093046
vt 0.442600 0.077246
vt 0.431121 0.061447
vt 0.452595 0.121808
vt 0.436796 0.110329
vt 0.420996 0.098850
vt 0.405197 0.087371
vt 0.444272 0.138143
vt 0.425699 0.132108
vt 0.407125 0.126073
vt 0.388552 0.120038
vt 0.441404 0.156250
vt 0.421875 0.156250
vt 0.402346 0.156250
vt 0.382817 0.156250
vt 0.444272 0.174357
vt 0.425699 0.180392
vt 0.407125 0.186427
vt 0.388552 0.192462
vt 0.452595 0.190692
vt 0.436796 0.202171
vt 0.420996 0.213650
vt 0.405197 0.225129
vt 0.465558 0.203655
vt 0.454079 0.219454
vt 0.442600 0.235254
vt 0.431121 0.251053
vt 0.481893 0.211978
vt 0.475858 0.230551
vt 0.469823 0.249125
vt 0.463788 0.267698
vt 0.500000 0.214846
vt 0.500000 0.234375
vt 0.500000 0.253904
vt 0.500000 0.273433
vt 0.518107 0.211978
vt 0.524142 0.230551
vt 0.530177 0.249125
vt 0.536212 0.267698
vt 0.534442 0.203655
vt 0.545921 0.219454
vt 0.557400 0.235254
vt 0.568879 0.251053
vt 0.547405 0.190692
vt 0.563204 0.202171
vt 0.579004 0.213650
vt 0.594803 0.225128
vt 0.555728 0.174357
vt 0.574301 0.180392
vt 0.592874 0.186427
vt 0.611448 0.192462
vt 0.558596 0.156250
vt 0.578125 0.156250
vt 0.597654 0.156250
vt 0.617183 0.156250
vt 0.375000 0.460993
vt 0.387500 0.460994
vt 0.387500 0.687500
vt 0.375000 0.687500
vt 0.400000 0.460994
vt 0.400000 0.687500
vt 0.412500 0.460993
vt 0.412500 0.687500
vt 0.425000 0.460994
vt 0.425000 0.687500
vt 0.437500 0.460994
vt 0.437500 0.687500
vt 0.450000 0.460993
vt 0.450000 0.687500
vt 0.462500 0.460993
vt 0.462500 0.687500
vt 0.475000 0.460993
vt 0.475000 0.687500
vt 0.487500 0.460994
vt 0.487500 0.687500
vt 0.500000 0.460993
vt 0.500000 0.687500
vt 0.512500 0.460994
vt 0.512500 0.687500
vt 0.525000 0.460993
vt 0.525000 0.687500
vt 0.537500 0.460993
vt 0.537500 0.687500
vt 0.550000 0.460993
vt 0.550000 0.687500
vt 0.562500 0.460995
vt 0.562500 0.687500
vt 0.575000 0.460993
vt 0.575000 0.687500
vt 0.587500 0.460993
vt 0.587500 0.687500
vt 0.600000 0.460993
vt 0.600000 0.687500
vt 0.612500 0.460993
vt 0.612500 0.687500
vt 0.625000 0.460994
vt 0.625000 0.687500
vt 0.610608 0.075889
vt 0.630027 0.114002
vt 0.580362 0.045642
vt 0.542249 0.026223
vt 0.500000 0.019531
vt 0.457752 0.026223
vt 0.419639 0.045642
vt 0.389392 0.075889
vt 0.369973 0.114002
vt 0.363282 0.156250
vt 0.369973 0.198498
vt 0.389392 0.236611
vt 0.419639 0.266858
vt 0.457752 0.286277
vt 0.500000 0.292969
vt 0.542249 0.286277
vt 0.580362 0.266858
vt 0.610608 0.236611
vt 0.630027 0.198498
vt 0.636719 0.156250
vt 0.648603 0.107966
vt 0.626409 0.064409
vt 0.375000 0.375675
vt 0.387500 0.376482
vt 0.375000 0.312500
vt 0.387500 0.312500
vt 0.591842 0.029841
vt 0.400000 0.376725
vt 0.400000 0.312500
vt 0.548284 0.007647
vt 0.412500 0.376798
vt 0.412500 0.312500
vt 0.500000 -0.000000
vt 0.425000 0.376820
vt 0.425000 0.312500
vt 0.451716 0.007647
vt 0.437500 0.376827
vt 0.437500 0.312500
vt 0.408158 0.029841
vt 0.450000 0.376829
vt 0.450000 0.312500
vt 0.373591 0.064409
vt 0.462500 0.376829
vt 0.462500 0.312500
vt 0.351398 0.107966
vt 0.475000 0.376830
vt 0.475000 0.312500
vt 0.343750 0.156250
vt 0.487500 0.376830
vt 0.487500 0.312500
vt 0.351398 0.204534
vt 0.500000 0.376830
vt 0.500000 0.312500
vt 0.373591 0.248092
vt 0.512500 0.376830
vt 0.512500 0.312500
vt 0.408159 0.282659
vt 0.525000 0.376830
vt 0.525000 0.312500
vt 0.451716 0.304853
vt 0.537500 0.376829
vt 0.537500 0.312500
vt 0.500000 0.312500
vt 0.550000 0.376829
vt 0.550000 0.312500
vt 0.548284 0.304853
vt 0.562500 0.376827
vt 0.562500 0.312500
vt 0.591842 0.282659
vt 0.575000 0.376820
vt 0.575000 0.312500
vt 0.626409 0.248091
vt 0.587500 0.376798
vt 0.587500 0.312500
vt 0.648603 0.204534
vt 0.600000 0.376725
vt 0.600000 0.312500
vt 0.656250 0.156250
vt 0.612500 0.376482
vt 0.612500 0.312500
vt 0.625000 0.312500
vt 0.625000 0.375675
vt 0.000000 0.000000
vt 1.000000 0.000000
vt 0.300779 0.976692
vt 0.000000 0.000000
vt 1.000000 0.000000
vt 0.300779 0.976692
vt 0.000000 0.000000
vt 1.000000 0.000000
vt 0.300779 0.976692
vt 0.000000 0.000000
vt 1.000000 0.000000
vt 0.300779 0.976692
vt 0.000000 0.000000
vt 1.000000 0.000000
vt 0.300779 0.976692
vt 0.000000 0.000000
vt 1.000000 0.000000
vt 0.300779 0.976692
vt 0.000000 0.000000
vt 0.300779 0.976692
vt 1.000000 0.000000
vt 0.000000 0.000000
vt 0.300779 0.976692
vt 1.000000 0.000000
vt 0.000000 0.000000
vt 0.300779 0.976692
vt 1.000000 0.000000
vt 0.000000 0.000000
vt 0.300779 0.976692
vt 1.000000 0.000000
vt 0.000000 0.000000
vt 0.300779 0.976692
vt 1.000000 0.000000
vt 0.000000 0.000000
vt 0.300779 0.976692
vt 1.000000 0.000000
vt 0.000000 0.000000
vt 1.000000 0.000000
vt 0.300779 0.976692
vt 0.000000 0.000000
vt 1.000000 0.000000
vt 0.300779 0.976692
vt 0.000000 0.000000
vt 1.000000 0.000000
vt 0.300779 0.976692
vt 0.000000 0.000000
vt 1.000000 0.000000
vt 0.300779 0.976692
vt 0.000000 0.000000
vt 1.000000 0.000000
vt 0.300779 0.976692
vt 0.000000 0.000000
vt 1.000000 0.000000
vt 0.300779 0.976692
vn 0.220593 0.038677 -0.974599
vn 0.380777 0.246546 -0.891192
vn 0.340783 0.192796 -0.920161
vn -0.509519 0.142796 -0.848528
vn -0.460226 0.424857 -0.779544
vn -0.460226 0.424859 -0.779543
vn -0.963514 0.070423 -0.258229
vn -0.964962 0.227805 -0.130204
vn -0.955738 0.282380 -0.082621
vn -0.983081 -0.073482 0.167783
vn -0.963878 0.012939 0.266030
vn -0.955084 0.038155 0.293867
vn -0.867767 -0.254637 0.426778
vn -0.847226 -0.203562 0.490684
vn -0.844552 -0.197755 0.497619
vn -0.585847 -0.549035 0.596107
vn -0.571875 -0.523114 0.631910
vn -0.572223 -0.523746 0.631072
vn 0.218657 -0.889671 0.400842
vn 0.230379 -0.877939 0.419701
vn 0.230379 -0.877939 0.419701
vn 0.777652 -0.585603 -0.228749
vn 0.803285 -0.560627 -0.201074
vn 0.803891 -0.560002 -0.200392
vn 0.769910 -0.298543 -0.564014
vn 0.824107 -0.242491 -0.511905
vn 0.818977 -0.248231 -0.517356
vn 0.601168 -0.115956 -0.790665
vn 0.704197 -0.006333 -0.709977
vn 0.682637 -0.031207 -0.730091
vn 0.474664 0.387239 -0.790405
vn 0.472547 0.383521 -0.793480
vn -0.351428 0.708251 -0.612274
vn -0.351428 0.708251 -0.612274
vn -0.906378 0.420498 0.040754
vn -0.904490 0.424223 0.043968
vn -0.924926 0.108333 0.364385
vn -0.924435 0.109427 0.365301
vn -0.827311 -0.158722 0.538855
vn -0.827353 -0.158884 0.538743
vn -0.566538 -0.508780 0.648211
vn -0.566297 -0.508651 0.648522
vn 0.230011 -0.878320 0.419105
vn 0.230011 -0.878320 0.419105
vn 0.816582 -0.545720 -0.188103
vn 0.816413 -0.545851 -0.188458
vn 0.854073 -0.203964 -0.478495
vn 0.854159 -0.203804 -0.478410
vn 0.756032 0.064372 -0.651361
vn 0.755406 0.063282 -0.652194
vn 0.552814 0.484545 -0.677948
vn 0.551993 0.483612 -0.679281
vn -0.246296 0.861056 -0.444884
vn -0.247850 0.859313 -0.447383
vn -0.847735 0.510231 0.144947
vn -0.848125 0.509764 0.144311
vn -0.901523 0.146610 0.407138
vn -0.901906 0.146094 0.406475
vn -0.827832 -0.152439 0.539868
vn -0.827741 -0.152475 0.539996
vn -0.589945 -0.530576 0.608649
vn -0.588895 -0.529548 0.610559
vn 0.190896 -0.914901 0.355690
vn 0.190194 -0.915490 0.354548
vn 0.806009 -0.555054 -0.205582
vn 0.805303 -0.555678 -0.206664
vn 0.870839 -0.183882 -0.455881
vn 0.871575 -0.183083 -0.454794
vn 0.798157 0.114567 -0.591456
vn 0.798656 0.115126 -0.590673
vn 0.728776 0.583643 -0.358115
vn 0.728680 0.583653 -0.358294
vn 0.739551 0.582354 -0.337533
vn 0.739551 0.582354 -0.337533
vn 0.010527 0.999941 0.002710
vn 0.010644 0.999940 0.002740
vn 0.000000 1.000000 0.000000
vn 0.000000 1.000000 0.000000
vn -0.717690 0.593412 0.364395
vn -0.717604 0.593453 0.364497
vn -0.739549 0.582359 0.337529
vn -0.739549 0.582359 0.337529
vn -0.879544 0.174439 0.442688
vn -0.879613 0.174411 0.442563
vn -0.896991 0.166750 0.409391
vn -0.896991 0.166750 0.409391
vn -0.883340 -0.164497 0.438921
vn -0.883493 -0.164523 0.438603
vn -0.896993 -0.166751 0.409386
vn -0.896993 -0.166751 0.409386
vn -0.732135 -0.584168 0.350323
vn -0.732262 -0.584139 0.350106
vn -0.739547 -0.582365 0.337523
vn -0.739547 -0.582365 0.337523
vn -0.020036 -0.999561 -0.021847
vn -0.019744 -0.999573 -0.021529
vn 0.000000 -1.000000 -0.000005
vn 0.000000 -1.000000 -0.000005
vn 0.711921 -0.594060 -0.374516
vn 0.711946 -0.594050 -0.374483
vn 0.739549 -0.582363 -0.337523
vn 0.739549 -0.582363 -0.337523
vn 0.878753 -0.174596 -0.444195
vn 0.878674 -0.174628 -0.444340
vn 0.896993 -0.166746 -0.409389
vn 0.896993 -0.166746 -0.409389
vn 0.883227 0.164475 -0.439157
vn 0.883141 0.164460 -0.439334
vn 0.896993 0.166746 -0.409389
vn 0.896993 0.166746 -0.409389
vn 0.750441 0.582145 -0.312963
vn 0.751543 0.582099 -0.310394
vn 0.016421 0.999218 0.035975
vn 0.016421 0.999218 0.035975
vn -0.726906 0.582103 0.364368
vn -0.728125 0.582149 0.361852
vn -0.887851 0.166713 0.428868
vn -0.888276 0.166717 0.427985
vn -0.888277 -0.166717 0.427982
vn -0.887852 -0.166714 0.428865
vn -0.728124 -0.582155 0.361843
vn -0.726906 -0.582109 0.364358
vn 0.016418 -0.999218 0.035959
vn 0.016419 -0.999218 0.035959
vn 0.751539 -0.582106 -0.310389
vn 0.750438 -0.582152 -0.312957
vn 0.905720 -0.166706 -0.389720
vn 0.905331 -0.166710 -0.390619
vn 0.905329 0.166709 -0.390624
vn 0.905718 0.166706 -0.389724
vn 0.589141 0.061667 0.805674
vn 0.494067 0.126935 0.860108
vn 0.415206 -0.000001 0.909728
vn 0.326049 0.126934 0.936792
vn 0.222635 0.061668 0.972950
vn 0.199286 -0.000001 0.979941
vn 0.222634 -0.061673 0.972950
vn 0.326051 -0.126937 0.936791
vn 0.494056 -0.126938 0.860114
vn 0.589125 -0.061674 0.805685
vn 0.609715 -0.000001 0.792621
vn 0.855277 0.200400 0.477852
vn 0.909232 0.000000 0.416290
vn 0.944325 0.303581 0.126845
vn 0.998863 0.000001 0.047672
vn 0.923677 0.350936 -0.153831
vn 0.977234 0.000001 -0.212164
vn 0.611501 0.404592 0.679980
vn 0.638528 0.651074 0.410347
vn 0.583954 0.805329 0.102190
vn 0.113023 0.404591 0.907487
vn -0.108378 0.651067 0.751243
vn -0.305418 0.805323 0.508109
vn -0.199399 0.200402 0.959208
vn -0.522903 0.303579 0.796500
vn -0.721413 0.350935 0.596999
vn -0.281265 0.000000 0.959630
vn -0.618448 -0.000000 0.785826
vn -0.800575 -0.000000 0.599233
vn -0.199393 -0.200401 0.959209
vn -0.522889 -0.303582 0.796508
vn -0.721413 -0.350940 0.596996
vn 0.113033 -0.404571 0.907494
vn -0.108355 -0.651054 0.751258
vn -0.305413 -0.805333 0.508096
vn 0.611490 -0.404571 0.680002
vn 0.638528 -0.651056 0.410376
vn 0.583950 -0.805333 0.102182
vn 0.855270 -0.200397 0.477864
vn 0.944323 -0.303580 0.126863
vn 0.923677 -0.350937 -0.153831
vn 0.829320 0.150098 -0.538237
vn 0.829345 0.150023 -0.538220
vn 0.884409 -0.169635 -0.434793
vn 0.884410 -0.169721 -0.434758
vn 0.796425 -0.563488 -0.219519
vn 0.796408 -0.563521 -0.219495
vn 0.157683 -0.940554 0.300822
vn 0.157697 -0.940554 0.300815
vn -0.608547 -0.547695 0.574195
vn -0.608524 -0.547723 0.574194
vn -0.830019 -0.150620 0.537012
vn -0.829992 -0.150702 0.537031
vn -0.883775 0.170273 0.435831
vn -0.883774 0.170193 0.435864
vn -0.795175 0.564506 0.221426
vn -0.795187 0.564482 0.221443
vn -0.158317 0.940133 -0.301803
vn -0.158305 0.940133 -0.301810
vn 0.606891 0.546366 -0.577206
vn 0.606910 0.546343 -0.577208
vn 0.845623 0.154077 -0.511060
vn 0.844540 0.153736 -0.512950
vn 0.872504 0.161945 -0.460989
vn 0.874206 0.162415 -0.457587
vn 0.881592 -0.175631 -0.438121
vn 0.881846 -0.175182 -0.437788
vn 0.875248 -0.177617 -0.449880
vn 0.874695 -0.177397 -0.451043
vn 0.766313 -0.583715 -0.268405
vn 0.769443 -0.581820 -0.263520
vn 0.716588 -0.597619 -0.359658
vn 0.713256 -0.597574 -0.366294
vn 0.094115 -0.975621 0.198256
vn 0.097647 -0.974103 0.203934
vn -0.006043 -0.999896 0.013059
vn -0.007051 -0.999915 0.010958
vn -0.650962 -0.566137 0.505705
vn -0.652578 -0.566831 0.502836
vn -0.719347 -0.583937 0.376241
vn -0.716412 -0.583680 0.382193
vn -0.846753 -0.155105 0.508873
vn -0.848006 -0.155529 0.506652
vn -0.875095 -0.162940 0.455696
vn -0.873582 -0.162621 0.458703
vn -0.880857 0.175762 0.439544
vn -0.880586 0.176189 0.439916
vn -0.875310 0.177375 0.449857
vn -0.875615 0.177675 0.449144
vn -0.770065 0.581513 0.262379
vn -0.767651 0.582988 0.266153
vn -0.719984 0.596515 0.354672
vn -0.722407 0.596546 0.349658
vn -0.106974 0.969682 -0.219713
vn -0.104679 0.970751 -0.216065
vn -0.006502 0.999306 -0.036691
vn -0.007335 0.999237 -0.038376
vn 0.644412 0.562431 -0.518077
vn 0.643147 0.561890 -0.520232
vn 0.710443 0.581669 -0.396147
vn 0.713385 0.582150 -0.390106
vn -0.931472 0.038681 0.361751
vn -0.951828 0.246549 0.182308
vn -0.953500 0.192798 0.231662
vn -0.418882 0.142798 0.896742
vn -0.389228 0.424854 0.817313
vn -0.389228 0.424857 0.817312
vn 0.324340 0.070428 0.943315
vn 0.431318 0.227809 0.872965
vn 0.465621 0.282384 0.838723
vn 0.688557 -0.073488 0.721449
vn 0.759295 0.012936 0.650618
vn 0.777464 0.038154 0.627769
vn 0.838884 -0.254637 0.481076
vn 0.880395 -0.203560 0.428332
vn 0.884651 -0.197754 0.422240
vn 0.821736 -0.549041 0.152658
vn 0.843619 -0.523117 0.121058
vn 0.843118 -0.523749 0.121815
vn 0.210192 -0.889659 -0.405372
vn 0.219285 -0.877935 -0.425610
vn 0.219285 -0.877935 -0.425610
vn -0.624321 -0.585602 -0.517004
vn -0.615680 -0.560627 -0.553747
vn -0.615453 -0.560002 -0.554631
vn -0.897986 -0.298546 -0.323252
vn -0.885070 -0.242491 -0.397302
vn -0.886723 -0.248232 -0.390003
vn -0.991638 -0.115960 -0.056636
vn -0.982307 -0.006334 -0.187168
vn -0.986938 -0.031208 -0.158049
vn -0.920722 0.387242 0.048121
vn -0.922089 0.383524 0.051595
vn -0.311325 0.708250 0.633608
vn -0.311325 0.708249 0.633609
vn 0.540346 0.420495 0.728842
vn 0.541956 0.424219 0.725480
vn 0.819086 0.108335 0.563349
vn 0.819572 0.109429 0.562430
vn 0.909209 -0.158721 0.384899
vn 0.909139 -0.158883 0.384996
vn 0.854154 -0.508781 0.107532
vn 0.854278 -0.508652 0.107157
vn 0.219007 -0.878313 -0.424973
vn 0.219007 -0.878313 -0.424973
vn -0.612352 -0.545721 -0.572026
vn -0.612553 -0.545851 -0.571687
vn -0.874116 -0.203964 -0.440818
vn -0.874093 -0.203803 -0.440937
vn -0.962670 0.064372 -0.262911
vn -0.963011 0.063282 -0.261925
vn -0.871143 0.484545 -0.079537
vn -0.871790 0.483612 -0.078112
vn -0.231272 0.861057 0.452873
vn -0.232476 0.859314 0.455559
vn 0.593977 0.510224 0.621983
vn 0.593667 0.509757 0.622662
vn 0.841458 0.146612 0.520051
vn 0.841122 0.146096 0.520739
vn 0.910340 -0.152439 0.384765
vn 0.910396 -0.152475 0.384618
vn 0.834428 -0.530577 0.149057
vn 0.835424 -0.529549 0.147119
vn 0.188280 -0.914896 -0.357095
vn 0.187725 -0.915485 -0.355874
vn -0.620939 -0.555054 -0.553488
vn -0.621441 -0.555678 -0.552298
vn -0.864730 -0.183883 -0.467364
vn -0.864240 -0.183085 -0.468583
vn -0.936537 0.114569 -0.331320
vn -0.936166 0.115128 -0.332172
vn -0.704261 0.583642 -0.404200
vn -0.704356 0.583652 -0.404020
vn -0.693217 0.582353 -0.424636
vn -0.693217 0.582353 -0.424636
vn -0.003636 0.999941 -0.010248
vn -0.003677 0.999940 -0.010363
vn 0.000000 1.000000 0.000000
vn 0.000000 1.000000 0.000000
vn 0.703274 0.593411 0.391497
vn 0.703310 0.593452 0.391369
vn 0.693214 0.582354 0.424638
vn 0.693214 0.582354 0.424638
vn 0.858656 0.174438 0.481956
vn 0.858591 0.174409 0.482083
vn 0.840796 0.166749 0.515031
vn 0.840796 0.166749 0.515031
vn 0.857653 -0.164498 0.487208
vn 0.857475 -0.164524 0.487513
vn 0.840792 -0.166749 0.515038
vn 0.840792 -0.166749 0.515038
vn 0.699684 -0.584169 0.411327
vn 0.699575 -0.584139 0.411554
vn 0.693212 -0.582361 0.424633
vn 0.693212 -0.582361 0.424633
vn -0.006930 -0.999560 0.028833
vn -0.006829 -0.999573 0.028412
vn 0.000000 -1.000000 0.000000
vn 0.000000 -1.000000 0.000000
vn -0.708442 -0.594061 -0.381054
vn -0.708429 -0.594051 -0.381093
vn -0.693213 -0.582360 -0.424633
vn -0.693213 -0.582360 -0.424633
vn -0.859464 -0.174596 -0.480457
vn -0.859539 -0.174628 -0.480310
vn -0.840792 -0.166746 -0.515038
vn -0.840792 -0.166746 -0.515038
vn -0.857786 0.164474 -0.486981
vn -0.857886 0.164460 -0.486811
vn -0.840794 0.166746 -0.515036
vn -0.840794 0.166746 -0.515036
vn -0.678930 0.582146 -0.447393
vn -0.677415 0.582100 -0.449742
vn 0.020659 0.999218 -0.033728
vn 0.020658 0.999218 -0.033728
vn 0.708404 0.582101 0.399152
vn 0.706999 0.582147 0.401569
vn 0.851840 0.166710 0.496565
vn 0.851345 0.166713 0.497411
vn 0.851341 -0.166712 0.497418
vn 0.851836 -0.166709 0.496572
vn 0.706995 -0.582150 0.401572
vn 0.708399 -0.582104 0.399156
vn 0.020655 -0.999218 -0.033719
vn 0.020655 -0.999218 -0.033720
vn -0.677412 -0.582105 -0.449741
vn -0.678926 -0.582151 -0.447392
vn -0.829361 -0.166706 -0.533263
vn -0.829890 -0.166710 -0.532438
vn -0.829889 0.166710 -0.532439
vn -0.829360 0.166706 -0.533264
vn 0.338860 0.061668 -0.938814
vn 0.437128 0.126935 -0.890397
vn 0.522350 -0.000000 -0.852731
vn 0.594618 0.126934 -0.793925
vn 0.682398 0.061669 -0.728374
vn 0.701246 -0.000001 -0.712920
vn 0.682395 -0.061674 -0.728377
vn 0.594616 -0.126938 -0.793926
vn 0.437129 -0.126939 -0.890396
vn 0.338855 -0.061672 -0.938815
vn 0.316531 0.000001 -0.948582
vn -0.081731 0.200400 -0.976299
vn -0.162944 0.000000 -0.986635
vn -0.422573 0.303580 -0.853974
vn -0.518707 -0.000000 -0.854952
vn -0.643784 0.350936 -0.679990
vn -0.722093 -0.000000 -0.691796
vn 0.222128 0.404591 -0.887110
vn -0.016585 0.651069 -0.758837
vn -0.241615 0.805327 -0.541360
vn 0.689377 0.404596 -0.600884
vn 0.683534 0.651074 -0.329975
vn 0.592037 0.805326 -0.030701
vn 0.906868 0.200404 -0.370713
vn 0.952736 0.303581 -0.011519
vn 0.898241 0.350937 0.264588
vn 0.952966 0.000000 -0.303076
vn 0.997283 0.000000 0.073667
vn 0.944337 0.000000 0.328980
vn 0.906862 -0.200401 -0.370730
vn 0.952736 -0.303580 -0.011542
vn 0.898238 -0.350938 0.264596
vn 0.689369 -0.404571 -0.600911
vn 0.683539 -0.651057 -0.329998
vn 0.592032 -0.805330 -0.030683
vn 0.222133 -0.404569 -0.887119
vn -0.016564 -0.651053 -0.758852
vn -0.241611 -0.805332 -0.541355
vn -0.081729 -0.200397 -0.976300
vn -0.422559 -0.303582 -0.853980
vn -0.643784 -0.350941 -0.679988
vn -0.909821 0.150103 -0.386904
vn -0.909821 0.150028 -0.386934
vn -0.854822 -0.169636 -0.490411
vn -0.854794 -0.169722 -0.490431
vn -0.627139 -0.563488 -0.537753
vn -0.627110 -0.563521 -0.537752
vn 0.161325 -0.940558 -0.298873
vn 0.161310 -0.940558 -0.298880
vn 0.816256 -0.547697 0.183725
vn 0.816241 -0.547724 0.183707
vn 0.909194 -0.150618 0.388177
vn 0.909194 -0.150700 0.388144
vn 0.855335 0.170273 0.489295
vn 0.855361 0.170193 0.489277
vn 0.628021 0.564508 0.535650
vn 0.628042 0.564483 0.535651
vn -0.161797 0.940129 0.299965
vn -0.161810 0.940129 0.299959
vn -0.817826 0.546364 -0.180683
vn -0.817838 0.546341 -0.180698
vn -0.896396 0.154080 -0.415614
vn -0.897358 0.153738 -0.413659
vn -0.869897 0.161946 -0.465889
vn -0.868027 0.162415 -0.469201
vn -0.856010 -0.175634 -0.486209
vn -0.855876 -0.175185 -0.486607
vn -0.862220 -0.177619 -0.474371
vn -0.862875 -0.177398 -0.473263
vn -0.650851 -0.583714 -0.485460
vn -0.648549 -0.581819 -0.490786
vn -0.698730 -0.597619 -0.393228
vn -0.702370 -0.597575 -0.386757
vn 0.111802 -0.975622 -0.188846
vn 0.114535 -0.974103 -0.194947
vn 0.014198 -0.999897 -0.002283
vn 0.013019 -0.999915 -0.000272
vn 0.783164 -0.566137 0.257182
vn 0.781688 -0.566832 0.260126
vn 0.714027 -0.583938 0.386240
vn 0.717322 -0.583680 0.380481
vn 0.895212 -0.155103 0.417778
vn 0.894071 -0.155528 0.420058
vn 0.866956 -0.162941 0.470996
vn 0.868604 -0.162621 0.468061
vn 0.856781 0.175763 0.484802
vn 0.856938 0.176191 0.484370
vn 0.862233 0.177373 0.474439
vn 0.861812 0.177674 0.475092
vn 0.647947 0.581519 0.491935
vn 0.649728 0.582993 0.487824
vn 0.696494 0.596516 0.398830
vn 0.693690 0.596547 0.403641
vn -0.122415 0.969681 0.211504
vn -0.120672 0.970750 0.207562
vn -0.026791 0.999306 0.025890
vn -0.027723 0.999237 0.027522
vn -0.789765 0.562427 -0.244839
vn -0.790845 0.561887 -0.242585
vn -0.725556 0.581667 -0.367739
vn -0.722190 0.582149 -0.373556
vn -0.230451 -0.958571 0.167432
vn -0.088888 -0.904919 0.416197
vn -0.294220 -0.931526 0.213761
vn -0.034652 -0.821956 0.568496
vn -0.027318 -0.819617 0.572260
vn 0.039061 -0.711008 0.702099
vn 0.047672 -0.769001 0.637467
vn 0.131337 -0.656888 0.742462
vn -0.305475 -0.925973 0.221942
vn -0.014273 -0.768726 0.639419
vn 0.031326 -0.665167 0.746037
vn -0.011983 -0.734983 0.677980
vn 0.022629 -0.636654 0.770818
vn 0.110432 -0.626901 0.771233
vn 0.093323 -0.604993 0.790743
vn 0.232859 -0.646533 0.726479
vn 0.211186 -0.632243 0.745432
vn 0.193604 -0.619158 0.761026
vn 0.338272 -0.675963 0.654710
vn 0.328625 -0.674935 0.660657
vn 0.350586 -0.672156 0.652147
vn -0.269072 -0.943071 0.195492
vn 0.142679 -0.751723 0.643859
vn 0.253558 -0.765016 0.591996
vn -0.178443 -0.975372 0.129646
vn -0.357100 -0.751575 0.554630
vn -0.443326 -0.650373 0.616829
vn -0.288243 -0.728164 0.621846
vn -0.339169 -0.640006 0.689461
vn -0.334116 -0.805830 0.488881
vn -0.449197 -0.698594 0.556946
vn -0.540038 -0.649308 0.535498
vn -0.511615 -0.620425 0.594410
vn -0.372282 -0.627878 0.683502
vn -0.185173 -0.900618 0.393191
vn -0.317287 -0.816222 0.482815
vn 0.088024 -0.958571 0.270911
vn 0.112380 -0.931526 0.345875
vn 0.116681 -0.925973 0.359109
vn -0.422731 -0.763063 0.488910
vn -0.502359 -0.745883 0.437371
vn -0.610474 -0.643831 0.461307
vn 0.102776 -0.943071 0.316313
vn 0.068159 -0.975372 0.209772
vn -0.560802 -0.759453 0.329746
vn -0.662418 -0.674298 0.326381
vn -0.571572 -0.638890 0.514902
vn -0.397113 -0.676863 0.619805
vn -0.616658 -0.701815 0.356636
vn -0.401063 -0.789900 0.463904
vn 0.380918 -0.900618 0.209255
vn 0.540482 -0.816222 0.204110
vn 0.557663 -0.805830 0.199124
vn 0.690773 -0.698593 0.186549
vn 0.629371 -0.763063 0.147061
vn 0.751658 -0.649308 0.115801
vn 0.601424 -0.755370 0.260201
vn 0.704951 -0.658150 0.264352
vn 0.544297 -0.739835 0.395455
vn 0.610904 -0.655588 0.443847
vn 0.744478 -0.632753 0.213015
vn 0.616708 -0.647233 0.448064
vn 0.765033 -0.643831 0.014378
vn 0.743399 -0.657862 0.120727
vn 0.575921 -0.702304 0.418431
vn 0.681754 -0.731080 -0.027098
vn 0.457640 -0.824629 0.332495
vn 0.727749 -0.674298 -0.125311
vn 0.663497 -0.745884 0.058561
vn 0.647518 -0.759453 -0.062861
vn 0.433317 -0.755371 0.491581
vn 0.469256 -0.658150 0.588760
vn 0.361707 -0.805830 0.468835
vn 0.390878 -0.698594 0.599317
vn 0.342408 -0.649308 0.679085
vn 0.432646 -0.632753 0.642216
vn 0.316725 -0.900618 0.297612
vn 0.361137 -0.816222 0.450957
vn 0.284853 -0.958571 -0.000000
vn 0.363674 -0.931526 0.000001
vn 0.377589 -0.925973 -0.000000
vn 0.334350 -0.763063 0.553123
vn 0.260727 -0.745884 0.612927
vn 0.250082 -0.643831 0.723147
vn 0.332591 -0.943071 -0.000001
vn 0.220567 -0.975372 0.000000
vn 0.140310 -0.759453 0.635251
vn 0.105708 -0.674299 0.730854
vn 0.344541 -0.657862 0.669708
vn 0.184902 -0.731080 0.656760
vn 0.316724 -0.900619 -0.297610
vn 0.361138 -0.816222 -0.450956
vn 0.361706 -0.805830 -0.468836
vn 0.390879 -0.698593 -0.599317
vn 0.334350 -0.763063 -0.553123
vn 0.342408 -0.649308 -0.679085
vn 0.433317 -0.755371 -0.491581
vn 0.469256 -0.658150 -0.588759
vn 0.544297 -0.739835 -0.395455
vn 0.610904 -0.655588 -0.443848
vn 0.432646 -0.632754 -0.642215
vn 0.616708 -0.647233 -0.448064
vn 0.250082 -0.643831 -0.723146
vn 0.344541 -0.657862 -0.669708
vn 0.575921 -0.702304 -0.418431
vn 0.184902 -0.731080 -0.656760
vn 0.457640 -0.824629 -0.332495
vn 0.105709 -0.674298 -0.730854
vn 0.260727 -0.745884 -0.612926
vn 0.140310 -0.759453 -0.635251
vn 0.601424 -0.755371 -0.260201
vn 0.704952 -0.658150 -0.264353
vn 0.557663 -0.805830 -0.199125
vn 0.690773 -0.698594 -0.186548
vn 0.751658 -0.649308 -0.115801
vn 0.744478 -0.632753 -0.213015
vn 0.380920 -0.900618 -0.209255
vn 0.540482 -0.816222 -0.204109
vn 0.088024 -0.958572 -0.270910
vn 0.112383 -0.931526 -0.345875
vn 0.116682 -0.925974 -0.359107
vn 0.629371 -0.763063 -0.147061
vn 0.663497 -0.745884 -0.058561
vn 0.765033 -0.643831 -0.014378
vn 0.102776 -0.943071 -0.316313
vn 0.068159 -0.975372 -0.209771
vn 0.647518 -0.759453 0.062861
vn 0.727749 -0.674298 0.125312
vn 0.743399 -0.657862 -0.120727
vn 0.681754 -0.731080 0.027098
vn -0.185172 -0.900618 -0.393189
vn -0.317287 -0.816222 -0.482816
vn -0.334117 -0.805830 -0.488881
vn -0.449197 -0.698593 -0.556947
vn -0.422732 -0.763063 -0.488909
vn -0.540038 -0.649308 -0.535498
vn -0.357135 -0.751568 -0.554617
vn -0.443365 -0.650361 -0.616813
vn -0.288383 -0.728143 -0.621806
vn -0.339350 -0.639976 -0.689400
vn -0.511663 -0.620407 -0.594387
vn -0.372515 -0.627836 -0.683414
vn -0.610473 -0.643831 -0.461307
vn -0.571629 -0.638863 -0.514873
vn -0.397413 -0.676798 -0.619683
vn -0.616724 -0.701772 -0.356604
vn -0.401443 -0.789797 -0.463751
vn -0.662418 -0.674298 -0.326381
vn -0.502359 -0.745884 -0.437371
vn -0.560802 -0.759453 -0.329746
vn -0.106952 -0.726928 -0.678334
vn -0.100771 -0.636332 -0.764805
vn -0.011996 -0.734945 -0.678021
vn 0.022611 -0.636612 -0.770853
vn 0.093306 -0.604961 -0.790769
vn -0.059645 -0.620608 -0.781849
vn -0.088874 -0.904912 -0.416217
vn -0.034639 -0.821945 -0.568513
vn -0.027294 -0.819589 -0.572302
vn 0.039058 -0.710983 -0.702124
vn -0.230451 -0.958571 -0.167433
vn -0.294218 -0.931526 -0.213763
vn -0.305476 -0.925974 -0.221941
vn 0.047685 -0.768990 -0.637480
vn 0.131321 -0.656874 -0.742477
vn 0.142691 -0.751712 -0.643870
vn 0.232839 -0.646529 -0.726489
vn -0.269072 -0.943071 -0.195493
vn -0.178443 -0.975372 -0.129645
vn 0.253569 -0.765006 -0.592004
vn 0.350572 -0.672161 -0.652150
vn 0.011528 -0.662425 -0.749040
vn 0.193596 -0.619140 -0.761043
vn 0.328632 -0.674937 -0.660652
vn 0.121380 -0.763919 -0.633793
vn -0.423310 -0.904911 0.044094
vn -0.551391 -0.821945 0.142736
vn -0.552725 -0.819589 0.150894
vn -0.655690 -0.710983 0.254115
vn -0.591543 -0.768991 0.242343
vn -0.665557 -0.656873 0.354333
vn -0.726137 -0.636612 0.259712
vn -0.752959 -0.628437 0.195242
vn -0.723233 -0.604961 0.333101
vn -0.752916 -0.606716 0.254975
vn -0.648543 -0.734945 0.198111
vn -0.675547 -0.721711 0.150892
vn -0.692409 -0.721506 -0.000176
vn -0.774061 -0.633111 -0.000225
vn -0.781488 -0.623921 -0.000301
vn -0.663971 -0.619140 0.419295
vn -0.695535 -0.637816 0.330791
vn -0.526765 -0.674937 0.516700
vn -0.550613 -0.720917 0.420837
vn -0.732874 -0.680365 -0.000405
vn -0.588180 -0.808730 -0.000535
vn -0.568263 -0.751712 0.334674
vn -0.618982 -0.646528 0.445940
vn -0.484673 -0.765005 0.424098
vn -0.511899 -0.672161 0.534939
vn -0.723202 -0.604993 -0.333110
vn -0.726100 -0.636653 -0.259716
vn -0.699360 -0.626901 -0.343351
vn -0.699844 -0.665166 -0.260330
vn -0.648500 -0.734983 -0.198110
vn -0.612533 -0.768727 -0.184016
vn -0.655666 -0.711008 -0.254107
vn -0.552694 -0.819617 -0.150858
vn -0.665537 -0.656888 -0.354343
vn -0.423296 -0.904918 -0.044078
vn -0.551381 -0.821956 -0.142718
vn -0.591535 -0.769002 -0.242327
vn -0.568257 -0.751723 -0.334659
vn -0.618966 -0.646532 -0.445956
vn -0.484668 -0.765016 -0.424084
vn -0.511892 -0.672156 -0.534952
vn -0.526772 -0.674936 -0.516694
vn -0.663952 -0.619158 -0.419299
vn -0.518135 -0.675964 -0.524032
vn -0.643687 -0.632243 -0.431202
vn 0.000984 -0.999999 -0.000715
vn 0.401144 -0.793264 0.458056
vn 0.496639 -0.715530 0.491290
vn 0.656295 -0.727627 0.199589
vn 0.580644 -0.789753 0.197845
vn 0.273234 -0.941241 -0.198515
vn 0.491798 -0.733105 0.469778
vn 0.486529 -0.745524 0.455504
vn 0.652048 -0.748602 0.120118
vn 0.648609 -0.757644 0.072680
vn 0.719462 -0.608433 -0.334938
vn 0.764752 -0.604523 -0.222950
vn 0.696819 -0.598967 -0.394566
vn 0.609407 -0.329826 -0.720998
vn 0.652820 -0.343090 -0.675363
vn 0.739691 -0.351573 -0.573806
vn 0.739217 -0.644394 -0.195743
vn 0.577380 -0.700471 -0.419491
vn 0.774127 -0.363724 -0.518104
vn 0.751537 -0.370203 -0.546023
vn -0.619280 -0.779370 0.095259
vn -0.352209 -0.920021 0.171784
vn -0.687731 -0.717874 0.108086
vn -0.631452 -0.734047 -0.249886
vn -0.522119 -0.790323 -0.320595
vn -0.212828 -0.929343 -0.301705
vn -0.598617 -0.789788 0.133761
vn -0.000376 -0.999999 -0.001157
vn -0.585316 -0.789537 -0.184489
vn -0.104366 -0.941241 -0.321206
vn -0.447785 -0.606372 -0.657116
vn -0.473280 -0.644785 -0.600215
vn -0.220539 -0.700471 -0.678751
vn -0.304647 -0.362175 -0.880920
vn -0.287062 -0.370203 -0.883485
vn -0.210804 -0.343942 -0.915022
vn -0.011435 -0.676226 -0.736606
vn -0.300126 -0.615522 -0.728737
vn -0.064538 -0.336224 -0.939568
vn 0.142822 -0.351990 -0.925043
vn 0.562914 -0.789788 -0.243643
vn 0.619917 -0.717875 -0.316795
vn 0.363975 -0.734047 -0.573321
vn 0.365091 -0.789537 -0.493295
vn 0.519333 -0.820779 -0.237940
vn 0.216384 -0.963568 0.157212
vn 0.177433 -0.833863 -0.522676
vn -0.192106 -0.971398 -0.139574
vn -0.243484 -0.638854 -0.729781
vn -0.023978 -0.606372 -0.794820
vn -0.578414 -0.699167 -0.420242
vn -0.754739 -0.360113 -0.548350
vn -0.537924 -0.344040 -0.769594
vn -0.367293 -0.343941 -0.864176
vn 0.030094 -0.644785 -0.763771
vn -0.271327 -0.362175 -0.891746
vn -0.065812 -0.820778 0.567443
vn -0.109726 -0.717875 0.687471
vn -0.432785 -0.734047 0.523327
vn -0.442265 -0.833863 0.330265
vn -0.057769 -0.789788 0.610653
vn -0.001217 -0.999999 -0.000000
vn -0.356332 -0.789537 0.499659
vn -0.337736 -0.941241 -0.000001
vn -0.763328 -0.606372 0.222809
vn -0.717090 -0.644785 0.264639
vn -0.713681 -0.700471 -0.000000
vn -0.931946 -0.362175 0.017517
vn -0.928951 -0.370204 0.000000
vn -0.935380 -0.343942 -0.082271
vn -0.769305 -0.638854 -0.006052
vn -0.898155 -0.344040 -0.273779
vn -0.057768 -0.789788 -0.610653
vn -0.109725 -0.717875 -0.687471
vn -0.432785 -0.734047 -0.523327
vn -0.356331 -0.789538 -0.499658
vn -0.065811 -0.820778 -0.567443
vn 0.216384 -0.963568 -0.157212
vn -0.442265 -0.833863 -0.330265
vn -0.192106 -0.971398 0.139573
vn -0.769304 -0.638854 0.006052
vn -0.763328 -0.606372 -0.222808
vn -0.578414 -0.699167 0.420242
vn -0.754739 -0.360113 0.548350
vn -0.898155 -0.344040 0.273779
vn -0.935380 -0.343942 0.082272
vn -0.717090 -0.644785 -0.264639
vn -0.931946 -0.362175 -0.017517
vn 0.519334 -0.820778 0.237940
vn 0.619917 -0.717875 0.316796
vn 0.363976 -0.734047 0.573320
vn 0.177433 -0.833863 0.522676
vn 0.562914 -0.789788 0.243644
vn -0.000376 -0.999999 0.001157
vn 0.365091 -0.789537 0.493295
vn -0.104366 -0.941241 0.321205
vn -0.023977 -0.606372 0.794819
vn 0.030095 -0.644786 0.763771
vn -0.220540 -0.700472 0.678750
vn -0.271327 -0.362175 0.891746
vn -0.287062 -0.370203 0.883485
vn -0.367293 -0.343942 0.864176
vn -0.243484 -0.638854 0.729782
vn -0.537924 -0.344040 0.769593
vn -0.598617 -0.789788 -0.133762
vn -0.687731 -0.717875 -0.108085
vn -0.631452 -0.734047 0.249887
vn -0.585316 -0.789537 0.184489
vn -0.619360 -0.779310 -0.095234
vn -0.352666 -0.919875 -0.171629
vn -0.522216 -0.790259 0.320595
vn -0.213327 -0.929195 0.301809
vn -0.300222 -0.615488 0.728726
vn -0.447785 -0.606372 0.657117
vn -0.011856 -0.676151 0.736668
vn 0.142553 -0.351969 0.925093
vn -0.064605 -0.336214 0.939567
vn -0.210803 -0.343942 0.915023
vn -0.473280 -0.644785 0.600215
vn -0.304647 -0.362175 0.880920
vn 0.264248 -0.885742 -0.381621
vn 0.486550 -0.745534 -0.455464
vn 0.648629 -0.757631 -0.072631
vn 0.427276 -0.900288 0.083169
vn 0.401153 -0.793258 -0.458060
vn 0.496630 -0.715549 -0.491273
vn 0.000984 -0.999999 0.000716
vn 0.580646 -0.789753 -0.197840
vn 0.273234 -0.941241 0.198516
vn 0.656283 -0.727653 -0.199535
vn 0.764717 -0.604530 0.223048
vn 0.739210 -0.644395 0.195764
vn 0.577380 -0.700471 0.419491
vn 0.774110 -0.363721 0.518132
vn 0.751537 -0.370203 0.546023
vn 0.739625 -0.351559 0.573900
vn 0.502402 -0.660440 0.558043
vn 0.696829 -0.598944 0.394583
vn 0.469020 -0.343945 0.813463
vn 0.609416 -0.329826 0.720990
vn -0.311678 -0.793258 0.523067
vn -0.313762 -0.715548 0.624135
vn 0.013033 -0.727653 0.685822
vn -0.008727 -0.789752 0.613364
vn -0.282820 -0.745535 0.603482
vn -0.277132 -0.821171 0.498874
vn 0.131362 -0.757631 0.639327
vn 0.187978 -0.832389 0.521338
vn -0.285701 -0.958319 -0.000646
vn 0.236015 -0.971749 -0.000675
vn 0.874023 -0.329826 0.356790
vn 0.590603 -0.598943 0.540792
vn 0.902404 -0.332323 0.274279
vn 0.654555 -0.625113 0.425196
vn 0.721574 -0.692338 -0.000530
vn 0.935916 -0.352223 -0.000327
vn 0.414611 -0.644394 0.642537
vn 0.448442 -0.604530 0.658364
vn 0.774369 -0.351558 0.526080
vn 0.731986 -0.363721 0.576110
vn 0.131308 -0.757644 -0.639323
vn -0.282864 -0.745523 -0.603476
vn 0.087255 -0.748602 -0.657253
vn -0.294812 -0.733105 -0.612897
vn -0.313775 -0.715531 -0.624148
vn 0.012986 -0.727627 -0.685850
vn -0.311677 -0.793264 -0.523058
vn -0.008733 -0.789753 -0.613363
vn 0.448359 -0.604523 -0.658427
vn 0.414592 -0.644394 -0.642549
vn 0.731965 -0.363724 -0.576136
vn 0.774299 -0.351573 -0.526173
vn 0.590583 -0.598967 -0.540787
vn 0.540870 -0.608434 -0.580747
vn 0.874027 -0.329827 -0.356780
vn 0.844040 -0.343090 -0.412171
vn 0.744443 -0.154481 -0.649569
vn 0.799297 -0.154553 -0.580722
vn 0.670007 -0.152413 -0.726540
vn 0.634285 -0.055560 -0.771100
vn 0.724953 -0.055085 -0.686592
vn 0.807813 -0.054644 -0.586900
vn 0.567414 -0.147384 -0.810136
vn 0.517299 -0.140404 -0.844209
vn 0.474839 -0.052070 -0.878531
vn 0.527244 -0.054424 -0.847969
vn 0.515167 -0.014104 -0.856974
vn 0.624087 -0.014003 -0.781230
vn 0.460641 -0.013611 -0.887482
vn 0.457576 -0.000383 -0.889171
vn 0.513434 -0.000291 -0.858129
vn 0.623184 0.000446 -0.782075
vn 0.719187 -0.013345 -0.694689
vn 0.809011 -0.013064 -0.587648
vn 0.718848 0.001592 -0.695166
vn 0.809144 0.001399 -0.587609
vn 0.215677 -0.145176 -0.965612
vn 0.066691 -0.143147 -0.987452
vn -0.067957 -0.148003 -0.986649
vn 0.115046 -0.053014 -0.991944
vn -0.015047 -0.054176 -0.998418
vn 0.240327 -0.053226 -0.969232
vn -0.201959 -0.153631 -0.967269
vn -0.305304 -0.154552 -0.939629
vn -0.164487 -0.054838 -0.984854
vn -0.308556 -0.054630 -0.949636
vn -0.001596 -0.013828 -0.999903
vn -0.155481 -0.013541 -0.987746
vn -0.308990 -0.013315 -0.950972
vn -0.154795 0.000049 -0.987947
vn -0.309017 0.000104 -0.951057
vn -0.000190 -0.000201 -1.000000
vn 0.247350 -0.013922 -0.968826
vn 0.128577 -0.013850 -0.991603
vn 0.130691 -0.000378 -0.991423
vn 0.248684 -0.000354 -0.968585
vn -0.405159 -0.153631 -0.901246
vn -0.524960 -0.148003 -0.838160
vn -0.574682 -0.054177 -0.816582
vn -0.445810 -0.054838 -0.893446
vn -0.658855 -0.145491 -0.738066
vn -0.800106 -0.148008 -0.581312
vn -0.807825 -0.054268 -0.586919
vn -0.695433 -0.053752 -0.716578
vn -0.704458 -0.014054 -0.709607
vn -0.586437 -0.013828 -0.809877
vn -0.808935 -0.014238 -0.587726
vn -0.809017 -0.000442 -0.587786
vn -0.705654 -0.000413 -0.708556
vn -0.587632 -0.000201 -0.809128
vn -0.454796 -0.013542 -0.890493
vn -0.455469 0.000049 -0.890252
vn -0.905540 -0.145491 -0.398534
vn -0.959359 -0.148003 -0.240260
vn -0.896407 -0.053752 -0.439961
vn -0.954202 -0.054177 -0.294218
vn -0.982337 -0.153631 -0.106828
vn -0.987985 -0.154552 0.000000
vn -0.987481 -0.054838 -0.147900
vn -0.998507 -0.054630 0.000000
vn -0.951458 -0.013828 -0.307469
vn -0.987449 -0.013542 -0.157359
vn -0.999911 -0.013315 0.000000
vn -0.987427 0.000049 -0.158073
vn -1.000000 0.000104 0.000000
vn -0.951115 -0.000201 -0.308837
vn -0.892565 -0.014054 -0.450699
vn -0.891936 -0.000412 -0.452161
vn -0.982337 -0.153631 0.106829
vn -0.959359 -0.148003 0.240261
vn -0.954202 -0.054177 0.294218
vn -0.987481 -0.054838 0.147901
vn -0.905540 -0.145491 0.398533
vn -0.800107 -0.148009 0.581311
vn -0.807825 -0.054268 0.586919
vn -0.896407 -0.053752 0.439961
vn -0.892565 -0.014054 0.450699
vn -0.951458 -0.013828 0.307469
vn -0.808935 -0.014239 0.587726
vn -0.809017 -0.000441 0.587786
vn -0.891936 -0.000412 0.452161
vn -0.951115 -0.000201 0.308837
vn -0.987449 -0.013542 0.157359
vn -0.987427 0.000049 0.158074
vn -0.658855 -0.145491 0.738066
vn -0.524960 -0.148003 0.838160
vn -0.695433 -0.053752 0.716578
vn -0.574682 -0.054177 0.816582
vn -0.405158 -0.153631 0.901246
vn -0.305304 -0.154552 0.939629
vn -0.445810 -0.054838 0.893446
vn -0.308556 -0.054630 0.949636
vn -0.586437 -0.013828 0.809877
vn -0.454796 -0.013542 0.890493
vn -0.308989 -0.013315 0.950972
vn -0.455468 0.000049 0.890252
vn -0.309017 0.000104 0.951057
vn -0.587632 -0.000201 0.809128
vn -0.704458 -0.014054 0.709606
vn -0.705655 -0.000412 0.708556
vn -0.201959 -0.153631 0.967269
vn -0.067957 -0.148003 0.986650
vn -0.015047 -0.054176 0.998418
vn -0.164487 -0.054838 0.984854
vn 0.066645 -0.143143 0.987456
vn 0.215509 -0.145171 0.965651
vn 0.240200 -0.053224 0.969263
vn 0.115009 -0.053013 0.991949
vn 0.128543 -0.013850 0.991607
vn -0.001596 -0.013828 0.999903
vn 0.247235 -0.013922 0.968856
vn 0.248571 -0.000353 0.968614
vn 0.130657 -0.000378 0.991428
vn -0.000189 -0.000200 1.000000
vn -0.155481 -0.013542 0.987746
vn -0.154794 0.000049 0.987947
vn 0.420362 -0.142424 0.896109
vn 0.517303 -0.140404 0.844206
vn 0.397210 -0.052285 0.916237
vn 0.474840 -0.052070 0.878531
vn 0.669932 -0.152405 0.726611
vn 0.744421 -0.154479 0.649595
vn 0.799297 -0.154553 0.580722
vn 0.724930 -0.055085 0.686616
vn 0.807814 -0.054644 0.586900
vn 0.634209 -0.055557 0.771163
vn 0.624012 -0.014003 0.781290
vn 0.719164 -0.013345 0.694712
vn 0.809011 -0.013064 0.587648
vn 0.718826 0.001592 0.695189
vn 0.809144 0.001399 0.587608
vn 0.623110 0.000446 0.782134
vn 0.390081 -0.013649 0.920680
vn 0.460641 -0.013611 0.887482
vn 0.388851 -0.000321 0.921301
vn 0.457576 -0.000383 0.889171
vn 0.847841 -0.154477 0.507250
vn 0.898070 -0.152402 0.412607
vn 0.929406 -0.055559 0.364854
vn 0.877034 -0.055089 0.477259
vn 0.982267 -0.052071 0.180109
vn 0.962744 -0.140401 0.231108
vn 0.989304 -0.051342 0.136533
vn 0.974550 -0.139210 0.175709
vn 0.989662 -0.143419 -0.000202
vn 0.998631 -0.052300 -0.000155
vn 0.986956 0.000806 0.160989
vn 0.986399 -0.013438 0.163819
vn 0.992374 0.000349 0.123263
vn 0.992102 -0.013349 0.124724
vn 0.999908 -0.013599 -0.000141
vn 1.000000 0.000190 -0.000140
vn 0.883042 -0.013391 0.469104
vn 0.935956 -0.013765 0.351849
vn 0.936787 0.000870 0.349899
vn 0.883782 0.000545 0.467898
vn 0.962745 -0.140400 -0.231104
vn 0.945826 -0.147382 -0.289297
vn 0.982268 -0.052071 -0.180108
vn 0.969396 -0.054429 -0.239394
vn 0.898025 -0.152411 -0.412701
vn 0.929370 -0.055562 -0.364946
vn 0.847823 -0.154479 -0.507279
vn 0.877018 -0.055089 -0.477289
vn 0.935922 -0.013765 -0.351939
vn 0.883026 -0.013391 -0.469133
vn 0.883767 0.000545 -0.467926
vn 0.936754 0.000870 -0.349988
vn 0.986399 -0.013437 -0.163818
vn 0.974243 -0.013791 -0.225079
vn 0.986956 0.000807 -0.160988
vn 0.974738 0.001193 -0.223350
vn 0.050339 -0.970808 0.234518
vn 0.002312 -0.876287 0.481784
vn 0.011335 -0.972844 0.231184
vn -0.028981 -0.880509 0.473142
vn -0.056108 -0.917408 0.393973
vn -0.054082 -0.971515 0.230723
vn -0.140798 -0.984739 0.102295
vn -0.094968 -0.969462 0.226106
vn -0.066310 -0.996635 0.048177
vn -0.062877 -0.993364 0.096306
vn 0.001917 -0.999997 -0.001396
vn 0.027274 -0.998204 0.053330
vn -0.013100 -0.999869 0.009517
vn -0.000608 -0.998426 0.056088
vn -0.067566 -0.969574 0.235291
vn 0.050935 -0.986322 0.156764
vn -0.223894 -0.903977 0.364276
vn -0.122966 -0.969819 0.210550
vn -0.017615 -0.995238 0.095868
vn 0.018770 -0.998154 0.057769
vn -0.200374 -0.880814 0.428973
vn -0.250821 -0.874879 0.414336
vn -0.098198 -0.981476 0.164505
vn -0.133104 -0.976193 0.171264
vn -0.000541 -1.000000 -0.000000
vn 0.001304 -0.999989 0.004457
vn -0.012114 -0.999781 0.017061
vn -0.029507 -0.998775 0.039727
vn 0.431014 -0.879054 0.203696
vn 0.377078 -0.884735 0.273965
vn 0.395250 -0.903977 0.163105
vn 0.223241 -0.969818 0.098061
vn 0.196481 -0.977776 0.073142
vn 0.152501 -0.982073 0.110798
vn 0.192962 -0.969574 0.150639
vn 0.070600 -0.995238 0.067204
vn 0.015178 -0.999824 0.011044
vn 0.042161 -0.998914 0.019846
vn 0.202895 -0.969574 0.136970
vn 0.164831 -0.986322 0.000000
vn 0.277260 -0.903977 0.325504
vn 0.162248 -0.969818 0.182013
vn 0.085732 -0.995238 0.046379
vn 0.060742 -0.998154 0.000000
vn 0.326915 -0.879054 0.346975
vn 0.130278 -0.977776 0.164262
vn 0.004284 -0.999991 -0.000000
vn 0.031904 -0.998914 0.033966
vn 0.326915 -0.879054 -0.346975
vn 0.377078 -0.884735 -0.273963
vn 0.277260 -0.903977 -0.325503
vn 0.162247 -0.969818 -0.182012
vn 0.130277 -0.977776 -0.164262
vn 0.152501 -0.982073 -0.110798
vn 0.202895 -0.969574 -0.136970
vn 0.085732 -0.995238 -0.046378
vn 0.015178 -0.999824 -0.011044
vn 0.031904 -0.998914 -0.033965
vn 0.192962 -0.969574 -0.150638
vn 0.050936 -0.986322 -0.156763
vn 0.395250 -0.903977 -0.163105
vn 0.223241 -0.969818 -0.098061
vn 0.070601 -0.995238 -0.067203
vn 0.018770 -0.998154 -0.057769
vn 0.431014 -0.879054 -0.203694
vn 0.196480 -0.977776 -0.073141
vn 0.001304 -0.999989 -0.004457
vn 0.042161 -0.998914 -0.019848
vn -0.250853 -0.874873 -0.414330
vn -0.200480 -0.880804 -0.428942
vn -0.223894 -0.903977 -0.364277
vn -0.122966 -0.969819 -0.210550
vn -0.133132 -0.976190 -0.171258
vn -0.098274 -0.981473 -0.164479
vn -0.067566 -0.969573 -0.235293
vn -0.017615 -0.995238 -0.095867
vn -0.012127 -0.999781 -0.017059
vn -0.029519 -0.998775 -0.039724
vn -0.094947 -0.969462 -0.226115
vn -0.140784 -0.984742 -0.102287
vn -0.056054 -0.917380 -0.394046
vn -0.054013 -0.971513 -0.230748
vn -0.062831 -0.993368 -0.096289
vn -0.066272 -0.996639 -0.048149
vn -0.065631 -0.880275 -0.469903
vn -0.006088 -0.979818 -0.199799
vn 0.050341 -0.970816 -0.234482
vn 0.002303 -0.876275 -0.481806
vn 0.001978 -0.999997 0.001614
vn 0.002479 -0.999210 -0.039655
vn 0.001916 -0.999997 0.001390
vn 0.027266 -0.998206 -0.053314
vn -0.470398 -0.882455 -0.000139
vn -0.462999 -0.878220 0.119837
vn -0.457512 -0.876276 0.151077
vn -0.207449 -0.970816 0.120336
vn -0.194941 -0.977140 0.084822
vn -0.184388 -0.982854 -0.000090
vn -0.244387 -0.969463 -0.020426
vn -0.110990 -0.993369 -0.030000
vn -0.236149 -0.971513 0.019930
vn -0.392080 -0.917381 0.068458
vn -0.020333 -0.999793 -0.000013
vn -0.039004 -0.998904 0.025855
vn -0.042279 -0.998205 0.042410
vn -0.244387 -0.969462 0.020449
vn -0.392028 -0.917408 -0.068385
vn -0.236141 -0.971516 -0.019864
vn -0.111022 -0.993364 0.030037
vn -0.457490 -0.876287 -0.151078
vn -0.458941 -0.880509 -0.118649
vn -0.207485 -0.970807 -0.120352
vn -0.216368 -0.972843 -0.082224
vn -0.042292 -0.998204 -0.042420
vn -0.053528 -0.998426 -0.016756
vn 0.719665 0.005053 -0.694303
vn 0.808755 0.003429 -0.588136
vn 0.624359 0.001920 -0.781135
vn 0.625945 0.002805 -0.779863
vn 0.720483 0.007134 -0.693436
vn 0.807852 0.001970 -0.589382
vn 0.513748 0.000075 -0.857941
vn 0.457451 -0.000168 -0.889235
vn 0.457426 0.000009 -0.889248
vn 0.514091 0.000295 -0.857736
vn 0.524599 0.016591 -0.851188
vn 0.529504 0.030109 -0.847773
vn 0.641892 0.016018 -0.766627
vn 0.646373 0.028654 -0.762483
vn 0.457369 0.015843 -0.889136
vn 0.457204 0.030561 -0.888837
vn 0.521905 0.053139 -0.851347
vn 0.456733 0.054458 -0.887936
vn 0.637622 0.050185 -0.768713
vn 0.780156 -0.034359 -0.624641
vn 0.710537 -0.005440 -0.703638
vn 0.751050 -0.039795 -0.659045
vn 0.698672 0.025375 -0.714992
vn 0.707073 0.063403 -0.704292
vn 0.773890 0.089544 -0.626958
vn 0.745230 0.084358 -0.661450
vn 0.581854 0.309098 -0.752266
vn 0.351969 -0.492683 0.795853
vn 0.921079 -0.033900 -0.387896
vn 0.793586 0.076311 -0.603654
vn 0.791840 -0.041347 -0.609327
vn 0.865408 0.028242 -0.500271
vn 0.527180 -0.338252 -0.779530
vn 0.922801 0.093463 -0.373767
vn 0.233833 0.514946 0.824714
vn 0.248696 -0.000154 -0.968581
vn 0.130768 -0.000166 -0.991413
vn -0.000179 -0.000082 -1.000000
vn 0.131344 0.000007 -0.991337
vn 0.000663 0.000007 -1.000000
vn 0.248852 0.000007 -0.968542
vn -0.154686 0.000025 -0.987964
vn -0.309017 0.000042 -0.951057
vn -0.154001 0.000006 -0.988071
vn -0.309017 0.000007 -0.951057
vn -0.000043 0.015846 -0.999875
vn -0.154537 0.015850 -0.987860
vn -0.000088 0.030554 -0.999533
vn -0.154530 0.030562 -0.987515
vn -0.309021 0.015856 -0.950923
vn -0.308960 0.030573 -0.950583
vn -0.154249 0.054437 -0.986531
vn -0.308521 0.054457 -0.949657
vn 0.000037 0.054424 -0.998518
vn 0.248673 0.015903 -0.968457
vn 0.130881 0.015846 -0.991271
vn 0.248583 0.030666 -0.968125
vn 0.130807 0.030555 -0.990937
vn 0.130701 0.054409 -0.989928
vn 0.248326 0.054629 -0.967135
vn -0.455567 0.000025 -0.890202
vn -0.587641 -0.000081 -0.809122
vn -0.588322 0.000007 -0.808627
vn -0.456185 0.000006 -0.889885
vn -0.705653 -0.000180 -0.708558
vn -0.809017 -0.000191 -0.587785
vn -0.809018 0.000007 -0.587784
vn -0.706076 0.000006 -0.708136
vn -0.587746 0.015846 -0.808890
vn -0.705673 0.015849 -0.708361
vn -0.587582 0.030554 -0.808588
vn -0.705465 0.030561 -0.708086
vn -0.808942 0.015856 -0.587674
vn -0.808693 0.030573 -0.587436
vn -0.704658 0.054437 -0.707456
vn -0.807793 0.054457 -0.586945
vn -0.586884 0.054424 -0.807840
vn -0.455704 0.015850 -0.889990
vn -0.455588 0.030562 -0.889666
vn -0.455012 0.054437 -0.888820
vn -0.891938 -0.000180 -0.452158
vn -0.951112 -0.000082 -0.308847
vn -0.891667 0.000007 -0.452692
vn -0.950851 0.000006 -0.309648
vn -0.987410 0.000025 -0.158183
vn -1.000000 0.000041 0.000000
vn -0.987300 0.000007 -0.158868
vn -1.000000 0.000008 0.000000
vn -0.950950 0.015846 -0.308937
vn -0.987265 0.015850 -0.158292
vn -0.950640 0.030554 -0.308789
vn -0.986935 0.030561 -0.158193
vn -0.999874 0.015856 0.000045
vn -0.999533 0.030574 0.000092
vn -0.985913 0.054437 -0.158155
vn -0.998516 0.054457 -0.000039
vn -0.949636 0.054424 -0.308594
vn -0.891796 0.015850 -0.452161
vn -0.891511 0.030562 -0.451966
vn -0.890548 0.054436 -0.451620
vn -0.987410 0.000025 0.158182
vn -0.951112 -0.000082 0.308848
vn -0.950851 0.000007 0.309649
vn -0.987300 0.000006 0.158868
vn -0.891938 -0.000180 0.452158
vn -0.809017 -0.000192 0.587785
vn -0.809018 0.000007 0.587784
vn -0.891667 0.000006 0.452692
vn -0.950924 0.015846 0.309019
vn -0.891756 0.015850 0.452239
vn -0.950585 0.030554 0.308956
vn -0.891431 0.030562 0.452125
vn -0.808889 0.015856 0.587748
vn -0.808585 0.030573 0.587585
vn -0.890582 0.054437 0.451554
vn -0.807839 0.054457 0.586882
vn -0.949658 0.054424 0.308524
vn -0.987251 0.015850 0.158378
vn -0.986907 0.030562 0.158368
vn -0.985924 0.054436 0.158082
vn -0.705653 -0.000180 0.708558
vn -0.587641 -0.000081 0.809122
vn -0.706076 0.000006 0.708136
vn -0.588321 0.000007 0.808627
vn -0.455566 0.000026 0.890202
vn -0.309018 0.000043 0.951056
vn -0.456184 0.000007 0.889885
vn -0.309017 0.000007 0.951057
vn -0.587677 0.015846 0.808941
vn -0.455627 0.015849 0.890030
vn -0.587440 0.030554 0.808691
vn -0.455430 0.030561 0.889747
vn -0.308935 0.015856 0.950951
vn -0.308784 0.030573 0.950641
vn -0.455078 0.054437 0.888786
vn -0.308595 0.054457 0.949634
vn -0.586944 0.054424 0.807797
vn -0.705611 0.015850 0.708422
vn -0.705339 0.030561 0.708212
vn -0.704712 0.054436 0.707402
vn -0.154685 0.000025 0.987964
vn -0.000179 -0.000082 1.000000
vn 0.000664 0.000006 1.000000
vn -0.154000 0.000006 0.988071
vn 0.130734 -0.000166 0.991418
vn 0.248583 -0.000154 0.968611
vn 0.248738 0.000007 0.968571
vn 0.131310 0.000007 0.991341
vn 0.000043 0.015846 0.999874
vn 0.130886 0.015843 0.991271
vn 0.000087 0.030554 0.999533
vn 0.130838 0.030551 0.990933
vn 0.248567 0.015904 0.968484
vn 0.248471 0.030666 0.968154
vn 0.248155 0.054616 0.967180
vn 0.130639 0.054443 0.989934
vn -0.000037 0.054424 0.998518
vn -0.154451 0.015850 0.987873
vn -0.154354 0.030562 0.987543
vn -0.154322 0.054436 0.986520
vn 0.388649 -0.000141 0.921386
vn 0.457452 -0.000168 0.889234
vn 0.388264 0.000008 0.921548
vn 0.457426 0.000009 0.889248
vn 0.624285 0.001921 0.781194
vn 0.719643 0.005055 0.694326
vn 0.808654 0.001364 0.588283
vn 0.719767 0.006721 0.694183
vn 0.805266 -0.007208 0.592870
vn 0.625870 0.002806 0.779923
vn 0.641819 0.016024 0.766689
vn 0.709673 -0.005709 0.704508
vn 0.646309 0.028654 0.762537
vn 0.696048 0.025320 0.717548
vn 0.772955 -0.049716 0.632511
vn 0.742934 -0.043563 0.667945
vn 0.164050 0.271620 -0.948320
vn 0.469114 -0.330576 0.818933
vn 0.849452 0.030640 0.526776
vn 0.722786 -0.060215 0.688444
vn 0.996820 0.031418 0.073227
vn 0.723861 0.092577 0.683707
vn 0.509006 0.322639 0.798008
vn 0.846368 0.019986 0.532224
vn 0.736731 0.086744 0.670599
vn 0.983330 -0.149082 -0.104103
vn 0.767471 0.100113 0.633219
vn 0.706169 0.063777 0.705165
vn 0.637550 0.050178 0.768773
vn 0.388510 0.015912 0.921307
vn 0.388390 0.030687 0.920984
vn 0.457369 0.015843 0.889136
vn 0.457204 0.030561 0.888837
vn 0.387969 0.054681 0.920049
vn 0.456733 0.054458 0.887935
vn 0.883038 -0.010186 0.469190
vn 0.936386 -0.014496 0.350672
vn 0.931503 -0.053266 0.359811
vn 0.876996 -0.036154 0.479136
vn 0.991371 -0.057017 0.118036
vn 0.992185 -0.073538 0.100802
vn 0.922314 -0.356974 0.148009
vn 0.939347 -0.326231 0.105830
vn 0.950529 0.300446 -0.078913
vn 0.970432 0.240401 0.021653
vn 0.980514 0.195995 0.013367
vn 0.996074 -0.088238 0.007142
vn 0.946070 -0.323873 0.007562
vn 0.982484 0.052939 0.178668
vn 0.985613 0.037580 0.164786
vn 0.988634 0.053500 0.140501
vn 0.989712 0.037030 0.138197
vn 0.984094 0.030775 0.174961
vn 0.989630 0.036507 0.138921
vn 0.999120 0.041853 0.002799
vn 0.999152 0.040642 0.006569
vn 0.998431 0.056002 0.000463
vn 0.913612 -0.359737 -0.189477
vn 0.985942 -0.052704 -0.158559
vn 0.878300 -0.426612 -0.215848
vn 0.988243 -0.076534 -0.132357
vn 0.947767 0.312927 0.061760
vn 0.911997 0.313202 0.264888
vn 0.892141 0.212026 0.398910
vn 0.946992 -0.321099 0.010112
vn 0.804992 -0.570838 -0.161651
vn 0.936263 -0.007008 -0.351229
vn 0.883564 -0.002903 -0.468302
vn 0.881121 -0.014525 -0.472668
vn 0.932405 -0.030918 -0.360089
vn 0.982485 0.052980 -0.178654
vn 0.985625 0.038267 -0.164560
vn 0.977674 0.064930 -0.199844
vn 0.984805 0.038641 -0.169311
vn 0.983948 0.032003 -0.175562
vn 0.984872 0.017999 -0.172345
vn 0.980837 0.021571 -0.193635
vn 0.975183 -0.001681 -0.221395
vn 0.932997 0.053395 -0.355900
vn 0.953088 0.017219 -0.302203
vn 0.945597 -0.234279 -0.225744
vn -0.039726 0.480849 -0.875903
vn 0.402595 0.141622 -0.904356
vn 0.926756 0.024470 -0.374866
vn 0.931084 0.060042 -0.359831
vn 0.790606 0.015229 -0.612136
vn 0.308162 -0.151719 -0.939158
vn -0.686942 0.339585 0.642489
vn -0.422832 -0.535838 -0.730815
vn 0.965891 0.064543 -0.250776
vn 0.950323 0.062018 -0.305026
vn 0.102268 0.990670 -0.090079
vn 0.076036 0.995403 -0.058232
vn 0.108461 0.990972 -0.078806
vn 0.074016 0.995806 -0.053777
vn 0.088252 0.990356 -0.106799
vn 0.065798 0.995025 -0.074809
vn 0.047094 0.997638 -0.050009
vn 0.046284 0.998454 -0.030770
vn 0.041536 0.998681 -0.030182
vn 0.024878 0.995851 -0.087528
vn 0.038955 0.995304 -0.088615
vn 0.052015 0.990870 -0.124386
vn 0.065111 0.990501 -0.121109
vn -0.002695 0.998814 -0.048618
vn 0.014144 0.998634 -0.050292
vn -0.005640 0.999892 -0.013595
vn 0.010589 0.999793 -0.017382
vn 0.000328 1.000000 -0.000249
vn 0.011265 0.999903 -0.008197
vn 0.024307 0.990717 -0.133749
vn 0.023374 0.995724 -0.089369
vn 0.037253 0.991181 -0.127171
vn 0.028554 0.996328 -0.080715
vn -0.000000 0.990376 -0.138407
vn 0.000000 0.995276 -0.097085
vn -0.000000 0.998095 -0.061692
vn 0.016054 0.998990 -0.041962
vn 0.017951 0.999250 -0.034325
vn -0.027034 0.996166 -0.083200
vn -0.023707 0.995708 -0.089466
vn -0.041428 0.990972 -0.127505
vn -0.026660 0.990669 -0.133658
vn -0.012269 0.999212 -0.037759
vn -0.014516 0.998990 -0.042531
vn -0.000079 1.000000 -0.000001
vn 0.003057 0.999984 -0.004823
vn -0.001799 0.999983 -0.005465
vn 0.001071 0.999883 -0.015248
vn -0.056993 0.990669 -0.123799
vn -0.033406 0.995707 -0.086318
vn -0.081351 0.990376 -0.111972
vn -0.057063 0.995276 -0.078549
vn -0.036265 0.998096 -0.049904
vn -0.013259 0.998989 -0.042949
vn -0.070776 0.996166 -0.051422
vn -0.071765 0.995708 -0.058446
vn -0.108461 0.990972 -0.078808
vn -0.100130 0.990669 -0.092459
vn -0.032121 0.999212 -0.023334
vn -0.036747 0.998990 -0.025879
vn -0.004454 0.999985 -0.003239
vn -0.009110 0.999880 -0.012538
vn -0.118877 0.990669 -0.066660
vn -0.077760 0.995708 -0.050193
vn -0.131628 0.990376 -0.042770
vn -0.092330 0.995277 -0.030000
vn -0.058678 0.998095 -0.019053
vn -0.035970 0.998989 -0.026955
vn -0.087483 0.996166 -0.000000
vn -0.092411 0.995708 -0.005099
vn -0.134065 0.990973 0.000000
vn -0.135353 0.990669 -0.015939
vn -0.039704 0.999211 -0.000000
vn -0.044941 0.998989 0.000661
vn -0.005522 0.999985 0.000002
vn -0.014740 0.999880 -0.004791
vn -0.135353 0.990669 0.015939
vn -0.092411 0.995708 0.005099
vn -0.131628 0.990376 0.042769
vn -0.092330 0.995277 0.030000
vn -0.058677 0.998095 0.019055
vn -0.044941 0.998989 -0.000663
vn -0.070775 0.996166 0.051422
vn -0.077760 0.995708 0.050193
vn -0.108461 0.990972 0.078808
vn -0.118877 0.990669 0.066660
vn -0.032121 0.999212 0.023333
vn -0.035970 0.998989 0.026952
vn -0.004454 0.999985 0.003239
vn -0.014740 0.999880 0.004791
vn -0.100129 0.990669 0.092459
vn -0.071765 0.995708 0.058448
vn -0.081351 0.990376 0.111972
vn -0.057063 0.995276 0.078549
vn -0.036265 0.998095 0.049914
vn -0.036747 0.998989 0.025882
vn -0.027034 0.996166 0.083201
vn -0.033406 0.995707 0.086318
vn -0.041428 0.990972 0.127505
vn -0.056993 0.990669 0.123799
vn -0.012269 0.999212 0.037759
vn -0.013259 0.998989 0.042949
vn -0.001799 0.999984 0.005464
vn -0.009110 0.999880 0.012538
vn -0.026660 0.990669 0.133660
vn -0.023707 0.995708 0.089460
vn 0.000000 0.990376 0.138407
vn 0.000000 0.995276 0.097085
vn -0.000000 0.998095 0.061690
vn -0.014516 0.998990 0.042527
vn 0.028557 0.996328 0.080710
vn 0.023374 0.995724 0.089377
vn 0.037246 0.991181 0.127173
vn 0.024304 0.990717 0.133748
vn 0.017962 0.999249 0.034322
vn 0.016057 0.998990 0.041956
vn 0.003060 0.999984 0.004821
vn 0.001072 0.999883 0.015254
vn 0.046937 0.991117 0.124433
vn 0.024613 0.996313 0.082187
vn 0.052012 0.990871 0.124377
vn 0.024870 0.995852 0.087520
vn -0.002692 0.998814 0.048613
vn 0.004850 0.999199 0.039727
vn 0.074011 0.995807 0.053772
vn 0.076028 0.995404 0.058232
vn 0.108461 0.990972 0.078808
vn 0.102261 0.990669 0.090099
vn 0.041516 0.998682 0.030164
vn 0.046263 0.998456 0.030747
vn 0.047069 0.997640 0.049987
vn 0.065780 0.995025 0.074820
vn 0.088239 0.990356 0.106816
vn 0.000192 1.000000 0.000191
vn -0.000088 0.999951 0.009853
vn -0.005637 0.999892 0.013585
vn 0.000328 1.000000 0.000243
vn 0.117278 0.990670 0.069422
vn 0.078885 0.995403 0.054310
vn 0.128845 0.990357 0.050915
vn 0.091488 0.995025 0.039434
vn 0.062087 0.997640 0.029314
vn 0.043552 0.998456 0.034493
vn 0.083176 0.996535 -0.000013
vn 0.085647 0.996322 -0.002623
vn 0.131804 0.991276 -0.000004
vn 0.132401 0.991157 0.008841
vn 0.036353 0.999339 0.000026
vn 0.039619 0.999150 -0.011351
vn 0.045399 0.998814 -0.017609
vn 0.090920 0.995852 -0.003395
vn 0.134365 0.990871 0.011017
vn 0.005376 0.999986 0.000007
vn 0.009598 0.999940 -0.005368
vn 0.011177 0.999892 -0.009545
vn 0.045413 0.998813 0.017599
vn 0.090934 0.995851 0.003412
vn 0.052194 0.998635 0.002089
vn 0.096317 0.995304 -0.009665
vn 0.134372 0.990870 -0.011039
vn 0.135299 0.990502 -0.024508
vn 0.091487 0.995024 -0.039456
vn 0.128840 0.990357 -0.050929
vn 0.062092 0.997639 -0.029352
vn 0.078887 0.995403 -0.054318
vn 0.117279 0.990670 -0.069420
vn 0.043568 0.998454 -0.034516
vn 0.011180 0.999892 0.009556
vn 0.019804 0.999793 -0.004714
vn 0.316940 0.920068 -0.230269
vn 0.249189 0.951382 -0.181046
vn 0.345787 0.920263 -0.183159
vn 0.271917 0.951460 -0.144168
vn 0.194885 0.970552 -0.141595
vn 0.210954 0.970948 -0.112951
vn 0.224959 0.970699 -0.084477
vn 0.288126 0.951499 -0.107856
vn 0.365951 0.920500 -0.136964
vn 0.147546 0.983229 -0.107198
vn 0.160804 0.982994 -0.088684
vn 0.172780 0.982764 -0.065748
vn 0.233682 0.970907 -0.052275
vn 0.179904 0.982940 -0.038264
vn 0.179861 0.983391 -0.024356
vn 0.234953 0.971314 -0.036704
vn 0.380287 0.920842 -0.086206
vn 0.299283 0.951753 -0.067786
vn 0.301792 0.952121 -0.048860
vn 0.383913 0.921265 -0.062304
vn 0.577209 0.700685 -0.419369
vn 0.518744 0.767372 -0.376889
vn 0.630441 0.700729 -0.333951
vn 0.566529 0.767457 -0.300093
vn 0.455729 0.826244 -0.331107
vn 0.497626 0.826369 -0.263595
vn 0.526676 0.826914 -0.197044
vn 0.599698 0.768139 -0.224334
vn 0.667484 0.701522 -0.249664
vn 0.388483 0.877163 -0.282250
vn 0.424074 0.877327 -0.224631
vn 0.448787 0.877718 -0.167933
vn 0.547859 0.827284 -0.124306
vn 0.466665 0.878079 -0.105836
vn 0.471640 0.878463 -0.076536
vn 0.554055 0.827611 -0.089901
vn 0.694609 0.701874 -0.157768
vn 0.623968 0.768505 -0.141648
vn 0.631287 0.768755 -0.102428
vn 0.702937 0.702049 -0.114046
vn 0.800806 0.103345 -0.589940
vn 0.847737 0.090751 -0.522596
vn 0.878220 0.107178 -0.466093
vn 0.800884 0.148469 -0.580122
vn 0.873779 0.146183 -0.463832
vn 0.925770 0.149469 -0.347287
vn 0.934552 0.097361 -0.342248
vn 0.913250 0.050087 -0.404310
vn 0.171184 -0.826948 -0.535587
vn 0.770312 -0.354543 -0.530018
vn 0.462084 -0.787568 -0.407695
vn 0.838337 -0.239538 -0.489707
vn 0.890678 -0.264842 -0.369528
vn 0.799139 -0.436445 -0.413392
vn 0.528269 -0.848493 -0.031509
vn 0.870407 -0.400845 -0.285857
vn 0.276939 -0.881447 0.382566
vn 0.780947 0.262031 -0.566976
vn 0.854003 0.256824 -0.452460
vn 0.749316 0.377089 -0.544361
vn 0.818494 0.376950 -0.433563
vn 0.867273 0.377734 -0.324276
vn 0.903705 0.262909 -0.337929
vn 0.963635 0.147353 -0.222923
vn 0.940285 0.264527 -0.214219
vn 0.902758 0.377897 -0.205478
vn 0.951367 0.266260 -0.154940
vn 0.913948 0.377784 -0.148250
vn 0.974818 0.150921 -0.164173
vn 0.970513 0.082172 -0.226611
vn 0.981074 0.080638 -0.176043
vn 0.715957 0.465656 -0.520164
vn 0.782060 0.465579 -0.414269
vn 0.676135 0.549112 -0.491241
vn 0.738553 0.549078 -0.391220
vn 0.782274 0.549966 -0.292547
vn 0.828522 0.466440 -0.309816
vn 0.629941 0.627459 -0.457678
vn 0.688077 0.627459 -0.364481
vn 0.728658 0.628323 -0.272520
vn 0.814220 0.550245 -0.185139
vn 0.758358 0.628642 -0.172343
vn 0.767596 0.628718 -0.124537
vn 0.824227 0.550245 -0.133720
vn 0.862399 0.466663 -0.196200
vn 0.873054 0.466600 -0.141639
vn 0.134037 0.982994 -0.125529
vn 0.172606 0.970950 -0.165721
vn 0.115915 0.982763 -0.144018
vn 0.149856 0.970700 -0.187842
vn 0.221140 0.951460 -0.214061
vn 0.281050 0.920263 -0.272262
vn 0.191617 0.951498 -0.240697
vn 0.243347 0.920501 -0.305714
vn 0.156958 0.951753 -0.263686
vn 0.121932 0.970907 -0.206089
vn 0.199500 0.920844 -0.335033
vn 0.177892 0.921266 -0.345866
vn 0.139732 0.952121 -0.271922
vn 0.107513 0.971313 -0.212111
vn 0.091973 0.982940 -0.159280
vn 0.078750 0.983391 -0.163525
vn 0.344683 0.877326 -0.333905
vn 0.404468 0.826369 -0.391816
vn 0.298397 0.877717 -0.374928
vn 0.350153 0.826914 -0.440006
vn 0.460474 0.767456 -0.446067
vn 0.512423 0.700729 -0.496388
vn 0.398674 0.768138 -0.501022
vn 0.443709 0.701522 -0.557664
vn 0.327532 0.768505 -0.549657
vn 0.287519 0.827284 -0.482632
vn 0.364693 0.701875 -0.611858
vn 0.325685 0.702048 -0.633292
vn 0.292494 0.768755 -0.568737
vn 0.256716 0.827611 -0.499156
vn 0.244860 0.878079 -0.411122
vn 0.218532 0.878462 -0.424909
vn 0.559271 0.627460 -0.541766
vn 0.600299 0.549078 -0.581511
vn 0.484349 0.628323 -0.608783
vn 0.519964 0.549966 -0.653587
vn 0.635653 0.465602 -0.615760
vn 0.665253 0.377044 -0.644420
vn 0.550671 0.466465 -0.692223
vn 0.576395 0.377815 -0.724586
vn 0.453087 0.466698 -0.759543
vn 0.427687 0.550245 -0.717157
vn 0.474412 0.377968 -0.795031
vn 0.423437 0.377918 -0.823334
vn 0.404481 0.466655 -0.786529
vn 0.381876 0.550246 -0.742563
vn 0.398254 0.628642 -0.667984
vn 0.355639 0.628718 -0.691545
vn 0.692761 0.265184 -0.670641
vn 0.712805 0.150933 -0.684930
vn 0.617354 0.159315 -0.770385
vn 0.599518 0.269533 -0.753612
vn 0.719636 0.086149 -0.688986
vn 0.629196 0.088282 -0.772217
vn 0.514574 0.093646 -0.852317
vn 0.506803 0.163483 -0.846419
vn 0.455364 0.094335 -0.885294
vn 0.451233 0.163720 -0.877260
vn 0.493428 0.270673 -0.826599
vn 0.440321 0.270700 -0.856060
vn 0.046503 0.983297 -0.175968
vn 0.027033 0.983083 -0.181156
vn 0.058904 0.971237 -0.230713
vn 0.031948 0.970684 -0.238227
vn -0.000000 0.982711 -0.185146
vn -0.000000 0.970849 -0.239693
vn 0.075556 0.951796 -0.297281
vn 0.039631 0.951463 -0.305199
vn 0.096244 0.920660 -0.378316
vn 0.050397 0.920244 -0.388086
vn -0.000000 0.920080 -0.391730
vn -0.000000 0.951315 -0.308222
vn -0.037468 0.970698 -0.237364
vn -0.046711 0.951346 -0.304563
vn -0.059426 0.920070 -0.387220
vn -0.095182 0.951382 -0.292938
vn -0.121060 0.920067 -0.372587
vn -0.074439 0.970552 -0.229103
vn -0.031192 0.982972 -0.181089
vn -0.056358 0.983228 -0.173454
vn 0.118147 0.877933 -0.463978
vn 0.061912 0.877316 -0.475903
vn 0.138778 0.827181 -0.544529
vn 0.072767 0.826367 -0.558411
vn -0.000000 0.826132 -0.563477
vn -0.000001 0.877112 -0.480285
vn 0.158156 0.768453 -0.620054
vn 0.082971 0.767460 -0.635705
vn 0.176184 0.701873 -0.690169
vn 0.092469 0.700741 -0.707398
vn -0.000000 0.700467 -0.713685
vn -0.000001 0.767202 -0.641406
vn -0.085769 0.826181 -0.556838
vn -0.097796 0.767275 -0.633817
vn -0.108997 0.700562 -0.705218
vn -0.198142 0.767373 -0.609819
vn -0.220475 0.700686 -0.678550
vn -0.174072 0.826244 -0.535742
vn -0.072982 0.877133 -0.474669
vn -0.148386 0.877162 -0.456692
vn 0.192489 0.628694 -0.753453
vn 0.101068 0.627474 -0.772051
vn 0.207195 0.550157 -0.808949
vn 0.108630 0.549098 -0.828668
vn -0.000000 0.548836 -0.835930
vn 0.000000 0.627204 -0.778855
vn 0.219814 0.466894 -0.856558
vn 0.115177 0.465673 -0.877430
vn 0.229895 0.378393 -0.896642
vn 0.120954 0.377420 -0.918109
vn 0.000367 0.376727 -0.926324
vn -0.000000 0.465423 -0.885088
vn -0.128071 0.548957 -0.825980
vn -0.135806 0.465551 -0.874539
vn -0.142328 0.377075 -0.915182
vn -0.273461 0.465708 -0.841627
vn -0.286188 0.377229 -0.880792
vn -0.258261 0.549111 -0.794845
vn -0.119142 0.627314 -0.769599
vn -0.240617 0.627456 -0.740542
vn 0.238976 0.270862 -0.932483
vn 0.126089 0.270001 -0.954569
vn 0.245067 0.163930 -0.955547
vn 0.129192 0.163348 -0.978073
vn 0.000595 0.269918 -0.962883
vn 0.000404 0.163324 -0.986572
vn 0.247489 0.094551 -0.964266
vn 0.130363 0.094224 -0.986979
vn 0.000258 0.094223 -0.995551
vn -0.152037 0.163357 -0.974782
vn -0.153571 0.094244 -0.983633
vn -0.307383 0.094277 -0.946904
vn -0.304460 0.163406 -0.938405
vn -0.148184 0.269966 -0.951399
vn -0.297234 0.270309 -0.915743
vn -0.081207 0.982972 -0.164840
vn -0.109208 0.970697 -0.214057
vn -0.108825 0.982711 -0.149789
vn -0.140891 0.970848 -0.193918
vn -0.141227 0.951347 -0.273849
vn -0.179527 0.920071 -0.348194
vn -0.230255 0.920080 -0.316917
vn -0.181166 0.951315 -0.249355
vn -0.169832 0.970698 -0.170007
vn -0.216808 0.951347 -0.218938
vn -0.275679 0.920070 -0.278339
vn -0.249189 0.951382 -0.181046
vn -0.316940 0.920068 -0.230269
vn -0.194885 0.970552 -0.141594
vn -0.131677 0.982972 -0.128169
vn -0.147546 0.983229 -0.107198
vn -0.219961 0.877133 -0.426914
vn -0.257914 0.826180 -0.500907
vn -0.331203 0.826131 -0.455863
vn -0.282305 0.877113 -0.388558
vn -0.293430 0.767274 -0.570254
vn -0.326337 0.700561 -0.634601
vn -0.419493 0.700466 -0.577384
vn -0.377009 0.767202 -0.518908
vn -0.396692 0.826179 -0.400080
vn -0.451669 0.767275 -0.455284
vn -0.502698 0.700562 -0.506466
vn -0.518743 0.767373 -0.376889
vn -0.577210 0.700685 -0.419367
vn -0.455729 0.826244 -0.331107
vn -0.338048 0.877132 -0.341120
vn -0.388483 0.877164 -0.282250
vn -0.355971 0.627313 -0.692649
vn -0.381888 0.548957 -0.743510
vn -0.491348 0.548836 -0.676281
vn -0.457800 0.627202 -0.630109
vn -0.404172 0.465551 -0.787342
vn -0.422415 0.377298 -0.824143
vn -0.544182 0.376727 -0.749628
vn -0.520241 0.465426 -0.716050
vn -0.589111 0.548956 -0.592955
vn -0.623910 0.465552 -0.627692
vn -0.653077 0.377075 -0.656738
vn -0.715930 0.465709 -0.520153
vn -0.749247 0.377228 -0.544360
vn -0.676136 0.549112 -0.491240
vn -0.548747 0.627313 -0.552590
vn -0.629942 0.627457 -0.457680
vn -0.438578 0.269695 -0.857271
vn -0.449233 0.163358 -0.878353
vn -0.565487 0.269917 -0.779339
vn -0.579565 0.163324 -0.798392
vn -0.453459 0.094244 -0.886280
vn -0.584962 0.094223 -0.805569
vn -0.695962 0.163357 -0.699251
vn -0.702406 0.094244 -0.705510
vn -0.805254 0.094277 -0.585387
vn -0.797894 0.163406 -0.580228
vn -0.679102 0.269966 -0.682597
vn -0.778727 0.270309 -0.566143
vn -0.162588 0.982972 -0.085624
vn -0.214171 0.970697 -0.108988
vn -0.176083 0.982711 -0.057214
vn -0.227967 0.970848 -0.074067
vn -0.275221 0.951346 -0.138541
vn -0.349905 0.920071 -0.176172
vn -0.372560 0.920079 -0.121050
vn -0.293133 0.951316 -0.095245
vn -0.237327 0.970698 -0.037713
vn -0.304090 0.951347 -0.049688
vn -0.386633 0.920070 -0.063140
vn -0.308015 0.951382 0.000000
vn -0.391759 0.920068 -0.000001
vn -0.240891 0.970552 0.000000
vn -0.181866 0.982972 -0.026296
vn -0.182377 0.983229 0.000000
vn -0.428887 0.877132 -0.216091
vn -0.503083 0.826179 -0.253645
vn -0.535898 0.826132 -0.174124
vn -0.456778 0.877113 -0.148416
vn -0.572576 0.767274 -0.288871
vn -0.637021 0.700561 -0.321587
vn -0.678755 0.700467 -0.220539
vn -0.610013 0.767202 -0.198204
vn -0.556091 0.826179 -0.090501
vn -0.633019 0.767274 -0.102850
vn -0.704384 0.700562 -0.114262
vn -0.641202 0.767372 0.000000
vn -0.713469 0.700686 0.000000
vn -0.563312 0.826245 0.000000
vn -0.473992 0.877133 -0.077271
vn -0.480191 0.877164 -0.000002
vn -0.695115 0.627314 -0.351131
vn -0.745978 0.548957 -0.377045
vn -0.795017 0.548836 -0.258317
vn -0.740735 0.627204 -0.240679
vn -0.789770 0.465551 -0.399406
vn -0.826161 0.377298 -0.418455
vn -0.880873 0.376727 -0.286600
vn -0.841768 0.465425 -0.273507
vn -0.825131 0.548956 -0.133440
vn -0.873703 0.465551 -0.141089
vn -0.914371 0.377075 -0.147444
vn -0.884938 0.465708 0.000000
vn -0.926121 0.377228 0.000000
vn -0.835750 0.549111 0.000001
vn -0.768749 0.627314 -0.124509
vn -0.778652 0.627456 0.000001
vn -0.858709 0.269695 -0.435757
vn -0.879721 0.163358 -0.446549
vn -0.915573 0.269917 -0.298113
vn -0.938161 0.163324 -0.305252
vn -0.887799 0.094244 -0.450479
vn -0.946746 0.094223 -0.307887
vn -0.974054 0.163358 -0.156629
vn -0.982947 0.094244 -0.157905
vn -0.995546 0.094277 -0.000271
vn -0.986559 0.163407 -0.000425
vn -0.950625 0.269967 -0.153066
vn -0.962774 0.270309 -0.000294
vn -0.181866 0.982972 0.026296
vn -0.237327 0.970698 0.037713
vn -0.176083 0.982711 0.057212
vn -0.227967 0.970848 0.074067
vn -0.304090 0.951347 0.049688
vn -0.386631 0.920070 0.063141
vn -0.372560 0.920079 0.121050
vn -0.293133 0.951316 0.095245
vn -0.214171 0.970697 0.108988
vn -0.275221 0.951346 0.138541
vn -0.349906 0.920070 0.176172
vn -0.249189 0.951382 0.181046
vn -0.316940 0.920068 0.230269
vn -0.194885 0.970552 0.141595
vn -0.162588 0.982972 0.085623
vn -0.147546 0.983229 0.107198
vn -0.473992 0.877132 0.077271
vn -0.556091 0.826179 0.090502
vn -0.535898 0.826132 0.174124
vn -0.456777 0.877113 0.148417
vn -0.633018 0.767274 0.102851
vn -0.704385 0.700561 0.114262
vn -0.678755 0.700467 0.220540
vn -0.610013 0.767202 0.198205
vn -0.503083 0.826179 0.253645
vn -0.572576 0.767275 0.288870
vn -0.637020 0.700562 0.321586
vn -0.518744 0.767372 0.376889
vn -0.577209 0.700686 0.419367
vn -0.455729 0.826244 0.331107
vn -0.428886 0.877133 0.216091
vn -0.388483 0.877163 0.282251
vn -0.768749 0.627314 0.124509
vn -0.825130 0.548957 0.133440
vn -0.795017 0.548836 0.258317
vn -0.740736 0.627203 0.240680
vn -0.873703 0.465551 0.141089
vn -0.914340 0.377298 0.147066
vn -0.881100 0.376728 0.285899
vn -0.841768 0.465425 0.273507
vn -0.745979 0.548957 0.377044
vn -0.789771 0.465551 0.399404
vn -0.826409 0.377075 0.418167
vn -0.715929 0.465709 0.520154
vn -0.749247 0.377227 0.544361
vn -0.676135 0.549111 0.491242
vn -0.695115 0.627313 0.351131
vn -0.629942 0.627457 0.457681
vn -0.950842 0.269694 0.152201
vn -0.974184 0.163357 0.155820
vn -0.915941 0.269917 0.296980
vn -0.938411 0.163325 0.304483
vn -0.983029 0.094243 0.157390
vn -0.946905 0.094223 0.307397
vn -0.880091 0.163357 0.445820
vn -0.888035 0.094244 0.450013
vn -0.805573 0.094276 0.584949
vn -0.798393 0.163406 0.579541
vn -0.859042 0.269966 0.434931
vn -0.779073 0.270308 0.565667
vn -0.131677 0.982972 0.128169
vn -0.169832 0.970698 0.170007
vn -0.108825 0.982711 0.149789
vn -0.140891 0.970848 0.193918
vn -0.216808 0.951347 0.218938
vn -0.275678 0.920071 0.278338
vn -0.230254 0.920080 0.316917
vn -0.181166 0.951315 0.249355
vn -0.109209 0.970697 0.214057
vn -0.141227 0.951347 0.273849
vn -0.179527 0.920071 0.348196
vn -0.095182 0.951382 0.292939
vn -0.121061 0.920068 0.372585
vn -0.074439 0.970552 0.229103
vn -0.081207 0.982972 0.164840
vn -0.056357 0.983228 0.173457
vn -0.338048 0.877133 0.341118
vn -0.396692 0.826179 0.400079
vn -0.331203 0.826132 0.455863
vn -0.282304 0.877113 0.388558
vn -0.451669 0.767275 0.455285
vn -0.502700 0.700562 0.506465
vn -0.419493 0.700466 0.577384
vn -0.377008 0.767202 0.518909
vn -0.257914 0.826180 0.500907
vn -0.293430 0.767275 0.570253
vn -0.326336 0.700562 0.634600
vn -0.198143 0.767373 0.609819
vn -0.220474 0.700686 0.678550
vn -0.174073 0.826244 0.535742
vn -0.219961 0.877133 0.426914
vn -0.148388 0.877164 0.456689
vn -0.548747 0.627314 0.552589
vn -0.589111 0.548957 0.592954
vn -0.491347 0.548836 0.676282
vn -0.457799 0.627202 0.630109
vn -0.623911 0.465551 0.627692
vn -0.653272 0.377298 0.656416
vn -0.544776 0.376727 0.749197
vn -0.520241 0.465424 0.716052
vn -0.381888 0.548956 0.743511
vn -0.404173 0.465551 0.787342
vn -0.422785 0.377074 0.824056
vn -0.273461 0.465710 0.841626
vn -0.286187 0.377229 0.880792
vn -0.258261 0.549111 0.794845
vn -0.355971 0.627314 0.692649
vn -0.240616 0.627456 0.740543
vn -0.679785 0.269694 0.682024
vn -0.696543 0.163357 0.698672
vn -0.566450 0.269917 0.778639
vn -0.580220 0.163324 0.797916
vn -0.702776 0.094244 0.705141
vn -0.585379 0.094223 0.805266
vn -0.449962 0.163357 0.877980
vn -0.453924 0.094244 0.886043
vn -0.307898 0.094277 0.946737
vn -0.305267 0.163406 0.938142
vn -0.439335 0.269967 0.856798
vn -0.297794 0.270309 0.915561
vn -0.031192 0.982972 0.181090
vn -0.037467 0.970698 0.237364
vn 0.000000 0.982711 0.185146
vn -0.000000 0.970849 0.239693
vn -0.046711 0.951346 0.304564
vn -0.059425 0.920070 0.387220
vn 0.000000 0.920080 0.391730
vn 0.000000 0.951315 0.308222
vn 0.031940 0.970684 0.238227
vn 0.039622 0.951464 0.305198
vn 0.050385 0.920244 0.388088
vn 0.075521 0.951796 0.297288
vn 0.096200 0.920659 0.378329
vn 0.058878 0.971237 0.230720
vn 0.027028 0.983083 0.181153
vn 0.046485 0.983297 0.175970
vn -0.072982 0.877133 0.474670
vn -0.085769 0.826181 0.556839
vn 0.000000 0.826132 0.563477
vn 0.000001 0.877112 0.480285
vn -0.097797 0.767275 0.633818
vn -0.108998 0.700562 0.705218
vn 0.000001 0.700466 0.713686
vn 0.000001 0.767202 0.641406
vn 0.072749 0.826369 0.558410
vn 0.082951 0.767461 0.635707
vn 0.092445 0.700742 0.707400
vn 0.158084 0.768454 0.620071
vn 0.176103 0.701873 0.690190
vn 0.138714 0.827182 0.544544
vn 0.061898 0.877316 0.475904
vn 0.118091 0.877932 0.463993
vn -0.119142 0.627314 0.769599
vn -0.128071 0.548958 0.825980
vn -0.000000 0.548835 0.835930
vn -0.000000 0.627203 0.778856
vn -0.135805 0.465551 0.874539
vn -0.142678 0.377298 0.915035
vn -0.000368 0.376727 0.926324
vn 0.000000 0.465424 0.885088
vn 0.108603 0.549097 0.828672
vn 0.115147 0.465675 0.877433
vn 0.120665 0.377177 0.918247
vn 0.219105 0.466857 0.856760
vn 0.229533 0.378217 0.896809
vn 0.206723 0.550341 0.808944
vn 0.101042 0.627474 0.772054
vn 0.192402 0.628695 0.753475
vn -0.149074 0.269695 0.951337
vn -0.152846 0.163357 0.974655
vn -0.000595 0.269917 0.962884
vn -0.000404 0.163323 0.986573
vn -0.154086 0.094244 0.983553
vn -0.000257 0.094223 0.995551
vn 0.128855 0.163407 0.978108
vn 0.130136 0.094246 0.987007
vn 0.247310 0.094571 0.964310
vn 0.244955 0.163930 0.955575
vn 0.125609 0.270079 0.954610
vn 0.238869 0.270863 0.932510
vn 0.068319 0.983568 0.167114
vn 0.091829 0.971368 0.219115
vn 0.107512 0.971315 0.212103
vn 0.078750 0.983390 0.163532
vn 0.118879 0.952015 0.282020
vn 0.151301 0.921011 0.358952
vn 0.177892 0.921264 0.345870
vn 0.139737 0.952120 0.271922
vn 0.191592 0.951498 0.240715
vn 0.221133 0.951460 0.214065
vn 0.149838 0.970700 0.187856
vn 0.172600 0.970950 0.165729
vn 0.243318 0.920499 0.305742
vn 0.281043 0.920263 0.272271
vn 0.249189 0.951382 0.181046
vn 0.316940 0.920068 0.230270
vn 0.194885 0.970552 0.141595
vn 0.115898 0.982765 0.144017
vn 0.134032 0.982994 0.125531
vn 0.147546 0.983229 0.107198
vn 0.185644 0.878367 0.440462
vn 0.217955 0.827689 0.517133
vn 0.256717 0.827610 0.499157
vn 0.218534 0.878463 0.424906
vn 0.248259 0.769019 0.589049
vn 0.276406 0.702477 0.655840
vn 0.325687 0.702049 0.633289
vn 0.292495 0.768755 0.568738
vn 0.398627 0.768136 0.501063
vn 0.460459 0.767456 0.446082
vn 0.350112 0.826913 0.440042
vn 0.404456 0.826370 0.391826
vn 0.443656 0.701521 0.557707
vn 0.512406 0.700730 0.496405
vn 0.518743 0.767372 0.376890
vn 0.577210 0.700686 0.419367
vn 0.455728 0.826244 0.331108
vn 0.298361 0.877718 0.374957
vn 0.344672 0.877327 0.333914
vn 0.388482 0.877164 0.282251
vn 0.301823 0.629302 0.716157
vn 0.324109 0.550927 0.769047
vn 0.381876 0.550245 0.742564
vn 0.355641 0.628720 0.691543
vn 0.343344 0.467384 0.814658
vn 0.359499 0.378645 0.852871
vn 0.423438 0.377918 0.823334
vn 0.404482 0.466655 0.786529
vn 0.550606 0.466463 0.692275
vn 0.635633 0.465602 0.615781
vn 0.519902 0.549964 0.653638
vn 0.600281 0.549076 0.581531
vn 0.576327 0.377813 0.724641
vn 0.665231 0.377043 0.644443
vn 0.715956 0.465656 0.520165
vn 0.749316 0.377089 0.544362
vn 0.676136 0.549111 0.491240
vn 0.484290 0.628322 0.608831
vn 0.559253 0.627459 0.541786
vn 0.629943 0.627457 0.457679
vn 0.373922 0.271230 0.886914
vn 0.383233 0.164156 0.908947
vn 0.451234 0.163720 0.877259
vn 0.440321 0.270699 0.856061
vn 0.386764 0.094669 0.917307
vn 0.455365 0.094335 0.885293
vn 0.617280 0.159314 0.770444
vn 0.629119 0.088280 0.772279
vn 0.712783 0.150932 0.684953
vn 0.719614 0.086147 0.689010
vn 0.800300 0.105071 0.590323
vn 0.800884 0.148470 0.580122
vn 0.599447 0.269532 0.753668
vn 0.692739 0.265184 0.670664
vn 0.780946 0.262032 0.566977
vn 0.160808 0.982994 0.088681
vn 0.210958 0.970948 0.112942
vn 0.172792 0.982764 0.065716
vn 0.224969 0.970699 0.084458
vn 0.271922 0.951460 0.144158
vn 0.345793 0.920263 0.183150
vn 0.288137 0.951499 0.107831
vn 0.365966 0.920500 0.136927
vn 0.234952 0.971313 0.036717
vn 0.301792 0.952121 0.048859
vn 0.235432 0.971476 0.028383
vn 0.303322 0.952146 0.037602
vn 0.383915 0.921264 0.062311
vn 0.386191 0.921176 0.047869
vn 0.305196 0.952290 -0.000046
vn 0.388653 0.921384 -0.000047
vn 0.236642 0.971597 -0.000022
vn 0.179854 0.983391 0.024374
vn 0.178975 0.983668 0.019127
vn 0.179413 0.983774 -0.000035
vn 0.424082 0.877327 0.224617
vn 0.497635 0.826370 0.263578
vn 0.448804 0.877717 0.167890
vn 0.526696 0.826913 0.196994
vn 0.566539 0.767456 0.300076
vn 0.630453 0.700728 0.333930
vn 0.599721 0.768136 0.224279
vn 0.667509 0.701520 0.249602
vn 0.554056 0.827611 0.089904
vn 0.631288 0.768755 0.102431
vn 0.556839 0.827758 0.068897
vn 0.634385 0.769029 0.078430
vn 0.702936 0.702049 0.114049
vn 0.706379 0.702434 0.087267
vn 0.638143 0.769918 -0.000089
vn 0.710690 0.703506 -0.000099
vn 0.560100 0.828425 -0.000081
vn 0.471641 0.878463 0.076533
vn 0.474145 0.878487 0.058710
vn 0.476966 0.878922 -0.000065
vn 0.688088 0.627458 0.364460
vn 0.738566 0.549077 0.391197
vn 0.728686 0.628322 0.272449
vn 0.782304 0.549965 0.292472
vn 0.782073 0.465579 0.414243
vn 0.818508 0.376950 0.433536
vn 0.828552 0.466439 0.309737
vn 0.867304 0.377733 0.324195
vn 0.824227 0.550244 0.133720
vn 0.873053 0.466600 0.141639
vn 0.828366 0.550788 0.102190
vn 0.877538 0.467146 0.108178
vn 0.913948 0.377784 0.148252
vn 0.918754 0.378268 0.113158
vn 0.883529 0.468377 -0.000121
vn 0.925246 0.379369 -0.000128
vn 0.833806 0.552058 -0.000115
vn 0.767596 0.628718 0.124537
vn 0.771385 0.629203 0.095229
vn 0.776259 0.630414 -0.000107
vn 0.854018 0.256823 0.452432
vn 0.873795 0.146183 0.463803
vn 0.925804 0.149466 0.347199
vn 0.903737 0.262907 0.337844
vn 0.877826 0.111238 0.465883
vn 0.845003 0.107570 0.523831
vn 0.337183 -0.875721 -0.345573
vn 0.894487 -0.235958 0.379758
vn 0.628158 -0.770929 0.105288
vn 0.900474 -0.171772 0.399550
vn 0.864535 -0.151920 0.479062
vn 0.842134 -0.317233 0.436090
vn 0.558655 -0.704347 0.437949
vn 0.837757 -0.222039 0.498861
vn 0.239929 -0.798090 0.552709
vn 0.913780 0.071411 0.399883
vn 0.954106 0.077046 0.289388
vn 0.934543 0.099291 0.341716
vn 0.981073 0.080641 0.176045
vn 0.987120 0.086665 0.134476
vn 0.974816 0.150936 0.164170
vn 0.979799 0.156875 0.124030
vn 0.995957 0.089836 -0.000175
vn 0.987088 0.160182 -0.000141
vn 0.951366 0.266265 0.154938
vn 0.956070 0.268579 0.117457
vn 0.963027 0.269404 -0.000135
vn 0.237452 0.955957 -0.172519
vn 0.301133 0.928145 -0.218785
vn 0.103440 0.904901 -0.412860
vn 0.069644 0.832377 -0.549816
vn 0.313082 0.922084 -0.227467
vn -0.001425 0.788131 -0.615506
vn -0.012206 0.714063 -0.699975
vn -0.094810 0.663445 -0.742194
vn 0.040125 0.814140 -0.579280
vn 0.057599 0.761106 -0.646065
vn 0.032842 0.664693 -0.746394
vn -0.028963 0.631161 -0.775111
vn 0.232153 0.660003 -0.714493
vn 0.236471 0.643752 -0.727781
vn 0.203800 0.751694 -0.627234
vn -0.192956 0.653424 -0.731987
vn -0.114436 0.646004 -0.754708
vn -0.312971 0.677042 -0.666081
vn -0.232822 0.709175 -0.665480
vn 0.224245 0.688042 -0.690154
vn 0.184497 0.802207 -0.567824
vn 0.282669 0.936975 -0.205370
vn -0.090705 0.773720 -0.627001
vn 0.206330 0.966931 -0.149907
vn -0.199319 0.784521 -0.587195
vn 0.412150 0.664693 -0.623150
vn 0.333149 0.761105 -0.556535
vn 0.479030 0.631161 -0.610054
vn 0.512953 0.663445 -0.544720
vn 0.421309 0.714063 -0.559118
vn 0.308030 0.814140 -0.492233
vn 0.266830 0.832377 -0.485746
vn 0.158988 0.904902 -0.394810
vn 0.362938 0.788131 -0.497117
vn -0.119587 0.922084 -0.368050
vn -0.115022 0.928144 -0.354003
vn -0.090698 0.955957 -0.279141
vn 0.586355 0.653425 -0.478773
vn 0.441923 0.773720 -0.453939
vn 0.644711 0.677042 -0.354911
vn 0.506397 0.784521 -0.357894
vn -0.078811 0.966931 -0.242556
vn -0.107970 0.936974 -0.332297
vn 0.536186 0.646004 -0.543308
vn 0.579516 0.709175 -0.401537
vn -0.360688 0.904902 -0.225958
vn -0.501385 0.832377 -0.236138
vn -0.585822 0.788131 -0.188847
vn -0.669488 0.714063 -0.204695
vn -0.735166 0.663445 -0.139181
vn -0.538528 0.814141 -0.217169
vn -0.596646 0.761106 -0.254425
vn -0.699715 0.664693 -0.261883
vn -0.746124 0.631161 -0.211977
vn -0.607784 0.660003 -0.441581
vn -0.619088 0.643751 -0.449794
vn -0.533557 0.751694 -0.387652
vn -0.755788 0.653424 -0.042684
vn -0.753132 0.646003 -0.124382
vn -0.730194 0.677042 0.091823
vn -0.704856 0.709175 0.015782
vn -0.587080 0.688042 -0.426539
vn -0.483020 0.802207 -0.350934
vn -0.624343 0.773720 -0.107489
vn -0.620049 0.784521 0.008110
vn -0.465289 0.664693 -0.584542
vn -0.426347 0.761106 -0.488822
vn -0.432167 0.631161 -0.644102
vn -0.359548 0.663446 -0.656175
vn -0.401560 0.714063 -0.573467
vn -0.372954 0.814141 -0.445061
vn -0.379517 0.832377 -0.403874
vn -0.326357 0.904902 -0.273210
vn -0.360633 0.788131 -0.498792
vn -0.386990 0.922084 0.000000
vn -0.372220 0.928144 0.000000
vn -0.293506 0.955957 -0.000000
vn -0.274147 0.653424 -0.705607
vn -0.295160 0.773720 -0.560569
vn -0.138314 0.677042 -0.722831
vn -0.183893 0.784521 -0.592208
vn -0.255038 0.966931 -0.000000
vn -0.349398 0.936975 0.000000
vn -0.351026 0.646004 -0.677835
vn -0.202803 0.709175 -0.675235
vn -0.326357 0.904902 0.273210
vn -0.379517 0.832377 0.403875
vn -0.360633 0.788131 0.498793
vn -0.401561 0.714063 0.573466
vn -0.359548 0.663445 0.656175
vn -0.372954 0.814141 0.445062
vn -0.426347 0.761106 0.488822
vn -0.465289 0.664693 0.584542
vn -0.432167 0.631161 0.644102
vn -0.607784 0.660003 0.441581
vn -0.619088 0.643752 0.449794
vn -0.533557 0.751694 0.387651
vn -0.274147 0.653424 0.705606
vn -0.351026 0.646003 0.677835
vn -0.138314 0.677041 0.722831
vn -0.202803 0.709175 0.675235
vn -0.587080 0.688042 0.426539
vn -0.483020 0.802207 0.350934
vn -0.295160 0.773720 0.560569
vn -0.183893 0.784521 0.592208
vn -0.699715 0.664693 0.261883
vn -0.596646 0.761106 0.254425
vn -0.746124 0.631162 0.211977
vn -0.735166 0.663446 0.139181
vn -0.669488 0.714063 0.204696
vn -0.538528 0.814141 0.217168
vn -0.501385 0.832377 0.236138
vn -0.360688 0.904902 0.225957
vn -0.585822 0.788131 0.188847
vn -0.119587 0.922084 0.368050
vn -0.115023 0.928144 0.354003
vn -0.090699 0.955957 0.279142
vn -0.755788 0.653424 0.042684
vn -0.624343 0.773720 0.107489
vn -0.730194 0.677041 -0.091823
vn -0.620049 0.784521 -0.008110
vn -0.078811 0.966931 0.242556
vn -0.107970 0.936974 0.332297
vn -0.753132 0.646004 0.124382
vn -0.704856 0.709175 -0.015782
vn 0.158988 0.904902 0.394811
vn 0.266831 0.832378 0.485746
vn 0.362938 0.788131 0.497118
vn 0.421309 0.714063 0.559118
vn 0.512953 0.663445 0.544720
vn 0.308030 0.814141 0.492232
vn 0.333149 0.761106 0.556534
vn 0.412150 0.664693 0.623150
vn 0.479030 0.631161 0.610054
vn 0.232153 0.660003 0.714493
vn 0.236471 0.643751 0.727781
vn 0.203801 0.751694 0.627233
vn 0.586356 0.653424 0.478773
vn 0.536187 0.646004 0.543308
vn 0.644711 0.677042 0.354911
vn 0.579517 0.709175 0.401536
vn 0.224245 0.688042 0.690154
vn 0.184497 0.802207 0.567824
vn 0.441923 0.773720 0.453940
vn 0.506397 0.784521 0.357894
vn 0.032841 0.664693 0.746394
vn 0.057600 0.761106 0.646066
vn -0.028963 0.631161 0.775111
vn -0.094810 0.663445 0.742194
vn -0.012206 0.714063 0.699975
vn 0.040125 0.814140 0.579281
vn 0.069644 0.832378 0.549815
vn 0.103440 0.904902 0.412860
vn -0.001425 0.788131 0.615506
vn 0.313082 0.922084 0.227467
vn 0.301132 0.928145 0.218786
vn 0.237452 0.955957 0.172519
vn -0.192956 0.653424 0.731987
vn -0.090705 0.773720 0.627001
vn -0.312971 0.677042 0.666081
vn -0.199319 0.784521 0.587196
vn 0.206330 0.966931 0.149907
vn 0.282669 0.936975 0.205370
vn -0.114435 0.646004 0.754708
vn -0.232821 0.709175 0.665481
vn 0.424618 0.904902 -0.029204
vn 0.544428 0.832377 -0.103667
vn 0.584941 0.788131 -0.191557
vn 0.661944 0.714063 -0.227912
vn 0.676571 0.663445 -0.319520
vn 0.563327 0.814141 -0.140846
vn 0.632244 0.761106 -0.144865
vn 0.720012 0.664693 -0.199414
vn 0.728224 0.631161 -0.267068
vn 0.751263 0.660003 0.000000
vn 0.765235 0.643751 0.000000
vn 0.659512 0.751694 -0.000000
vn 0.636535 0.653424 -0.409708
vn 0.682407 0.646004 -0.342052
vn 0.536767 0.677042 -0.503483
vn 0.560964 0.709175 -0.427071
vn 0.725671 0.688042 0.000000
vn 0.597046 0.802207 -0.000000
vn 0.568284 0.773720 -0.280020
vn 0.496864 0.784521 -0.371017
vn 0.720012 0.664693 0.199414
vn 0.632244 0.761106 0.144865
vn 0.728224 0.631161 0.267068
vn 0.676570 0.663445 0.319519
vn 0.661944 0.714063 0.227912
vn 0.563327 0.814141 0.140846
vn 0.544428 0.832377 0.103667
vn 0.424617 0.904902 0.029204
vn 0.584941 0.788131 0.191557
vn 0.636535 0.653424 0.409708
vn 0.568284 0.773720 0.280019
vn 0.536768 0.677041 0.503483
vn 0.496863 0.784521 0.371017
vn 0.682407 0.646004 0.342052
vn 0.560964 0.709175 0.427071
vn 0.042435 0.998623 -0.030832
vn -0.351490 0.810793 -0.468050
vn -0.233913 0.957289 0.169947
vn -0.547644 0.808499 -0.215444
vn -0.650207 0.732501 -0.201677
vn -0.468763 0.715921 -0.517415
vn -0.390072 0.799795 -0.456259
vn -0.571434 0.820271 -0.024870
vn 0.093138 0.953497 -0.286650
vn -0.075427 0.969753 0.232144
vn -0.759389 0.591663 0.270674
vn -0.637211 0.600871 0.482614
vn -0.710393 0.313155 0.630299
vn -0.564582 0.299470 0.769133
vn -0.293877 0.309170 0.904462
vn -0.233898 0.653517 0.719866
vn -0.573153 0.705755 0.416419
vn -0.733101 0.647984 0.206594
vn -0.757032 0.352681 0.550016
vn -0.766472 0.342411 0.543392
vn 0.583757 0.799795 -0.139843
vn 0.476918 0.820270 0.315762
vn 0.644571 0.732501 0.219021
vn 0.683366 0.715921 -0.143065
vn 0.559474 0.810793 -0.172059
vn 0.569688 0.808499 0.147598
vn -0.016209 0.998623 -0.049885
vn 0.089347 0.957289 0.274982
vn 0.455261 0.591663 0.665336
vn 0.471659 0.647984 0.598043
vn 0.204240 0.313155 0.927480
vn 0.300691 0.342412 0.890135
vn 0.218925 0.705756 0.673781
vn 0.289161 0.352681 0.889945
vn 0.231842 0.600871 0.764986
vn 0.004672 0.299471 0.954094
vn -0.553758 0.810793 0.189652
vn -0.374130 0.808498 0.454265
vn -0.392731 0.732501 0.556062
vn -0.636947 0.715921 0.285930
vn -0.554466 0.799795 0.229988
vn -0.200235 0.820271 0.535781
vn -0.243838 0.953498 -0.177159
vn 0.197472 0.969753 0.143473
vn 0.022762 0.591662 0.805865
vn 0.262084 0.600871 0.755160
vn 0.379926 0.313154 0.870397
vn 0.557023 0.299470 0.774624
vn 0.769381 0.309169 0.558988
vn 0.612354 0.653518 0.444901
vn -0.030058 0.647984 0.761061
vn 0.279944 0.342411 0.896876
vn 0.047393 0.799795 -0.598399
vn 0.447683 0.820271 -0.356000
vn 0.407485 0.732501 -0.545342
vn 0.075110 0.715921 -0.694130
vn 0.009249 0.810793 -0.585260
vn 0.316417 0.808499 -0.496195
vn -0.052453 0.998623 0.000001
vn 0.289133 0.957289 0.000000
vn 0.773456 0.591663 -0.227378
vn 0.714523 0.647984 -0.263769
vn 0.945200 0.313154 0.092364
vn 0.939487 0.342411 -0.010907
vn 0.708455 0.705756 -0.000000
vn 0.935744 0.352681 -0.000000
vn 0.799188 0.600871 0.015899
vn 0.908841 0.299470 0.290388
vn 0.009249 0.810793 0.585260
vn 0.316418 0.808499 0.496195
vn 0.407486 0.732500 0.545342
vn 0.075109 0.715921 0.694130
vn 0.047392 0.799795 0.598399
vn 0.447682 0.820271 0.356000
vn -0.243837 0.953498 0.177160
vn 0.197472 0.969753 -0.143472
vn 0.773456 0.591662 0.227378
vn 0.799188 0.600871 -0.015900
vn 0.945200 0.313154 -0.092364
vn 0.908841 0.299471 -0.290388
vn 0.769381 0.309170 -0.558988
vn 0.612354 0.653518 -0.444902
vn 0.714523 0.647984 0.263768
vn 0.939487 0.342412 0.010907
vn -0.554466 0.799795 -0.229989
vn -0.200235 0.820270 -0.535783
vn -0.392732 0.732502 -0.556061
vn -0.636946 0.715921 -0.285932
vn -0.553757 0.810793 -0.189652
vn -0.374131 0.808499 -0.454263
vn -0.016209 0.998623 0.049885
vn 0.089347 0.957289 -0.274982
vn 0.022761 0.591663 -0.805864
vn -0.030059 0.647984 -0.761061
vn 0.379926 0.313154 -0.870397
vn 0.279944 0.342412 -0.896876
vn 0.218925 0.705756 -0.673781
vn 0.289161 0.352681 -0.889945
vn 0.262084 0.600871 -0.755160
vn 0.557023 0.299470 -0.774625
vn 0.559473 0.810793 0.172060
vn 0.569688 0.808499 -0.147599
vn 0.644571 0.732501 -0.219022
vn 0.683366 0.715921 0.143065
vn 0.583757 0.799795 0.139844
vn 0.476918 0.820271 -0.315761
vn 0.093138 0.953498 0.286649
vn -0.075428 0.969753 -0.232143
vn 0.455260 0.591663 -0.665337
vn 0.231842 0.600871 -0.764986
vn 0.204239 0.313154 -0.927481
vn 0.004672 0.299471 -0.954094
vn -0.293878 0.309170 -0.904461
vn -0.233899 0.653518 -0.719865
vn 0.471658 0.647984 -0.598043
vn 0.300691 0.342411 -0.890135
vn -0.390072 0.799795 0.456258
vn -0.571435 0.820271 0.024867
vn -0.650207 0.732501 0.201678
vn -0.468764 0.715921 0.517415
vn -0.351490 0.810793 0.468049
vn -0.547643 0.808499 0.215445
vn 0.042435 0.998623 0.030830
vn -0.233913 0.957289 -0.169948
vn -0.759388 0.591663 -0.270673
vn -0.733101 0.647984 -0.206593
vn -0.710393 0.313154 -0.630299
vn -0.766472 0.342411 -0.543392
vn -0.573152 0.705756 -0.416420
vn -0.757032 0.352682 -0.550016
vn -0.637211 0.600871 -0.482614
vn -0.564582 0.299471 -0.769132
vn 0.336525 0.810793 -0.478922
vn 0.035668 0.808499 -0.587416
vn -0.009119 0.732501 -0.680705
vn 0.347235 0.715921 -0.605710
vn 0.313389 0.799795 -0.511971
vn -0.152931 0.820271 -0.551151
vn 0.301400 0.953498 0.000000
vn -0.244089 0.969753 0.000000
vn -0.492090 0.591663 -0.638579
vn -0.655902 0.600871 -0.456888
vn -0.818973 0.313154 -0.480851
vn -0.905954 0.299470 -0.299274
vn -0.951007 0.309169 0.000000
vn -0.756911 0.653518 -0.000000
vn -0.423023 0.647983 -0.633379
vn -0.753650 0.342411 -0.561040
vn 0.313389 0.799795 0.511972
vn -0.152931 0.820270 0.551152
vn -0.009118 0.732501 0.680705
vn 0.347234 0.715921 0.605711
vn 0.336524 0.810793 0.478922
vn 0.035669 0.808499 0.587415
vn -0.492089 0.591663 0.638579
vn -0.423022 0.647984 0.633379
vn -0.818973 0.313154 0.480851
vn -0.753650 0.342412 0.561040
vn -0.655902 0.600871 0.456888
vn -0.905954 0.299470 0.299274
vn -0.800348 0.146003 0.581486
vn -0.732862 0.142954 0.665189
vn -0.807924 0.051972 0.586991
vn -0.712287 0.051251 0.700015
vn -0.599054 0.047985 0.799270
vn -0.634736 0.131702 0.761423
vn -0.495209 0.124075 0.859868
vn -0.465324 0.045466 0.883972
vn -0.308699 0.045367 0.950077
vn -0.306611 0.124551 0.943651
vn -0.587725 0.008176 0.809020
vn -0.455550 0.009823 0.890156
vn -0.602007 -0.010006 0.798428
vn -0.458922 -0.001037 0.888476
vn -0.309017 -0.000000 0.951057
vn -0.309002 0.009909 0.951010
vn -0.807440 -0.002090 0.589946
vn -0.705952 0.001687 0.708258
vn -0.807483 -0.039145 0.588591
vn -0.721120 -0.029088 0.692199
vn -0.104785 0.124075 0.986725
vn -0.143130 0.045466 0.988659
vn 0.065959 0.131702 0.989093
vn 0.014846 0.047984 0.998738
vn 0.201910 0.142954 0.968915
vn 0.164794 0.051250 0.984996
vn 0.305706 0.146003 0.940865
vn 0.308600 0.051972 0.949771
vn -0.000625 0.010117 0.999949
vn 0.153641 0.010462 0.988071
vn -0.001920 -0.000000 0.999998
vn 0.152940 0.000000 0.988235
vn 0.309000 0.010390 0.951005
vn 0.309018 0.000000 0.951056
vn -0.154673 0.009823 0.987917
vn -0.155812 -0.000000 0.987787
vn 0.406166 0.142954 0.902548
vn 0.445645 0.051251 0.893741
vn 0.575033 0.047985 0.816722
vn 0.528013 0.131702 0.838962
vn 0.664755 0.124075 0.736686
vn 0.696914 0.045467 0.715712
vn 0.808184 0.045367 0.587180
vn 0.802718 0.124551 0.583208
vn 0.588261 0.010117 0.808608
vn 0.705816 0.009823 0.708327
vn 0.589338 -0.000000 0.807887
vn 0.706662 0.000000 0.707552
vn 0.809017 -0.000000 0.587785
vn 0.808977 0.009909 0.587756
vn 0.456476 0.010462 0.889674
vn 0.457140 -0.000000 0.889395
vn 0.906051 0.124075 0.404571
vn 0.896041 0.045467 0.441637
vn 0.961065 0.131702 0.242916
vn 0.954444 0.047985 0.294508
vn 0.983887 0.142954 0.107384
vn 0.987711 0.051251 0.147653
vn 0.989284 0.146003 -0.000000
vn 0.998649 0.051973 -0.000000
vn 0.950815 0.010117 0.309596
vn 0.987189 0.010462 0.159211
vn 0.950461 -0.000000 0.310843
vn 0.987129 -0.000000 0.159927
vn 0.999946 0.010390 -0.000000
vn 1.000000 0.000000 -0.000000
vn 0.891768 0.009823 0.452386
vn 0.891292 -0.000000 0.453430
vn 0.983887 0.142954 -0.107384
vn 0.987710 0.051251 -0.147653
vn 0.954444 0.047985 -0.294508
vn 0.961065 0.131702 -0.242916
vn 0.906051 0.124075 -0.404571
vn 0.896041 0.045467 -0.441637
vn 0.808184 0.045367 -0.587180
vn 0.802717 0.124551 -0.583208
vn 0.950815 0.010117 -0.309595
vn 0.891768 0.009823 -0.452386
vn 0.950461 -0.000000 -0.310843
vn 0.891292 0.000000 -0.453430
vn 0.809017 0.000000 -0.587785
vn 0.808977 0.009909 -0.587756
vn 0.987189 0.010463 -0.159211
vn 0.987129 0.000000 -0.159927
vn 0.664755 0.124075 -0.736686
vn 0.696914 0.045467 -0.715712
vn 0.528012 0.131702 -0.838962
vn 0.575033 0.047984 -0.816722
vn 0.406166 0.142954 -0.902548
vn 0.445646 0.051251 -0.893741
vn 0.305706 0.146003 -0.940865
vn 0.308599 0.051972 -0.949771
vn 0.588261 0.010117 -0.808608
vn 0.456477 0.010462 -0.889674
vn 0.589338 -0.000000 -0.807887
vn 0.457140 -0.000000 -0.889395
vn 0.309000 0.010390 -0.951005
vn 0.309017 0.000000 -0.951057
vn 0.705816 0.009823 -0.708327
vn 0.706662 0.000000 -0.707552
vn 0.201909 0.142954 -0.968915
vn 0.164793 0.051251 -0.984996
vn 0.014846 0.047985 -0.998738
vn 0.065959 0.131702 -0.989093
vn -0.104785 0.124075 -0.986725
vn -0.143130 0.045466 -0.988659
vn -0.308699 0.045367 -0.950077
vn -0.306611 0.124551 -0.943651
vn -0.000625 0.010117 -0.999949
vn -0.154673 0.009823 -0.987917
vn -0.001921 0.000000 -0.999998
vn -0.155813 0.000000 -0.987787
vn -0.309017 -0.000000 -0.951057
vn -0.309002 0.009909 -0.951010
vn 0.153640 0.010463 -0.988072
vn 0.152940 -0.000000 -0.988236
vn -0.495209 0.124075 -0.859868
vn -0.465324 0.045467 -0.883972
vn -0.634736 0.131702 -0.761423
vn -0.599054 0.047985 -0.799270
vn -0.732862 0.142954 -0.665190
vn -0.712287 0.051251 -0.700015
vn -0.800348 0.146003 -0.581487
vn -0.807924 0.051973 -0.586991
vn -0.587725 0.008177 -0.809020
vn -0.705952 0.001687 -0.708257
vn -0.602007 -0.010006 -0.798428
vn -0.721120 -0.029088 -0.692199
vn -0.807440 -0.002090 -0.589946
vn -0.807483 -0.039145 -0.588591
vn -0.455550 0.009823 -0.890156
vn -0.458922 -0.001037 -0.888476
vn -0.859100 0.142954 -0.491438
vn -0.885863 0.051250 -0.461108
vn -0.945268 0.047984 -0.322746
vn -0.920301 0.131702 -0.368377
vn -0.970811 0.124075 -0.205258
vn -0.984500 0.045467 -0.169388
vn -0.998970 0.045367 -0.000000
vn -0.992213 0.124551 0.000000
vn -0.952093 -0.002559 -0.305796
vn -0.987554 0.000243 -0.157281
vn -0.952060 -0.039582 -0.303341
vn -0.984539 -0.034532 -0.171731
vn -0.999635 -0.027008 -0.000000
vn -0.999995 0.003222 -0.000000
vn -0.893940 -0.000607 -0.448186
vn -0.892788 -0.033688 -0.449216
vn -0.970811 0.124076 0.205258
vn -0.984500 0.045466 0.169388
vn -0.920301 0.131702 0.368377
vn -0.945268 0.047984 0.322746
vn -0.859100 0.142954 0.491439
vn -0.885863 0.051251 0.461108
vn -0.952093 -0.002559 0.305797
vn -0.893940 -0.000607 0.448185
vn -0.952060 -0.039582 0.303341
vn -0.892788 -0.033688 0.449216
vn -0.987554 0.000243 0.157281
vn -0.984539 -0.034532 0.171731
vn 0.140939 0.889934 -0.433768
vn 0.037394 0.889155 -0.456076
vn 0.062985 0.979008 -0.193847
vn 0.008194 0.974114 -0.225909
vn 0.029535 0.966353 -0.255517
vn 0.044191 0.919413 -0.390804
vn 0.092406 0.966710 -0.238608
vn 0.144265 0.983972 -0.104815
vn 0.047513 0.993358 -0.104795
vn 0.059355 0.997305 -0.043124
vn 0.000000 1.000000 -0.000001
vn 0.006721 0.999966 -0.004884
vn 0.007953 0.999669 -0.024478
vn 0.007244 0.998277 -0.058236
vn -0.055104 0.983973 -0.169593
vn 0.065492 0.966710 -0.247353
vn -0.022672 0.997305 -0.069775
vn 0.023158 0.993358 -0.112708
vn 0.126295 0.966353 -0.224079
vn 0.193957 0.919413 -0.342141
vn 0.237821 0.889155 -0.390953
vn 0.126157 0.974114 -0.187580
vn -0.002567 0.999965 -0.007903
vn 0.028369 0.998277 -0.051371
vn -0.368984 0.889934 -0.268082
vn -0.422198 0.889155 -0.176498
vn -0.164897 0.979008 -0.119805
vn -0.212320 0.974114 -0.077604
vn -0.233885 0.966353 -0.107048
vn -0.358020 0.919413 -0.162793
vn -0.198374 0.966710 -0.161617
vn -0.084984 0.993358 -0.077572
vn -0.020822 0.999669 -0.015130
vn -0.053146 0.998277 -0.024887
vn -0.178321 0.983972 -0.000000
vn -0.215007 0.966710 -0.138723
vn -0.073367 0.997305 -0.000000
vn -0.100036 0.993358 -0.056853
vn -0.174084 0.966353 -0.189359
vn -0.265460 0.919413 -0.290192
vn -0.298328 0.889156 -0.346992
vn -0.139415 0.974114 -0.177948
vn -0.008308 0.999966 -0.000001
vn -0.040090 0.998277 -0.042853
vn -0.368984 0.889934 0.268083
vn -0.298327 0.889155 0.346993
vn -0.164897 0.979007 0.119806
vn -0.139415 0.974114 0.177947
vn -0.174084 0.966353 0.189358
vn -0.265459 0.919413 0.290193
vn -0.215007 0.966710 0.138723
vn -0.100036 0.993358 0.056852
vn -0.020822 0.999669 0.015129
vn -0.040090 0.998277 0.042855
vn -0.055104 0.983972 0.169592
vn -0.198374 0.966710 0.161616
vn -0.022672 0.997305 0.069775
vn -0.084984 0.993358 0.077571
vn -0.233885 0.966353 0.107048
vn -0.358020 0.919413 0.162792
vn -0.422198 0.889155 0.176499
vn -0.212320 0.974114 0.077604
vn -0.002567 0.999965 0.007902
vn -0.053146 0.998277 0.024884
vn 0.140940 0.889934 0.433767
vn 0.237822 0.889155 0.390952
vn 0.062985 0.979008 0.193848
vn 0.126157 0.974114 0.187581
vn 0.126295 0.966353 0.224080
vn 0.193958 0.919413 0.342141
vn 0.065492 0.966710 0.247352
vn 0.023158 0.993358 0.112708
vn 0.007953 0.999669 0.024476
vn 0.028369 0.998277 0.051370
vn 0.144265 0.983972 0.104814
vn 0.092406 0.966710 0.238608
vn 0.059355 0.997305 0.043123
vn 0.047513 0.993358 0.104795
vn 0.029535 0.966353 0.255517
vn 0.044191 0.919413 0.390803
vn 0.037395 0.889155 0.456076
vn 0.008194 0.974114 0.225909
vn 0.006721 0.999966 0.004883
vn 0.007244 0.998277 0.058234
vn 0.456090 0.889934 -0.000000
vn 0.445309 0.889155 -0.105371
vn 0.203824 0.979008 -0.000000
vn 0.217384 0.974114 -0.062016
vn 0.252138 0.966353 -0.050867
vn 0.385332 0.919413 -0.078737
vn 0.255484 0.966710 0.014148
vn 0.114349 0.993358 0.012805
vn 0.025738 0.999669 -0.000001
vn 0.057623 0.998277 -0.011106
vn 0.255484 0.966710 -0.014148
vn 0.114349 0.993358 -0.012804
vn 0.252138 0.966353 0.050869
vn 0.385332 0.919413 0.078737
vn 0.445309 0.889155 0.105370
vn 0.217384 0.974114 0.062017
vn 0.057623 0.998277 0.011106
vn -0.845009 -0.055304 0.531884
vn -0.758574 -0.041869 0.650240
vn -0.889672 -0.022685 0.456036
vn -0.803856 -0.045673 0.593068
vn -0.671553 -0.018841 0.740717
vn -0.645046 -0.020066 0.763880
vn -0.474104 -0.004514 0.880457
vn -0.484418 -0.009536 0.874785
vn -0.309009 -0.007191 0.951032
vn -0.309017 -0.001393 0.951056
vn -0.655735 -0.021598 0.754682
vn -0.475315 -0.021354 0.879556
vn -0.669303 -0.041686 0.741819
vn -0.479253 -0.054197 0.876002
vn -0.308880 -0.024124 0.950795
vn -0.308608 -0.053626 0.949676
vn -0.806941 0.006113 0.590601
vn -0.771325 -0.025001 0.635951
vn -0.154962 -0.001420 0.987919
vn -0.154677 -0.007244 0.987939
vn -0.000700 -0.001465 0.999999
vn -0.000313 -0.007352 0.999973
vn 0.153919 -0.001511 0.988082
vn 0.154222 -0.007456 0.988008
vn 0.309017 -0.001539 0.951055
vn 0.309008 -0.007508 0.951030
vn -0.000064 -0.024303 0.999705
vn 0.154360 -0.024420 0.987713
vn -0.000035 -0.053594 0.998563
vn 0.154143 -0.053607 0.986593
vn 0.308973 -0.024479 0.950756
vn 0.308537 -0.053626 0.949699
vn -0.154419 -0.024181 0.987710
vn -0.154214 -0.053606 0.986582
vn 0.456257 -0.001511 0.889847
vn 0.455968 -0.007456 0.889965
vn 0.588023 -0.007352 0.808811
vn 0.588351 -0.001465 0.808604
vn 0.706051 -0.001420 0.708160
vn 0.705832 -0.007244 0.708342
vn 0.808996 -0.007191 0.587770
vn 0.809016 -0.001393 0.587785
vn 0.587741 -0.024304 0.808684
vn 0.705557 -0.024181 0.708241
vn 0.586912 -0.053593 0.807875
vn 0.704609 -0.053606 0.707568
vn 0.808811 -0.024123 0.587574
vn 0.807831 -0.053627 0.586969
vn 0.455770 -0.024420 0.889762
vn 0.455136 -0.053607 0.888807
vn 0.891682 -0.001420 0.452661
vn 0.891788 -0.007243 0.452396
vn 0.950839 -0.001465 0.309683
vn 0.950934 -0.007352 0.309307
vn 0.987286 -0.001511 0.158948
vn 0.987309 -0.007456 0.158638
vn 0.999999 -0.001539 -0.000000
vn 0.999972 -0.007508 -0.000000
vn 0.950756 -0.024304 0.308987
vn 0.987071 -0.024420 0.158416
vn 0.949679 -0.053594 0.308607
vn 0.985939 -0.053606 0.158275
vn 0.999700 -0.024479 -0.000050
vn 0.998561 -0.053627 0.000038
vn 0.891650 -0.024181 0.452080
vn 0.890641 -0.053607 0.451537
vn 0.987286 -0.001511 -0.158949
vn 0.987309 -0.007456 -0.158639
vn 0.950934 -0.007352 -0.309307
vn 0.950839 -0.001465 -0.309683
vn 0.891681 -0.001420 -0.452661
vn 0.891788 -0.007244 -0.452396
vn 0.808996 -0.007191 -0.587770
vn 0.809016 -0.001393 -0.587785
vn 0.950726 -0.024303 -0.309078
vn 0.891606 -0.024181 -0.452166
vn 0.949701 -0.053594 -0.308539
vn 0.890673 -0.053606 -0.451473
vn 0.808752 -0.024124 -0.587654
vn 0.807875 -0.053627 -0.586909
vn 0.987055 -0.024420 -0.158512
vn 0.985950 -0.053606 -0.158204
vn 0.706051 -0.001420 -0.708160
vn 0.705832 -0.007244 -0.708342
vn 0.588351 -0.001465 -0.808604
vn 0.588023 -0.007352 -0.808811
vn 0.456257 -0.001511 -0.889847
vn 0.455969 -0.007456 -0.889965
vn 0.309017 -0.001539 -0.951055
vn 0.309008 -0.007508 -0.951030
vn 0.587664 -0.024303 -0.808740
vn 0.455684 -0.024420 -0.889807
vn 0.586969 -0.053594 -0.807834
vn 0.455200 -0.053606 -0.888774
vn 0.308877 -0.024479 -0.950787
vn 0.308608 -0.053627 -0.949676
vn 0.705489 -0.024182 -0.708308
vn 0.704660 -0.053606 -0.707518
vn 0.153919 -0.001511 -0.988082
vn 0.154221 -0.007456 -0.988008
vn -0.000313 -0.007352 -0.999973
vn -0.000701 -0.001465 -0.999999
vn -0.154963 -0.001420 -0.987919
vn -0.154677 -0.007243 -0.987939
vn -0.309009 -0.007190 -0.951032
vn -0.309017 -0.001394 -0.951056
vn -0.000160 -0.024304 -0.999705
vn -0.154515 -0.024182 -0.987695
vn 0.000035 -0.053594 -0.998563
vn -0.154143 -0.053606 -0.986593
vn -0.308975 -0.024124 -0.950764
vn -0.308537 -0.053626 -0.949700
vn 0.154263 -0.024420 -0.987728
vn 0.154214 -0.053606 -0.986582
vn -0.474104 -0.004514 -0.880457
vn -0.484418 -0.009535 -0.874785
vn -0.645046 -0.020066 -0.763880
vn -0.671553 -0.018841 -0.740717
vn -0.758574 -0.041870 -0.650240
vn -0.803856 -0.045673 -0.593068
vn -0.845009 -0.055304 -0.531884
vn -0.889672 -0.022686 -0.456036
vn -0.655736 -0.021598 -0.754682
vn -0.771324 -0.025001 -0.635951
vn -0.806941 0.006114 -0.590601
vn -0.669303 -0.041686 -0.741819
vn -0.475371 -0.021344 -0.879526
vn -0.479209 -0.054228 -0.876024
vn -0.891415 -0.069698 -0.447797
vn -0.928528 -0.057774 -0.366740
vn -0.975186 -0.048046 -0.216110
vn -0.954523 -0.045519 -0.294643
vn -0.999729 -0.023303 -0.000000
vn -0.999189 -0.040266 -0.000000
vn -0.953033 0.007049 -0.302783
vn -0.974673 -0.025683 -0.222157
vn -0.999716 -0.023848 0.000000
vn -0.999487 -0.032035 -0.000000
vn -0.975186 -0.048046 0.216110
vn -0.954523 -0.045519 0.294643
vn -0.928528 -0.057774 0.366740
vn -0.891415 -0.069698 0.447797
vn -0.974673 -0.025682 0.222157
vn -0.953033 0.007049 0.302783
vn -0.070307 -0.996217 0.051080
vn -0.071393 -0.995755 0.058098
vn -0.108134 -0.991027 0.078567
vn -0.099892 -0.990723 0.092144
vn -0.031306 -0.999251 0.022739
vn -0.036005 -0.999034 0.025184
vn -0.035786 -0.998145 0.049260
vn -0.056801 -0.995320 0.078183
vn -0.081129 -0.990429 0.111662
vn -0.056766 -0.990722 0.123478
vn -0.033186 -0.995756 0.085847
vn -0.041304 -0.991026 0.127125
vn -0.026855 -0.996217 0.082649
vn -0.012833 -0.999034 0.042031
vn -0.011958 -0.999251 0.036811
vn 0.000000 -1.000000 0.000001
vn -0.001532 -0.999988 0.004713
vn -0.004011 -0.999988 0.002919
vn -0.008633 -0.999892 0.011885
vn -0.023613 -0.995755 0.088959
vn -0.026653 -0.990723 0.133261
vn -0.014321 -0.999034 0.041551
vn 0.000000 -0.998144 0.060893
vn 0.000000 -0.995320 0.096635
vn 0.000000 -0.990430 0.138020
vn 0.026653 -0.990723 0.133258
vn 0.023613 -0.995755 0.088962
vn 0.041304 -0.991026 0.127125
vn 0.026855 -0.996217 0.082652
vn 0.014321 -0.999034 0.041540
vn 0.011958 -0.999251 0.036802
vn 0.001532 -0.999988 0.004714
vn 0.000000 -0.999892 0.014691
vn 0.033186 -0.995756 0.085847
vn 0.056766 -0.990722 0.123478
vn 0.012833 -0.999034 0.042032
vn 0.035787 -0.998145 0.049259
vn 0.056801 -0.995320 0.078183
vn 0.081129 -0.990429 0.111662
vn 0.099892 -0.990723 0.092142
vn 0.071393 -0.995755 0.058098
vn 0.108134 -0.991027 0.078564
vn 0.070307 -0.996217 0.051082
vn 0.036005 -0.999034 0.025194
vn 0.031306 -0.999251 0.022748
vn 0.004011 -0.999988 0.002911
vn 0.008633 -0.999892 0.011881
vn 0.077309 -0.995755 0.049950
vn 0.118503 -0.990723 0.066524
vn 0.035085 -0.999034 0.026454
vn 0.057904 -0.998145 0.018810
vn 0.091906 -0.995320 0.029863
vn 0.131269 -0.990429 0.042648
vn 0.134976 -0.990723 0.015829
vn 0.091903 -0.995755 0.005028
vn 0.133662 -0.991027 0.000000
vn 0.086905 -0.996217 0.000000
vn 0.043936 -0.999034 -0.000786
vn 0.038696 -0.999251 -0.000001
vn 0.004958 -0.999988 -0.000004
vn 0.013968 -0.999892 0.004540
vn 0.091903 -0.995755 -0.005028
vn 0.134976 -0.990723 -0.015829
vn 0.043936 -0.999034 0.000786
vn 0.057904 -0.998145 -0.018810
vn 0.091906 -0.995320 -0.029863
vn 0.131269 -0.990429 -0.042648
vn 0.118503 -0.990723 -0.066528
vn 0.077309 -0.995755 -0.049950
vn 0.108134 -0.991027 -0.078569
vn 0.070307 -0.996217 -0.051080
vn 0.035085 -0.999034 -0.026454
vn 0.031306 -0.999251 -0.022739
vn 0.004011 -0.999988 -0.002913
vn 0.013968 -0.999892 -0.004539
vn 0.071393 -0.995755 -0.058098
vn 0.099892 -0.990723 -0.092144
vn 0.036005 -0.999034 -0.025184
vn 0.035786 -0.998145 -0.049260
vn 0.056801 -0.995320 -0.078183
vn 0.081129 -0.990429 -0.111662
vn 0.056766 -0.990722 -0.123478
vn 0.033186 -0.995756 -0.085847
vn 0.041304 -0.991026 -0.127125
vn 0.026855 -0.996217 -0.082652
vn 0.012833 -0.999034 -0.042031
vn 0.011958 -0.999251 -0.036800
vn 0.001532 -0.999988 -0.004715
vn 0.008633 -0.999892 -0.011885
vn 0.023613 -0.995755 -0.088967
vn 0.026653 -0.990723 -0.133258
vn 0.014321 -0.999034 -0.041537
vn 0.000000 -0.998145 -0.060888
vn -0.000000 -0.995320 -0.096635
vn -0.000000 -0.990429 -0.138020
vn -0.026653 -0.990723 -0.133261
vn -0.023613 -0.995756 -0.088956
vn -0.041304 -0.991026 -0.127124
vn -0.026855 -0.996217 -0.082647
vn -0.014322 -0.999034 -0.041542
vn -0.011958 -0.999251 -0.036803
vn -0.001532 -0.999988 -0.004715
vn -0.000000 -0.999892 -0.014695
vn -0.033186 -0.995755 -0.085847
vn -0.056766 -0.990722 -0.123478
vn -0.012833 -0.999034 -0.042032
vn -0.035787 -0.998145 -0.049259
vn -0.056801 -0.995320 -0.078183
vn -0.081129 -0.990429 -0.111662
vn -0.099892 -0.990723 -0.092142
vn -0.071393 -0.995755 -0.058098
vn -0.108134 -0.991027 -0.078564
vn -0.070307 -0.996217 -0.051080
vn -0.036005 -0.999034 -0.025188
vn -0.031306 -0.999251 -0.022741
vn -0.004011 -0.999988 -0.002917
vn -0.008633 -0.999892 -0.011885
vn -0.077309 -0.995755 -0.049950
vn -0.118503 -0.990723 -0.066524
vn -0.035085 -0.999034 -0.026454
vn -0.057904 -0.998145 -0.018810
vn -0.091906 -0.995320 -0.029863
vn -0.131269 -0.990429 -0.042648
vn -0.134976 -0.990722 -0.015829
vn -0.091903 -0.995755 -0.005028
vn -0.133661 -0.991027 0.000000
vn -0.086905 -0.996217 -0.000000
vn -0.043936 -0.999034 0.000786
vn -0.038696 -0.999251 0.000001
vn -0.004958 -0.999988 0.000004
vn -0.013968 -0.999892 -0.004540
vn -0.091903 -0.995755 0.005028
vn -0.134976 -0.990722 0.015829
vn -0.043936 -0.999034 -0.000786
vn -0.057904 -0.998145 0.018810
vn -0.091906 -0.995320 0.029863
vn -0.131268 -0.990429 0.042648
vn -0.118503 -0.990723 0.066524
vn -0.077309 -0.995755 0.049950
vn -0.035085 -0.999034 0.026454
vn -0.013968 -0.999892 0.004539
vn -0.315751 -0.920693 0.229404
vn -0.348612 -0.920690 0.175496
vn -0.247763 -0.951950 0.180011
vn -0.273671 -0.951909 0.137742
vn -0.371182 -0.920694 0.120609
vn -0.291496 -0.951871 0.094715
vn -0.212774 -0.971083 0.108287
vn -0.226526 -0.971220 0.073609
vn -0.193586 -0.970950 0.140646
vn -0.161709 -0.983152 0.085224
vn -0.146742 -0.983413 0.106612
vn -0.175191 -0.982887 0.056927
vn -0.235788 -0.971082 0.037458
vn -0.180918 -0.983152 0.026100
vn -0.239284 -0.970950 -0.000005
vn -0.181383 -0.983413 -0.000000
vn -0.385188 -0.920690 0.062931
vn -0.302367 -0.951909 0.049425
vn -0.390290 -0.920692 0.000000
vn -0.306251 -0.951951 -0.000000
vn -0.576940 -0.701024 0.419172
vn -0.636756 -0.700897 0.321382
vn -0.518395 -0.767732 0.376636
vn -0.572219 -0.767633 0.288627
vn -0.678444 -0.700799 0.220439
vn -0.609610 -0.767557 0.198072
vn -0.502679 -0.826503 0.253389
vn -0.535453 -0.826451 0.173979
vn -0.455340 -0.826572 0.330824
vn -0.387817 -0.877614 0.281765
vn -0.428175 -0.877578 0.215692
vn -0.456012 -0.877553 0.148167
vn -0.555615 -0.826503 0.090471
vn -0.473185 -0.877576 0.077173
vn -0.562830 -0.826572 0.000003
vn -0.479369 -0.877614 0.000002
vn -0.704049 -0.700897 0.114273
vn -0.632585 -0.767634 0.102837
vn -0.713138 -0.701024 -0.000000
vn -0.640770 -0.767733 0.000000
vn -0.930829 0.048659 0.362200
vn -0.839468 0.039416 0.541977
vn -0.888292 0.077139 0.452755
vn -0.890543 -0.071399 0.449261
vn -0.949784 -0.035923 0.310836
vn -0.806994 -0.044318 0.588894
vn -0.786185 -0.224121 0.575919
vn -0.868575 -0.236097 0.435703
vn -0.928684 -0.216307 0.301259
vn -0.826299 -0.377497 0.418003
vn -0.880936 -0.377150 0.285849
vn -0.749106 -0.377652 0.544260
vn -0.983140 -0.042838 0.177767
vn -0.962151 -0.223613 0.155763
vn -0.997179 -0.075058 -0.000000
vn -0.970571 -0.240814 0.000000
vn -0.925947 -0.377653 0.000000
vn -0.914154 -0.377718 0.147142
vn -0.975793 0.026259 0.217114
vn -0.999999 -0.001156 0.000000
vn -0.715768 -0.466086 0.520038
vn -0.789636 -0.465927 0.399234
vn -0.841581 -0.465799 0.273445
vn -0.745832 -0.549271 0.376876
vn -0.794822 -0.549148 0.258253
vn -0.675966 -0.549429 0.491118
vn -0.629740 -0.627767 0.457533
vn -0.694929 -0.627619 0.350953
vn -0.740503 -0.627507 0.240605
vn -0.824914 -0.549271 0.133490
vn -0.768494 -0.627619 0.124543
vn -0.835540 -0.549430 0.000000
vn -0.778401 -0.627768 0.000000
vn -0.873493 -0.465925 0.141149
vn -0.884739 -0.466086 0.000000
vn -0.131022 -0.983152 0.127456
vn -0.108274 -0.982887 0.149029
vn -0.168739 -0.971082 0.168898
vn -0.139998 -0.971220 0.192696
vn -0.215570 -0.951909 0.217714
vn -0.180154 -0.951871 0.247964
vn -0.229404 -0.920694 0.315748
vn -0.274634 -0.920690 0.277318
vn -0.108487 -0.971082 0.212673
vn -0.140440 -0.951909 0.272298
vn -0.073944 -0.970950 0.227571
vn -0.094637 -0.951950 0.291263
vn -0.178879 -0.920691 0.346887
vn -0.120605 -0.920692 0.371188
vn -0.080735 -0.983152 0.163994
vn -0.056050 -0.983413 0.172501
vn -0.337452 -0.877577 0.340566
vn -0.281831 -0.877553 0.387909
vn -0.330928 -0.826451 0.455483
vn -0.396326 -0.826503 0.399773
vn -0.451327 -0.767633 0.455020
vn -0.376760 -0.767556 0.518565
vn -0.419302 -0.700799 0.577120
vn -0.502420 -0.700897 0.506278
vn -0.257737 -0.826503 0.500465
vn -0.293283 -0.767632 0.569847
vn -0.173923 -0.826573 0.535283
vn -0.198009 -0.767734 0.609407
vn -0.326243 -0.700895 0.634281
vn -0.220372 -0.701025 0.678233
vn -0.219619 -0.877578 0.426174
vn -0.148133 -0.877613 0.455907
vn -0.548521 -0.627620 0.552466
vn -0.457655 -0.627506 0.629911
vn -0.491227 -0.549148 0.676116
vn -0.588906 -0.549272 0.592866
vn -0.623706 -0.465927 0.627617
vn -0.520125 -0.465800 0.715891
vn -0.544673 -0.377151 0.749058
vn -0.653080 -0.377719 0.656366
vn -0.381869 -0.549271 0.743289
vn -0.404165 -0.465926 0.787124
vn -0.258196 -0.549430 0.794645
vn -0.273399 -0.466086 0.841437
vn -0.422795 -0.377497 0.823857
vn -0.286133 -0.377651 0.880629
vn -0.355925 -0.627619 0.692396
vn -0.240540 -0.627768 0.740302
vn -0.690066 -0.230822 0.685952
vn -0.569700 -0.258154 0.780256
vn -0.602539 -0.127147 0.787896
vn -0.727353 -0.063202 0.683347
vn -0.760731 0.009557 0.648997
vn -0.645481 -0.050649 0.762095
vn -0.454556 -0.159166 0.876382
vn -0.472366 -0.088101 0.876988
vn -0.305395 -0.160827 0.938546
vn -0.307945 -0.092638 0.946883
vn -0.439333 -0.268743 0.857184
vn -0.297915 -0.268890 0.915939
vn -0.031080 -0.983152 0.180128
vn 0.000001 -0.982887 0.184208
vn -0.037238 -0.971083 0.235822
vn 0.000002 -0.971220 0.238184
vn -0.046434 -0.951909 0.302842
vn 0.000000 -0.951871 0.306499
vn 0.000000 -0.920693 0.390288
vn -0.059180 -0.920691 0.385780
vn 0.037237 -0.971082 0.235824
vn 0.046433 -0.951909 0.302840
vn 0.073942 -0.970950 0.227572
vn 0.094637 -0.951951 0.291263
vn 0.059181 -0.920691 0.385780
vn 0.120606 -0.920692 0.371188
vn 0.031079 -0.983151 0.180132
vn 0.056050 -0.983413 0.172504
vn -0.072825 -0.877577 0.473872
vn 0.000000 -0.877552 0.479482
vn -0.000001 -0.826450 0.563010
vn -0.085653 -0.826503 0.556379
vn -0.097676 -0.767633 0.633403
vn 0.000000 -0.767556 0.640981
vn 0.000000 -0.700799 0.713359
vn -0.108883 -0.700896 0.704903
vn 0.085653 -0.826503 0.556378
vn 0.097676 -0.767634 0.633402
vn 0.173925 -0.826573 0.535283
vn 0.198009 -0.767734 0.609408
vn 0.108883 -0.700895 0.704905
vn 0.220371 -0.701023 0.678235
vn 0.072824 -0.877577 0.473872
vn 0.148133 -0.877613 0.455908
vn -0.119030 -0.627619 0.769367
vn -0.000000 -0.627505 0.778613
vn -0.000000 -0.549149 0.835724
vn -0.127955 -0.549272 0.825789
vn -0.135683 -0.465927 0.874358
vn 0.000000 -0.465801 0.884889
vn -0.000364 -0.377151 0.926152
vn -0.142549 -0.377717 0.914882
vn 0.127955 -0.549270 0.825790
vn 0.135683 -0.465927 0.874358
vn 0.258197 -0.549430 0.794646
vn 0.273399 -0.466086 0.841438
vn 0.142204 -0.377497 0.915027
vn 0.286133 -0.377652 0.880629
vn 0.119029 -0.627617 0.769369
vn 0.240539 -0.627769 0.740302
vn -0.149024 -0.268269 0.951748
vn -0.000588 -0.268493 0.963281
vn -0.152793 -0.160779 0.975092
vn -0.000400 -0.160745 0.986996
vn -0.153994 -0.092606 0.983723
vn -0.000256 -0.092585 0.995705
vn 0.151992 -0.160778 0.975217
vn 0.153481 -0.092606 0.983803
vn 0.304595 -0.160827 0.938806
vn 0.307432 -0.092638 0.947050
vn 0.148141 -0.268544 0.951808
vn 0.297357 -0.268889 0.916121
vn 0.080733 -0.983152 0.163993
vn 0.108275 -0.982887 0.149029
vn 0.108487 -0.971082 0.212672
vn 0.140002 -0.971221 0.192692
vn 0.140440 -0.951909 0.272296
vn 0.180155 -0.951871 0.247963
vn 0.229404 -0.920694 0.315747
vn 0.178879 -0.920692 0.346885
vn 0.168738 -0.971082 0.168898
vn 0.215571 -0.951909 0.217712
vn 0.193585 -0.970949 0.140650
vn 0.247764 -0.951950 0.180012
vn 0.274634 -0.920690 0.277318
vn 0.315750 -0.920693 0.229404
vn 0.131022 -0.983151 0.127462
vn 0.146741 -0.983413 0.106612
vn 0.219619 -0.877577 0.426176
vn 0.281830 -0.877553 0.387908
vn 0.330927 -0.826451 0.455484
vn 0.257736 -0.826502 0.500465
vn 0.293284 -0.767634 0.569845
vn 0.376760 -0.767557 0.518564
vn 0.419302 -0.700799 0.577120
vn 0.326244 -0.700896 0.634279
vn 0.396326 -0.826504 0.399772
vn 0.451327 -0.767633 0.455020
vn 0.455340 -0.826573 0.330822
vn 0.518394 -0.767733 0.376634
vn 0.502420 -0.700897 0.506279
vn 0.576941 -0.701024 0.419170
vn 0.337451 -0.877578 0.340565
vn 0.387818 -0.877614 0.281764
vn 0.355926 -0.627619 0.692395
vn 0.457656 -0.627505 0.629912
vn 0.491227 -0.549148 0.676116
vn 0.381869 -0.549271 0.743288
vn 0.404165 -0.465926 0.787124
vn 0.520126 -0.465800 0.715891
vn 0.544084 -0.377150 0.749487
vn 0.422430 -0.377718 0.823943
vn 0.588905 -0.549270 0.592869
vn 0.623706 -0.465926 0.627618
vn 0.675966 -0.549429 0.491118
vn 0.715768 -0.466087 0.520037
vn 0.652885 -0.377497 0.656687
vn 0.749107 -0.377653 0.544259
vn 0.548520 -0.627619 0.552467
vn 0.629740 -0.627768 0.457531
vn 0.438860 -0.268269 0.857574
vn 0.565726 -0.268494 0.779658
vn 0.449533 -0.160778 0.878676
vn 0.579818 -0.160745 0.798732
vn 0.453634 -0.092606 0.886364
vn 0.585053 -0.092585 0.805693
vn 0.696183 -0.160779 0.699628
vn 0.702433 -0.092606 0.705700
vn 0.798239 -0.160827 0.580474
vn 0.805380 -0.092639 0.585475
vn 0.679308 -0.268545 0.682953
vn 0.779049 -0.268890 0.566375
vn 0.161709 -0.983152 0.085222
vn 0.175192 -0.982887 0.056924
vn 0.212773 -0.971083 0.108287
vn 0.226526 -0.971221 0.073596
vn 0.273671 -0.951909 0.137746
vn 0.291496 -0.951871 0.094717
vn 0.371183 -0.920694 0.120606
vn 0.348612 -0.920691 0.175494
vn 0.235787 -0.971082 0.037462
vn 0.302368 -0.951909 0.049424
vn 0.239285 -0.970949 0.000003
vn 0.306253 -0.951950 -0.000000
vn 0.385187 -0.920690 0.062931
vn 0.390288 -0.920693 0.000001
vn 0.180919 -0.983151 0.026108
vn 0.181382 -0.983413 0.000000
vn 0.428176 -0.877577 0.215694
vn 0.456012 -0.877553 0.148166
vn 0.535451 -0.826452 0.173981
vn 0.502679 -0.826503 0.253391
vn 0.572218 -0.767633 0.288627
vn 0.609610 -0.767556 0.198075
vn 0.678445 -0.700799 0.220440
vn 0.636756 -0.700896 0.321381
vn 0.555615 -0.826503 0.090470
vn 0.632586 -0.767633 0.102837
vn 0.562831 -0.826572 -0.000001
vn 0.640771 -0.767732 0.000000
vn 0.704049 -0.700897 0.114274
vn 0.713139 -0.701023 -0.000000
vn 0.473183 -0.877577 0.077177
vn 0.479369 -0.877613 0.000000
vn 0.694929 -0.627619 0.350952
vn 0.740504 -0.627506 0.240604
vn 0.794821 -0.549149 0.258253
vn 0.745833 -0.549272 0.376874
vn 0.789636 -0.465926 0.399234
vn 0.841581 -0.465800 0.273446
vn 0.880711 -0.377150 0.286543
vn 0.826054 -0.377718 0.418287
vn 0.824912 -0.549272 0.133490
vn 0.873493 -0.465926 0.141148
vn 0.835540 -0.549429 -0.000001
vn 0.884740 -0.466086 -0.000000
vn 0.914186 -0.377496 0.147515
vn 0.925947 -0.377654 0.000000
vn 0.768494 -0.627619 0.124543
vn 0.778402 -0.627767 -0.000000
vn 0.859114 -0.268269 0.435837
vn 0.915953 -0.268495 0.298230
vn 0.880152 -0.160778 0.446635
vn 0.938565 -0.160745 0.305379
vn 0.887989 -0.092606 0.450444
vn 0.946892 -0.092585 0.307934
vn 0.974455 -0.160779 0.156805
vn 0.983080 -0.092605 0.158042
vn 0.986983 -0.160827 0.000420
vn 0.995700 -0.092638 0.000269
vn 0.951001 -0.268545 0.153233
vn 0.963171 -0.268891 0.000293
vn 0.180918 -0.983152 -0.026109
vn 0.175191 -0.982887 -0.056928
vn 0.235787 -0.971083 -0.037459
vn 0.226524 -0.971220 -0.073607
vn 0.302369 -0.951909 -0.049423
vn 0.291496 -0.951871 -0.094717
vn 0.371183 -0.920694 -0.120606
vn 0.385187 -0.920691 -0.062928
vn 0.212773 -0.971083 -0.108287
vn 0.273670 -0.951909 -0.137744
vn 0.193586 -0.970949 -0.140647
vn 0.247764 -0.951950 -0.180012
vn 0.348612 -0.920691 -0.175496
vn 0.315750 -0.920693 -0.229404
vn 0.161711 -0.983151 -0.085223
vn 0.146741 -0.983413 -0.106613
vn 0.473184 -0.877577 -0.077175
vn 0.456012 -0.877553 -0.148167
vn 0.535452 -0.826452 -0.173979
vn 0.555615 -0.826503 -0.090470
vn 0.632585 -0.767633 -0.102836
vn 0.609610 -0.767556 -0.198073
vn 0.678444 -0.700799 -0.220441
vn 0.704049 -0.700897 -0.114274
vn 0.502679 -0.826503 -0.253393
vn 0.572218 -0.767632 -0.288629
vn 0.455339 -0.826572 -0.330824
vn 0.518394 -0.767733 -0.376634
vn 0.636756 -0.700896 -0.321383
vn 0.576941 -0.701023 -0.419172
vn 0.428175 -0.877578 -0.215692
vn 0.387818 -0.877614 -0.281765
vn 0.768494 -0.627620 -0.124543
vn 0.740504 -0.627506 -0.240605
vn 0.794822 -0.549149 -0.258253
vn 0.824913 -0.549272 -0.133491
vn 0.873493 -0.465925 -0.141149
vn 0.841580 -0.465800 -0.273446
vn 0.880936 -0.377150 -0.285851
vn 0.914154 -0.377719 -0.147141
vn 0.745832 -0.549271 -0.376875
vn 0.789636 -0.465926 -0.399234
vn 0.675966 -0.549430 -0.491118
vn 0.715768 -0.466086 -0.520038
vn 0.826299 -0.377497 -0.418002
vn 0.749106 -0.377653 -0.544259
vn 0.694929 -0.627619 -0.350953
vn 0.629740 -0.627768 -0.457531
vn 0.951217 -0.268270 -0.152376
vn 0.916317 -0.268494 -0.297111
vn 0.974584 -0.160778 -0.156005
vn 0.938812 -0.160745 -0.304618
vn 0.983163 -0.092606 -0.157530
vn 0.947051 -0.092585 -0.307446
vn 0.880519 -0.160778 -0.445912
vn 0.888224 -0.092605 -0.449981
vn 0.798733 -0.160827 -0.579793
vn 0.805697 -0.092638 -0.585039
vn 0.859444 -0.268544 -0.435017
vn 0.779394 -0.268890 -0.565900
vn 0.131022 -0.983152 -0.127456
vn 0.108274 -0.982887 -0.149029
vn 0.168739 -0.971082 -0.168898
vn 0.139998 -0.971220 -0.192696
vn 0.215572 -0.951909 -0.217713
vn 0.180154 -0.951871 -0.247963
vn 0.229403 -0.920694 -0.315748
vn 0.274634 -0.920690 -0.277319
vn 0.108488 -0.971082 -0.212673
vn 0.140440 -0.951909 -0.272298
vn 0.073944 -0.970950 -0.227571
vn 0.094637 -0.951950 -0.291263
vn 0.178878 -0.920691 -0.346888
vn 0.120605 -0.920692 -0.371188
vn 0.080735 -0.983152 -0.163994
vn 0.056050 -0.983413 -0.172501
vn 0.337452 -0.877577 -0.340566
vn 0.281831 -0.877553 -0.387907
vn 0.330928 -0.826451 -0.455484
vn 0.396326 -0.826503 -0.399774
vn 0.451327 -0.767634 -0.455019
vn 0.376760 -0.767556 -0.518566
vn 0.419301 -0.700798 -0.577121
vn 0.502419 -0.700896 -0.506279
vn 0.257736 -0.826502 -0.500466
vn 0.293283 -0.767632 -0.569848
vn 0.173924 -0.826574 -0.535282
vn 0.198009 -0.767734 -0.609408
vn 0.326243 -0.700895 -0.634281
vn 0.220372 -0.701024 -0.678234
vn 0.219619 -0.877577 -0.426176
vn 0.148133 -0.877614 -0.455907
vn 0.548521 -0.627620 -0.552466
vn 0.457656 -0.627506 -0.629911
vn 0.491227 -0.549148 -0.676116
vn 0.588905 -0.549271 -0.592868
vn 0.623705 -0.465926 -0.627619
vn 0.520125 -0.465799 -0.715892
vn 0.544673 -0.377151 -0.749059
vn 0.653079 -0.377719 -0.656366
vn 0.381868 -0.549271 -0.743289
vn 0.404165 -0.465927 -0.787123
vn 0.258197 -0.549430 -0.794645
vn 0.273400 -0.466086 -0.841437
vn 0.422795 -0.377497 -0.823857
vn 0.286133 -0.377653 -0.880628
vn 0.355924 -0.627618 -0.692397
vn 0.240540 -0.627769 -0.740302
vn 0.679986 -0.268269 -0.682386
vn 0.566678 -0.268494 -0.778965
vn 0.696757 -0.160778 -0.699056
vn 0.580465 -0.160745 -0.798262
vn 0.702801 -0.092606 -0.705333
vn 0.585468 -0.092585 -0.805391
vn 0.450254 -0.160778 -0.878306
vn 0.454096 -0.092605 -0.886127
vn 0.305394 -0.160827 -0.938546
vn 0.307944 -0.092638 -0.946884
vn 0.439609 -0.268545 -0.857104
vn 0.297915 -0.268890 -0.915939
vn 0.031080 -0.983152 -0.180128
vn -0.000001 -0.982887 -0.184208
vn 0.037238 -0.971082 -0.235824
vn -0.000002 -0.971220 -0.238183
vn 0.046434 -0.951909 -0.302842
vn -0.000000 -0.951871 -0.306499
vn 0.000000 -0.920693 -0.390288
vn 0.059181 -0.920691 -0.385780
vn -0.037237 -0.971083 -0.235822
vn -0.046433 -0.951910 -0.302839
vn -0.073942 -0.970950 -0.227572
vn -0.094637 -0.951951 -0.291262
vn -0.059181 -0.920691 -0.385780
vn -0.120606 -0.920692 -0.371188
vn -0.031079 -0.983152 -0.180129
vn -0.056050 -0.983413 -0.172504
vn 0.072824 -0.877576 -0.473874
vn 0.000000 -0.877554 -0.479478
vn 0.000001 -0.826451 -0.563009
vn 0.085652 -0.826501 -0.556381
vn 0.097676 -0.767634 -0.633402
vn 0.000000 -0.767557 -0.640981
vn -0.000000 -0.700800 -0.713358
vn 0.108883 -0.700896 -0.704904
vn -0.085653 -0.826503 -0.556378
vn -0.097676 -0.767634 -0.633402
vn -0.173925 -0.826573 -0.535282
vn -0.198009 -0.767733 -0.609409
vn -0.108883 -0.700896 -0.704904
vn -0.220372 -0.701024 -0.678234
vn -0.072824 -0.877577 -0.473872
vn -0.148134 -0.877614 -0.455907
vn 0.119030 -0.627620 -0.769367
vn -0.000000 -0.627506 -0.778612
vn -0.000000 -0.549149 -0.835725
vn 0.127955 -0.549272 -0.825789
vn 0.135683 -0.465927 -0.874358
vn -0.000000 -0.465800 -0.884890
vn 0.000363 -0.377150 -0.926152
vn 0.142549 -0.377718 -0.914882
vn -0.127955 -0.549271 -0.825790
vn -0.135683 -0.465926 -0.874359
vn -0.258197 -0.549431 -0.794645
vn -0.273400 -0.466087 -0.841437
vn -0.142203 -0.377498 -0.915027
vn -0.286133 -0.377652 -0.880629
vn -0.119030 -0.627619 -0.769367
vn -0.240540 -0.627768 -0.740302
vn 0.149024 -0.268269 -0.951748
vn 0.000588 -0.268494 -0.963281
vn 0.152793 -0.160779 -0.975092
vn 0.000400 -0.160745 -0.986996
vn 0.153994 -0.092606 -0.983723
vn 0.000256 -0.092585 -0.995705
vn -0.151992 -0.160778 -0.975217
vn -0.153481 -0.092606 -0.983803
vn -0.304594 -0.160827 -0.938806
vn -0.307432 -0.092638 -0.947050
vn -0.148141 -0.268544 -0.951808
vn -0.297357 -0.268889 -0.916121
vn -0.080733 -0.983152 -0.163993
vn -0.108275 -0.982887 -0.149029
vn -0.108487 -0.971082 -0.212672
vn -0.140002 -0.971221 -0.192692
vn -0.140440 -0.951909 -0.272296
vn -0.180154 -0.951871 -0.247963
vn -0.229404 -0.920694 -0.315747
vn -0.178879 -0.920691 -0.346886
vn -0.168738 -0.971082 -0.168898
vn -0.215571 -0.951909 -0.217712
vn -0.193585 -0.970949 -0.140649
vn -0.247764 -0.951950 -0.180011
vn -0.274634 -0.920691 -0.277317
vn -0.315749 -0.920693 -0.229404
vn -0.131022 -0.983151 -0.127462
vn -0.146742 -0.983413 -0.106612
vn -0.219620 -0.877577 -0.426176
vn -0.281831 -0.877553 -0.387907
vn -0.330927 -0.826451 -0.455484
vn -0.257736 -0.826503 -0.500464
vn -0.293283 -0.767633 -0.569846
vn -0.376760 -0.767557 -0.518564
vn -0.419302 -0.700798 -0.577120
vn -0.326243 -0.700895 -0.634280
vn -0.396325 -0.826503 -0.399775
vn -0.451327 -0.767633 -0.455021
vn -0.455340 -0.826573 -0.330821
vn -0.518394 -0.767733 -0.376635
vn -0.502419 -0.700896 -0.506280
vn -0.576941 -0.701024 -0.419172
vn -0.337451 -0.877578 -0.340565
vn -0.387818 -0.877614 -0.281766
vn -0.355925 -0.627618 -0.692397
vn -0.457656 -0.627505 -0.629912
vn -0.491227 -0.549149 -0.676114
vn -0.381869 -0.549271 -0.743289
vn -0.404165 -0.465926 -0.787124
vn -0.520126 -0.465800 -0.715891
vn -0.544084 -0.377150 -0.749487
vn -0.422430 -0.377718 -0.823943
vn -0.588905 -0.549272 -0.592867
vn -0.623706 -0.465927 -0.627617
vn -0.675967 -0.549430 -0.491117
vn -0.715769 -0.466086 -0.520037
vn -0.652885 -0.377497 -0.656687
vn -0.749107 -0.377652 -0.544259
vn -0.548520 -0.627619 -0.552467
vn -0.629740 -0.627768 -0.457532
vn -0.438860 -0.268269 -0.857574
vn -0.569205 -0.258154 -0.780616
vn -0.454170 -0.159231 -0.876570
vn -0.602539 -0.127146 -0.787896
vn -0.472081 -0.088136 -0.877138
vn -0.645481 -0.050648 -0.762096
vn -0.727353 -0.063202 -0.683347
vn -0.760731 0.009557 -0.648997
vn -0.808219 -0.046245 -0.587064
vn -0.839468 0.039416 -0.541977
vn -0.689772 -0.231241 -0.686106
vn -0.789470 -0.220398 -0.572854
vn -0.161709 -0.983152 -0.085222
vn -0.175192 -0.982887 -0.056923
vn -0.212773 -0.971083 -0.108287
vn -0.226526 -0.971220 -0.073600
vn -0.273671 -0.951909 -0.137745
vn -0.291496 -0.951871 -0.094716
vn -0.371182 -0.920694 -0.120609
vn -0.348612 -0.920691 -0.175491
vn -0.235787 -0.971082 -0.037463
vn -0.302366 -0.951910 -0.049424
vn -0.385188 -0.920690 -0.062931
vn -0.180919 -0.983152 -0.026102
vn -0.428176 -0.877577 -0.215694
vn -0.456012 -0.877553 -0.148168
vn -0.535451 -0.826452 -0.173980
vn -0.502679 -0.826503 -0.253391
vn -0.572218 -0.767633 -0.288628
vn -0.609610 -0.767556 -0.198073
vn -0.678444 -0.700799 -0.220441
vn -0.636755 -0.700897 -0.321382
vn -0.555616 -0.826503 -0.090469
vn -0.632586 -0.767633 -0.102836
vn -0.704050 -0.700896 -0.114273
vn -0.473184 -0.877577 -0.077174
vn -0.694930 -0.627619 -0.350952
vn -0.740503 -0.627506 -0.240606
vn -0.794822 -0.549148 -0.258253
vn -0.745832 -0.549272 -0.376875
vn -0.789636 -0.465926 -0.399234
vn -0.841580 -0.465800 -0.273446
vn -0.880711 -0.377149 -0.286542
vn -0.826054 -0.377718 -0.418288
vn -0.824913 -0.549271 -0.133491
vn -0.873493 -0.465926 -0.141149
vn -0.914186 -0.377497 -0.147515
vn -0.768495 -0.627619 -0.124543
vn -0.867793 -0.232493 -0.439184
vn -0.928504 -0.216307 -0.301813
vn -0.949784 -0.035924 -0.310836
vn -0.889975 -0.072326 -0.450236
vn -0.888291 0.077140 -0.452756
vn -0.930829 0.048659 -0.362201
vn -0.983140 -0.042838 -0.177767
vn -0.975793 0.026260 -0.217114
vn -0.962004 -0.224059 -0.156035
vn 0.892353 0.025217 -0.450633
vn 0.944180 -0.065990 -0.322753
vn 0.931193 -0.109032 -0.347838
vn 0.947722 -0.132207 -0.290421
vn 0.945858 -0.319113 -0.059333
vn 0.974341 -0.211137 -0.077983
vn 0.939547 -0.315688 -0.132634
vn 0.555709 -0.638105 0.532925
vn 0.554802 -0.697023 0.454262
vn 0.609707 -0.501042 0.614178
vn 0.225397 -0.527077 0.819382
vn 0.191023 -0.651286 0.734395
vn 0.158349 -0.740198 0.653477
vn 0.952143 -0.015936 -0.305237
vn 0.964515 -0.061593 -0.256743
vn 0.985802 -0.166950 0.017953
vn 0.996050 -0.082044 -0.033946
vn 0.611261 -0.364073 0.702717
vn 0.650267 -0.227698 0.724780
vn 0.261502 -0.242437 0.934260
vn 0.249958 -0.378690 0.891131
vn 0.953466 0.027518 -0.300242
vn 0.970241 -0.000840 -0.242140
vn 0.998251 -0.034383 0.048086
vn 0.999307 0.030217 -0.021716
vn 0.630254 -0.105351 0.769208
vn 0.657004 0.022412 0.753554
vn 0.266667 -0.116166 0.956762
vn 0.267443 0.011982 0.963499
vn 0.949530 0.070827 -0.305575
vn 0.968491 0.057120 -0.242411
vn 0.994467 0.094041 0.046818
vn 0.989258 0.141655 -0.036084
vn 0.626137 0.148965 0.765351
vn 0.641844 0.271094 0.717317
vn 0.263809 0.140057 0.954353
vn 0.255796 0.266098 0.929387
vn 0.938425 0.120690 -0.323716
vn 0.959067 0.117466 -0.257666
vn 0.974261 0.224978 0.014154
vn 0.959572 0.269033 -0.082728
vn 0.598697 0.405163 0.690945
vn 0.591224 0.541633 0.597568
vn 0.241001 0.402435 0.883156
vn 0.212000 0.552050 0.806410
vn 0.922584 0.163453 -0.349461
vn 0.937565 0.187989 -0.292630
vn 0.924665 0.374945 -0.066416
vn 0.917733 0.371743 -0.139903
vn 0.531437 0.676131 0.510315
vn 0.525252 0.734340 0.429947
vn 0.172397 0.676923 0.715580
vn 0.134865 0.764233 0.630682
vn 0.892353 0.025216 0.450633
vn 0.939009 0.122107 0.321484
vn 0.922915 0.165565 0.347586
vn 0.939153 0.198094 0.280626
vn 0.911256 0.411600 0.014070
vn 0.954267 0.297223 0.032141
vn 0.906533 0.411137 0.095725
vn 0.493330 0.684777 -0.536382
vn 0.482794 0.745492 -0.459513
vn 0.549952 0.548950 -0.629450
vn 0.210985 0.554953 -0.804681
vn 0.170890 0.680276 -0.712756
vn 0.133408 0.767029 -0.627590
vn 0.950242 0.071542 0.303186
vn 0.961986 0.123491 0.243583
vn 0.966209 0.246508 -0.075322
vn 0.987615 0.155534 -0.020629
vn 0.560201 0.408900 -0.720400
vn 0.600101 0.273304 -0.751787
vn 0.255771 0.266406 -0.929306
vn 0.240715 0.403648 -0.882681
vn 0.954239 0.027558 0.297771
vn 0.972015 0.059211 0.227333
vn 0.988526 0.101203 -0.112135
vn 0.998845 0.030509 -0.037120
vn 0.587019 0.149273 -0.795693
vn 0.614881 0.021315 -0.788332
vn 0.267440 0.012073 -0.963499
vn 0.263797 0.140262 -0.954326
vn 0.952898 -0.016566 0.302837
vn 0.973885 -0.002653 0.227024
vn 0.992646 -0.041612 -0.113679
vn 0.995156 -0.095497 -0.023337
vn 0.590966 -0.107660 -0.799480
vn 0.608165 -0.231996 -0.759153
vn 0.266667 -0.116192 -0.956759
vn 0.261491 -0.242575 -0.934227
vn 0.944856 -0.067335 0.320490
vn 0.967793 -0.067386 0.242559
vn 0.978754 -0.188816 -0.079936
vn 0.970572 -0.239376 0.026259
vn 0.572294 -0.369558 -0.732056
vn 0.567796 -0.510008 -0.646142
vn 0.249730 -0.379690 -0.890770
vn 0.224560 -0.529680 -0.817931
vn 0.931661 -0.111106 0.345923
vn 0.949943 -0.142128 0.278223
vn 0.934248 -0.356580 0.005562
vn 0.930565 -0.355668 0.086884
vn 0.516988 -0.648014 -0.559287
vn 0.511714 -0.709583 -0.484398
vn 0.189775 -0.654353 -0.731989
vn 0.157174 -0.742750 -0.650860
vn 0.836777 0.183611 0.515840
vn 0.825636 0.159884 0.541075
vn 0.800441 0.231682 0.552827
vn 0.631376 0.435374 0.641727
vn 0.681421 0.434027 0.589310
vn 0.658550 0.370355 0.655095
vn 0.193177 0.722859 0.663444
vn 0.209821 0.663761 0.717911
vn 0.219705 0.786439 0.577273
vn -0.077389 0.863556 0.498279
vn -0.079541 0.810520 0.580285
vn -0.074999 0.741400 0.666859
vn 0.852043 0.197667 0.484718
vn 0.816086 0.255619 0.518326
vn 0.658592 0.498118 0.564035
vn 0.718136 0.482517 0.501455
vn 0.214353 0.830627 0.513917
vn 0.258373 0.883327 0.391123
vn -0.046634 0.957432 0.284867
vn -0.065679 0.912537 0.403687
vn 0.872275 0.204623 0.444146
vn 0.842283 0.273250 0.464644
vn 0.706286 0.548287 0.447818
vn 0.767347 0.510606 0.387891
vn 0.261718 0.918277 0.297106
vn 0.311427 0.937522 0.155135
vn -0.003157 0.999801 0.019707
vn -0.025193 0.987734 0.154102
vn 0.892892 0.199961 0.403434
vn 0.871504 0.275817 0.405469
vn 0.761002 0.565691 0.317601
vn 0.819607 0.506107 0.268514
vn 0.314754 0.947692 0.053001
vn 0.366375 0.925758 -0.093494
vn 0.040793 0.967813 -0.248344
vn 0.019005 0.993131 -0.115456
vn 0.908867 0.187925 0.372350
vn 0.898886 0.262765 0.350654
vn 0.815529 0.546846 0.189397
vn 0.864421 0.473478 0.169099
vn 0.365209 0.910941 -0.191856
vn 0.415059 0.857180 -0.304907
vn 0.079817 0.880448 -0.467377
vn 0.061058 0.926825 -0.370495
vn 0.917308 0.241721 0.316412
vn 0.859853 0.500508 0.100718
vn 0.414052 0.830770 -0.371998
vn 0.102731 0.830532 -0.547415
vn 0.820525 -0.070676 0.567224
vn 0.833458 -0.112666 0.540975
vn 0.795625 -0.141938 0.588927
vn 0.627753 -0.307307 0.715185
vn 0.652824 -0.224978 0.723330
vn 0.676406 -0.333471 0.656713
vn 0.231790 -0.655272 0.718952
vn 0.212844 -0.554423 0.804557
vn 0.226240 -0.453747 0.861933
vn -0.051882 -0.652423 0.756077
vn -0.048161 -0.525209 0.849609
vn -0.055981 -0.744885 0.664840
vn 0.810674 -0.021565 0.585101
vn 0.778323 -0.071311 0.623801
vn 0.604352 -0.164953 0.779455
vn 0.636642 -0.097747 0.764940
vn 0.207088 -0.308977 0.928250
vn 0.217636 -0.212159 0.952693
vn -0.049091 -0.376239 0.925221
vn -0.052253 -0.243982 0.968371
vn 0.806830 0.021951 0.590376
vn 0.769372 -0.009386 0.638733
vn 0.595610 -0.045603 0.801978
vn 0.633400 0.016118 0.773657
vn 0.184149 -0.103107 0.977475
vn 0.195246 0.001651 0.980753
vn -0.054625 -0.125269 0.990618
vn -0.056190 -0.005620 0.998404
vn 0.808094 0.065703 0.585378
vn 0.767648 0.050286 0.638896
vn 0.592725 0.074138 0.801986
vn 0.631088 0.129542 0.764818
vn 0.181304 0.105665 0.977734
vn 0.211807 0.215724 0.953206
vn -0.056887 0.232084 0.971031
vn -0.056948 0.113855 0.991864
vn 0.815142 0.116069 0.567514
vn 0.773050 0.112913 0.624215
vn 0.595606 0.193617 0.779593
vn 0.640967 0.258419 0.722759
vn 0.198301 0.312030 0.929147
vn 0.213166 0.458691 0.862649
vn -0.058794 0.516632 0.854187
vn -0.056340 0.364630 0.929446
vn 0.786461 0.186502 0.588809
vn 0.611834 0.340194 0.714092
vn 0.196187 0.561538 0.803857
vn -0.066530 0.647516 0.759142
vn 0.908856 0.185411 -0.373635
vn 0.917132 0.229034 -0.326210
vn 0.878298 0.455822 -0.144286
vn 0.880311 0.428001 -0.204614
vn 0.451403 0.821488 0.348416
vn 0.456483 0.845256 0.277788
vn 0.103829 0.828606 0.550119
vn 0.080426 0.879399 0.469243
vn 0.893174 0.197320 -0.404111
vn 0.900034 0.248586 -0.357972
vn 0.837873 0.498134 -0.223229
vn 0.839320 0.458423 -0.292215
vn 0.401196 0.900162 0.169559
vn 0.406047 0.911179 0.069849
vn 0.061344 0.926253 0.371876
vn 0.041020 0.967439 0.249758
vn 0.872864 0.201974 -0.444202
vn 0.874251 0.260973 -0.409363
vn 0.786930 0.516110 -0.338190
vn 0.790857 0.464037 -0.399019
vn 0.349238 0.934312 -0.071373
vn 0.349390 0.920816 -0.173274
vn 0.019243 0.992955 0.116918
vn -0.002916 0.999830 -0.018235
vn 0.852911 0.195219 -0.484182
vn 0.846662 0.258750 -0.464987
vn 0.735631 0.501255 -0.455621
vn 0.744966 0.440069 -0.501363
vn 0.294915 0.903678 -0.310470
vn 0.294915 0.866295 -0.403184
vn -0.024964 0.987958 -0.152697
vn -0.046422 0.957830 -0.283561
vn 0.837887 0.181433 -0.514808
vn 0.821918 0.242375 -0.515466
vn 0.690808 0.456493 -0.560713
vn 0.710631 0.397359 -0.580612
vn 0.246529 0.816331 -0.522329
vn 0.255033 0.770121 -0.584699
vn -0.065625 0.912886 -0.402905
vn -0.077765 0.863289 -0.498683
vn 0.826933 0.158134 -0.539606
vn 0.807230 0.220228 -0.547612
vn 0.665034 0.400084 -0.630604
vn 0.688699 0.340299 -0.640227
vn 0.224101 0.708751 -0.668918
vn 0.243294 0.648356 -0.721417
vn -0.080335 0.809425 -0.581702
vn -0.075985 0.739623 -0.668718
vn 0.816495 0.114975 -0.565789
vn 0.793867 0.177729 -0.581539
vn 0.645513 0.313452 -0.696463
vn 0.670846 0.238516 -0.702194
vn 0.225532 0.548913 -0.804879
vn 0.244610 0.447600 -0.860128
vn -0.067445 0.645489 -0.760786
vn -0.059328 0.515438 -0.854871
vn 0.809447 0.065213 -0.583561
vn 0.780950 0.107997 -0.615186
vn 0.631886 0.184925 -0.752677
vn 0.664097 0.112692 -0.739104
vn 0.211806 0.317969 -0.924139
vn 0.225716 0.204000 -0.952594
vn -0.056474 0.364636 -0.929436
vn -0.056886 0.232436 -0.970947
vn 0.808191 0.021989 -0.588509
vn 0.775775 0.048885 -0.629113
vn 0.625608 0.070234 -0.776969
vn 0.662321 0.017049 -0.749026
vn 0.209160 0.104286 -0.972305
vn 0.225083 0.002548 -0.974336
vn -0.056949 0.113991 -0.991848
vn -0.056191 -0.005706 -0.998404
vn 0.812000 -0.020997 -0.583280
vn 0.777407 -0.007359 -0.628955
vn 0.628343 -0.039349 -0.776941
vn 0.665918 -0.087076 -0.740925
vn 0.212066 -0.100060 -0.972120
vn 0.248452 -0.206116 -0.946461
vn -0.052241 -0.244504 -0.968240
vn -0.054621 -0.125575 -0.990579
vn 0.821826 -0.069501 -0.565484
vn 0.785944 -0.065783 -0.614788
vn 0.637290 -0.148148 -0.756250
vn 0.682056 -0.203006 -0.702558
vn 0.235438 -0.300905 -0.924135
vn 0.257955 -0.440934 -0.859672
vn -0.048658 -0.524407 -0.850076
vn -0.049210 -0.376483 -0.925116
vn 0.834665 -0.110833 -0.539491
vn 0.802565 -0.132680 -0.581623
vn 0.660488 -0.278247 -0.697377
vn 0.705399 -0.301388 -0.641543
vn 0.242358 -0.540434 -0.805726
vn 0.265534 -0.638265 -0.722571
vn -0.056821 -0.743610 -0.666195
vn -0.052707 -0.650897 -0.757334
vn 0.847322 -0.133277 -0.514084
vn 0.818511 -0.173497 -0.547667
vn 0.685191 -0.362813 -0.631569
vn 0.731845 -0.357898 -0.579924
vn 0.249758 -0.699882 -0.669169
vn 0.286212 -0.762177 -0.580662
vn -0.049412 -0.870246 -0.490133
vn -0.056536 -0.814030 -0.578065
vn 0.863493 -0.146123 -0.482729
vn 0.835360 -0.195368 -0.513813
vn 0.715988 -0.419636 -0.557913
vn 0.769996 -0.398983 -0.497914
vn 0.280750 -0.810849 -0.513520
vn 0.332516 -0.858354 -0.390720
vn -0.012367 -0.964299 -0.264526
vn -0.033649 -0.921223 -0.387577
vn 0.883718 -0.151317 -0.442884
vn 0.861106 -0.209913 -0.463069
vn 0.763790 -0.461228 -0.451546
vn 0.817267 -0.419388 -0.395206
vn 0.333382 -0.894855 -0.296800
vn 0.389323 -0.907494 -0.157744
vn 0.032484 -0.999470 0.002374
vn 0.010112 -0.991123 -0.132559
vn 0.903591 -0.145176 -0.403048
vn 0.888625 -0.210021 -0.407721
vn 0.815913 -0.472115 -0.333756
vn 0.865351 -0.409951 -0.288286
vn 0.388779 -0.919682 -0.055106
vn 0.445332 -0.891136 0.086930
vn 0.074924 -0.960158 0.269225
vn 0.054246 -0.989044 0.137293
vn 0.918720 -0.131950 -0.372213
vn 0.913623 -0.195653 -0.356389
vn 0.865998 -0.450052 -0.217946
vn 0.905249 -0.375723 -0.198386
vn 0.438987 -0.878522 0.188388
vn 0.492772 -0.816746 0.300170
vn 0.111000 -0.863577 0.491847
vn 0.093772 -0.915295 0.391717
vn 0.930026 -0.174212 -0.323576
vn 0.904919 -0.403207 -0.136181
vn 0.484866 -0.790679 0.373808
vn 0.131441 -0.807972 0.574373
vn 0.918889 -0.134447 0.370900
vn 0.931013 -0.186800 0.313562
vn 0.888781 -0.449194 0.091070
vn 0.891900 -0.422401 0.161527
vn 0.446946 -0.801160 -0.397973
vn 0.450808 -0.830198 -0.327937
vn 0.130581 -0.809732 -0.572087
vn 0.110530 -0.864556 -0.490230
vn 0.903474 -0.147813 0.402351
vn 0.913348 -0.209869 0.348927
vn 0.846128 -0.500563 0.183040
vn 0.848219 -0.459302 0.263756
vn 0.402516 -0.890714 -0.211210
vn 0.405204 -0.907430 -0.111270
vn 0.093534 -0.915868 -0.390433
vn 0.074721 -0.960553 -0.267871
vn 0.883292 -0.153987 0.442813
vn 0.886785 -0.225034 0.403698
vn 0.792457 -0.523883 0.312345
vn 0.796207 -0.467980 0.383470
vn 0.353928 -0.934577 0.036070
vn 0.351021 -0.926026 0.138782
vn 0.054016 -0.989256 -0.135851
vn 0.032242 -0.999480 -0.000889
vn 0.862779 -0.148616 0.483245
vn 0.857610 -0.224710 0.462612
vn 0.736739 -0.510728 0.443140
vn 0.745335 -0.443671 0.497626
vn 0.299933 -0.911100 0.282731
vn 0.295747 -0.877370 0.377831
vn 0.009872 -0.990934 0.133987
vn -0.012603 -0.963924 0.265878
vn 0.846344 -0.135529 0.515105
vn 0.830324 -0.209011 0.516601
vn 0.685733 -0.463852 0.560903
vn 0.704321 -0.396745 0.588664
vn 0.248424 -0.826864 0.504560
vn 0.250686 -0.780363 0.572879
vn -0.033779 -0.920808 0.388552
vn -0.049180 -0.870253 0.490144
vn 0.812354 -0.185365 0.552920
vn 0.652988 -0.400443 0.642847
vn 0.218676 -0.715397 0.663617
vn -0.055912 -0.814708 0.577169
vn 0.161471 0.569237 0.806161
vn 0.685021 0.543592 0.485030
vn 0.691058 0.688612 0.219665
vn 0.424392 0.263532 0.866280
vn 0.316054 0.457529 0.831130
vn 0.473359 0.018464 0.880676
vn 0.532075 0.195191 0.823891
vn 0.544006 -0.154109 0.824808
vn 0.434223 -0.227622 0.871572
vn 0.344208 -0.430366 0.834450
vn 0.200562 -0.546886 0.812829
vn 0.788435 -0.444258 0.425447
vn 0.813904 -0.567000 0.126775
vn 0.630986 -0.775178 0.030930
vn 0.141088 -0.864904 0.481700
vn 0.179998 -0.907922 0.378521
vn 0.209055 -0.958417 0.194248
vn 0.252700 -0.964971 0.070532
vn 0.174059 -0.979892 -0.097550
vn 0.194858 -0.951467 -0.238205
vn 0.112904 -0.940753 -0.319743
vn 0.064922 -0.883076 -0.464716
vn -0.003390 -0.857431 -0.514588
vn 0.375254 -0.739239 -0.559205
vn 0.444665 -0.536811 -0.717013
vn 0.250557 -0.417142 -0.873621
vn -0.204086 -0.565972 -0.798764
vn -0.067250 -0.405570 -0.911587
vn 0.030327 -0.231323 -0.972404
vn 0.087792 -0.140330 -0.986205
vn 0.058289 0.012112 -0.998226
vn 0.054589 0.212083 -0.975726
vn 0.103186 0.116331 -0.987836
vn -0.084635 0.532972 -0.841889
vn 0.018659 0.387621 -0.921630
vn 0.200382 0.670905 -0.713956
vn 0.071104 0.556205 -0.827998
vn -0.170649 0.866204 -0.469648
vn 0.013685 0.865402 -0.500891
vn 0.893506 0.091728 -0.439584
vn -0.372528 0.863604 -0.339723
vn -0.054284 0.956210 -0.287604
vn -0.117173 0.911343 -0.394620
vn -0.723302 0.690387 0.014171
vn -0.059494 0.965707 -0.252727
vn 0.015999 0.999008 -0.041549
vn 0.002799 0.983851 -0.178971
vn 0.268550 0.907325 -0.323484
vn 0.321608 0.925394 -0.200534
vn 0.034083 0.966749 0.253447
vn 0.051811 0.992092 0.114318
vn 0.323676 0.946066 -0.013935
vn 0.026100 0.973262 0.228208
vn -0.021234 0.856074 0.516417
vn 0.010808 0.915662 0.401805
vn -0.579907 0.587380 0.564529
vn -0.189243 0.811267 0.553203
vn 0.316402 0.921431 0.225510
vn 0.856552 -0.026744 -0.515368
vn 0.392371 0.901756 -0.181335
vn -0.042541 0.851123 -0.523239
vn 0.768887 0.628445 -0.117768
vn 0.854451 -0.054098 0.516707
vn -0.270095 0.773920 -0.572798
vn -0.002923 0.913192 -0.407518
vn 0.032239 0.967072 -0.252454
vn -0.673240 0.480756 -0.561803
vn 0.017439 0.973174 -0.229409
vn 0.058609 0.992042 -0.111434
vn 0.016099 0.998903 0.043985
vn 0.408615 0.910058 0.069485
vn 0.418493 0.872983 0.250528
vn 0.009603 0.982501 0.186009
vn -0.056016 0.956076 0.287717
vn 0.359154 0.865376 0.349476
vn -0.067703 0.967034 0.245482
vn -0.131990 0.911602 0.389307
vn -0.191744 0.866863 0.460200
vn -0.812423 0.570160 -0.122011
vn -0.459224 0.842732 0.280922
vn 0.017560 0.860399 0.509318
vn 0.227118 0.661421 0.714801
vn 0.898841 0.055787 0.434710
vn 0.937541 0.036932 0.345910
vn 0.063141 0.563697 0.823565
vn -0.110839 0.537275 0.836092
vn 0.962397 0.005263 0.271595
vn -0.138272 0.485196 0.863404
vn 0.016004 0.386595 0.922111
vn 0.057341 0.210267 0.975961
vn 0.907632 -0.404066 -0.113728
vn 0.491362 0.124558 0.862003
vn 0.127631 0.115796 0.985039
vn 0.061605 0.012763 0.998019
vn 0.962648 -0.001982 0.270751
vn 0.870375 0.019300 0.492011
vn 0.031210 -0.230147 0.972655
vn 0.101998 -0.138028 0.985162
vn 0.970923 0.097986 0.218420
vn 0.379966 -0.133829 0.915268
vn -0.262395 -0.571200 0.777740
vn -0.093724 -0.407049 0.908585
vn -0.635136 0.311579 -0.706768
vn -0.646594 -0.505323 0.571459
vn 0.515748 -0.487217 0.704715
vn 0.315478 -0.400674 0.860194
vn 0.971624 0.071215 0.225557
vn 0.007089 -0.855014 0.518557
vn 0.462059 -0.677241 0.572579
vn 0.134954 -0.934687 0.328857
vn 0.083767 -0.877025 0.473086
vn 0.193186 -0.975019 0.109627
vn 0.236696 -0.935641 0.261823
vn 0.232563 -0.956034 -0.178645
vn 0.295086 -0.954306 -0.047168
vn 0.147834 -0.866268 -0.477205
vn 0.197562 -0.907981 -0.369514
vn 0.873804 -0.486084 -0.013714
vn 0.728722 -0.681819 0.063932
vn 0.189379 -0.546672 -0.815650
vn 0.885184 -0.397870 -0.241141
vn 0.468153 -0.223362 -0.854952
vn 0.368027 -0.428859 -0.825007
vn 0.611166 -0.150032 -0.777153
vn 0.507656 0.019030 -0.861350
vn 0.597137 0.195042 -0.778065
vn 0.459081 0.261441 -0.849054
vn 0.334155 0.457001 -0.824312
vn 0.142647 0.566927 -0.811324
vn 0.790682 0.516274 -0.329065
vn 0.988000 -0.029899 0.151534
vn 0.986840 -0.004549 0.161637
vn 0.994379 -0.001312 0.105874
vn 0.992399 0.001763 0.123049
vn 0.999987 0.005136 -0.000178
vn 0.999884 0.015227 -0.000175
vn 0.986834 -0.003548 -0.161698
vn 0.974224 -0.007243 -0.225468
vn 0.987829 -0.025382 -0.153458
vn 0.972237 -0.038193 -0.230862
vn 0.638296 0.003013 0.769785
vn 0.725014 0.008871 0.688677
vn 0.640450 0.007076 0.767967
vn 0.725812 0.002525 0.687889
vn 0.795014 0.021915 0.606195
vn 0.798253 -0.010411 0.602233
vn 0.248686 0.000007 0.968584
vn 0.388418 0.000008 0.921483
vn 0.248630 0.004786 0.968587
vn 0.388504 0.004790 0.921435
vn 0.457433 0.000008 0.889244
vn 0.457427 0.004780 0.889234
vn 0.131066 0.000006 0.991374
vn 0.130947 0.004785 0.991378
vn 0.000257 0.000007 1.000000
vn 0.000076 0.004809 0.999988
vn -0.154352 0.000006 0.988016
vn -0.154468 0.004832 0.987986
vn -0.309016 0.000006 0.951057
vn -0.309001 0.004844 0.951049
vn -0.587994 0.000006 0.808865
vn -0.455868 0.000007 0.890047
vn -0.587820 0.004808 0.808977
vn -0.455736 0.004832 0.890102
vn -0.809017 0.000006 0.587785
vn -0.705892 0.000006 0.708320
vn -0.809001 0.004774 0.587788
vn -0.705760 0.004785 0.708435
vn -0.891784 0.000006 0.452461
vn -0.891843 0.004785 0.452320
vn -0.950977 0.000007 0.309261
vn -0.951022 0.004809 0.309086
vn -0.987356 0.000006 0.158517
vn -0.987364 0.004832 0.158398
vn -1.000000 0.000006 0.000000
vn -0.999988 0.004844 0.000012
vn -0.950977 0.000008 -0.309261
vn -0.987356 0.000007 -0.158516
vn -0.951029 0.004808 -0.309063
vn -0.987368 0.004833 -0.158373
vn -0.809018 0.000007 -0.587785
vn -0.891784 0.000006 -0.452461
vn -0.809016 0.004775 -0.587768
vn -0.891854 0.004785 -0.452299
vn -0.705892 0.000006 -0.708320
vn -0.705776 0.004785 -0.708419
vn -0.587994 0.000006 -0.808866
vn -0.587839 0.004808 -0.808963
vn -0.455868 0.000007 -0.890047
vn -0.455757 0.004832 -0.890091
vn -0.309017 0.000006 -0.951057
vn -0.309026 0.004844 -0.951041
vn 0.000257 0.000006 -1.000000
vn -0.154352 0.000006 -0.988016
vn 0.000052 0.004809 -0.999988
vn -0.154492 0.004832 -0.987982
vn 0.248799 0.000007 -0.968555
vn 0.131100 0.000006 -0.991369
vn 0.248733 0.004787 -0.968560
vn 0.130964 0.004784 -0.991376
vn 0.519929 0.000420 -0.854210
vn 0.521440 0.005143 -0.853273
vn 0.638373 0.003012 -0.769721
vn 0.640529 0.007074 -0.767901
vn 0.457433 0.000009 -0.889244
vn 0.457427 0.004781 -0.889234
vn 0.727396 0.007539 -0.686176
vn 0.726229 0.002096 -0.687450
vn 0.802784 0.009841 -0.596188
vn 0.800357 -0.011628 -0.599410
vn 0.874197 -0.004487 -0.485551
vn 0.864401 0.025860 -0.502138
vn 0.943636 0.007696 -0.330895
vn 0.902017 0.077479 -0.424690
vn 0.803013 0.004476 -0.595945
vn 0.800612 0.011375 -0.599075
vn 0.869164 0.018446 -0.494180
vn 0.918198 0.069344 -0.390005
vn 0.786427 0.001057 0.617683
vn 0.853932 -0.014680 0.520177
vn 0.783547 0.024292 0.620858
vn 0.834226 0.071356 0.546786
vn 0.926688 0.009418 0.375713
vn 0.867686 0.189934 0.459397
vn 0.857715 0.052712 0.511416
vn 0.907820 0.121576 0.401350
vn 0.721934 0.006889 -0.691928
vn 0.806041 0.000233 -0.591860
vn 0.628852 0.002925 -0.777519
vn 0.631945 0.002965 -0.775008
vn 0.723196 0.007076 -0.690607
vn 0.876796 -0.017745 -0.480534
vn 0.928040 -0.030860 -0.371200
vn 0.992881 -0.010840 -0.118613
vn 0.974067 -0.021212 -0.225262
vn 0.987519 0.157491 -0.001594
vn 0.991387 0.060591 -0.116102
vn 0.986807 0.161859 -0.003672
vn 0.993357 -0.016408 0.113900
vn 0.980531 0.196361 0.000843
vn 0.997599 0.022493 0.065504
vn 0.998989 0.044959 0.000315
vn 0.978023 0.208457 0.004044
vn 0.796634 -0.012598 0.604331
vn 0.866824 -0.044214 0.496650
vn 0.923649 -0.062608 0.378090
vn 0.628776 0.002926 0.777581
vn 0.718798 0.005570 0.695197
vn 0.717535 0.006316 0.696494
vn 0.631868 0.002965 0.775071
vn 0.248692 0.000007 0.968583
vn 0.388358 0.000008 0.921509
vn 0.457428 0.000009 0.889247
vn 0.388391 0.000008 0.921495
vn 0.457430 0.000008 0.889246
vn 0.248681 0.000006 0.968585
vn 0.131197 0.000006 0.991356
vn 0.000488 0.000007 1.000000
vn 0.131173 0.000006 0.991359
vn 0.000455 0.000006 1.000000
vn -0.154134 0.000007 0.988050
vn -0.309017 0.000007 0.951056
vn -0.154156 0.000006 0.988046
vn -0.309017 0.000007 0.951056
vn -0.588179 0.000007 0.808730
vn -0.456064 0.000007 0.889947
vn -0.456044 0.000007 0.889957
vn -0.588153 0.000006 0.808750
vn -0.809016 0.000006 0.587786
vn -0.705981 0.000007 0.708231
vn -0.705963 0.000007 0.708249
vn -0.809017 0.000007 0.587785
vn -0.891727 0.000006 0.452573
vn -0.950906 0.000007 0.309481
vn -0.891740 0.000007 0.452548
vn -0.950916 0.000007 0.309450
vn -0.987321 0.000007 0.158734
vn -1.000000 0.000007 0.000000
vn -0.987325 0.000006 0.158712
vn -1.000000 0.000007 0.000000
vn -0.950906 0.000006 -0.309481
vn -0.987321 0.000007 -0.158734
vn -0.987325 0.000006 -0.158712
vn -0.950916 0.000006 -0.309449
vn -0.809017 0.000007 -0.587785
vn -0.891727 0.000006 -0.452573
vn -0.891740 0.000005 -0.452548
vn -0.809017 0.000006 -0.587785
vn -0.705981 0.000007 -0.708231
vn -0.588180 0.000007 -0.808730
vn -0.705962 0.000006 -0.708249
vn -0.588154 0.000006 -0.808749
vn -0.456065 0.000007 -0.889947
vn -0.309017 0.000007 -0.951057
vn -0.456044 0.000006 -0.889957
vn -0.309017 0.000007 -0.951057
vn 0.000488 0.000007 -1.000000
vn -0.154134 0.000007 -0.988050
vn -0.154157 0.000007 -0.988046
vn 0.000455 0.000006 -1.000000
vn 0.248806 0.000007 -0.968553
vn 0.131231 0.000006 -0.991352
vn 0.131207 0.000006 -0.991355
vn 0.248795 0.000007 -0.968556
vn 0.515471 0.000372 -0.856907
vn 0.457428 0.000009 -0.889247
vn 0.457430 0.000008 -0.889246
vn 0.516927 0.000409 -0.856030
vn 0.976348 0.130444 0.172418
vn 0.982994 0.087747 0.161315
vn 0.987097 0.106267 0.119781
vn 0.994694 0.048482 0.090736
vn 0.907020 -0.398879 0.134943
vn 0.912053 -0.404812 0.065466
vn 0.999785 0.020727 0.000256
vn 0.912334 -0.409443 0.001436
vn 0.996332 0.085549 0.001776
vn 0.973754 0.119768 -0.193543
vn 0.977780 0.082108 -0.192885
vn 0.958170 0.121202 -0.259269
vn 0.956299 0.118401 -0.267345
vn 0.884905 -0.430410 -0.178017
vn 0.979110 -0.131085 -0.155439
vn 0.724894 0.007569 -0.688819
vn 0.635092 0.002958 -0.772431
vn 0.518395 0.000414 -0.855142
vn 0.457431 0.000008 -0.889245
vn 0.248810 0.000006 -0.968552
vn 0.131189 0.000006 -0.991357
vn 0.000420 0.000006 -1.000000
vn -0.154201 0.000006 -0.988039
vn -0.309017 0.000006 -0.951057
vn -0.456005 0.000006 -0.889977
vn -0.588125 0.000006 -0.808770
vn -0.705957 0.000006 -0.708254
vn -0.809017 0.000006 -0.587785
vn -0.891743 0.000006 -0.452542
vn -0.950927 0.000006 -0.309416
vn -0.987332 0.000006 -0.158667
vn -1.000000 0.000007 0.000000
vn -0.987332 0.000006 0.158668
vn -0.950927 0.000006 0.309417
vn -0.891743 0.000006 0.452543
vn -0.809017 0.000006 0.587785
vn -0.705957 0.000006 0.708254
vn -0.588124 0.000007 0.808771
vn -0.456004 0.000006 0.889977
vn -0.309017 0.000006 0.951057
vn -0.154201 0.000006 0.988040
vn 0.000420 0.000005 1.000000
vn 0.131156 0.000006 0.991362
vn 0.248697 0.000006 0.968581
vn 0.388389 0.000007 0.921495
vn 0.457432 0.000008 0.889245
vn 0.635015 0.002958 0.772494
vn 0.719661 0.008599 0.694272
vn 0.875342 0.006853 -0.483455
vn 0.930953 0.024984 -0.364283
vn 0.979590 0.053909 -0.193641
vn 0.966287 0.038118 -0.254631
vn 0.981892 0.061394 0.179217
vn 0.989150 0.057222 0.135310
vn 0.998444 0.055199 0.007884
vn 0.872653 0.015359 0.488100
vn 0.928225 0.037293 0.370147
vn 0.954145 0.150882 0.258540
vn 0.964907 0.045944 0.258542
vn 0.973643 0.128728 0.188279
vn 0.979499 0.058477 0.192774
vn 0.980832 0.021475 0.193669
vn 0.976281 -0.002732 0.216492
vn 0.982357 -0.053870 0.179087
vn 0.948673 0.192444 0.250968
vn 0.930418 -0.326432 0.166624
vn 0.978428 0.109200 0.175371
vn 0.110409 -0.626870 -0.771261
vn 0.031315 -0.665126 -0.746074
vn -0.014269 -0.768689 -0.639463
vn 0.338261 -0.675964 -0.654716
vn 0.211163 -0.632226 -0.745453
vn 0.652059 -0.748602 -0.120055
vn 0.491807 -0.733115 -0.469753
vn 0.719448 -0.608412 0.335007
vn 0.652787 -0.343068 0.675406
vn 0.567376 -0.147374 0.810164
vn 0.527204 -0.054421 0.847995
vn 0.515125 -0.014104 0.856999
vn 0.513391 -0.000291 0.858155
vn 0.513704 0.000075 0.857967
vn 0.514047 0.000295 0.857762
vn 0.515426 0.000372 0.856934
vn 0.516881 0.000409 0.856057
vn 0.518348 0.000414 0.855170
vn 0.519880 0.000419 0.854239
vn 0.524548 0.016591 0.851220
vn 0.521390 0.005142 0.853303
vn 0.521855 0.053139 0.851377
vn 0.529450 0.030109 0.847807
vn 0.506760 0.163482 0.846445
vn 0.514528 0.093646 0.852345
vn 0.474374 0.377966 0.795054
vn 0.493387 0.270672 0.826623
vn 0.427652 0.550242 0.717180
vn 0.453051 0.466696 0.759565
vn 0.364665 0.701872 0.611879
vn 0.398221 0.628640 0.668006
vn 0.287495 0.827282 0.482650
vn 0.327506 0.768502 0.549676
vn 0.199484 0.920842 0.335048
vn 0.244840 0.878079 0.411133
vn 0.121918 0.970907 0.206094
vn 0.156946 0.951752 0.263698
vn 0.065110 0.990502 0.121105
vn 0.091963 0.982941 0.159279
vn 0.014116 0.998636 0.050268
vn 0.038942 0.995305 0.088613
vn 0.011254 0.999903 0.008184
vn 0.010576 0.999793 0.017381
vn 0.019795 0.999793 0.004699
vn 0.052176 0.998636 -0.002111
vn 0.096310 0.995305 0.009657
vn 0.135301 0.990502 0.024494
vn 0.179905 0.982941 0.038235
vn 0.233684 0.970906 0.052284
vn 0.299288 0.951753 0.067778
vn 0.380292 0.920842 0.086188
vn 0.466672 0.878078 0.105813
vn 0.547868 0.827282 0.124278
vn 0.623978 0.768503 0.141616
vn 0.694619 0.701872 0.157734
vn 0.758369 0.628639 0.172305
vn 0.814231 0.550243 0.185099
vn 0.862409 0.466661 0.196159
vn 0.902770 0.377895 0.205433
vn 0.940295 0.264528 0.214172
vn 0.963645 0.147358 0.222878
vn 0.970526 0.082259 0.226523
vn 0.978223 0.065983 0.196788
vn 0.985706 0.037882 0.164163
vn 0.984933 0.016848 0.172116
vn 0.981504 0.055975 0.183076
vn 0.973958 0.130938 0.185098
vn 0.977955 0.095334 0.185784
vn 0.912158 -0.372702 0.170477
vn 0.881108 0.205436 -0.425962
vn 0.914768 0.312617 -0.255870
vn 0.942636 -0.333694 -0.009275
vn 0.993232 -0.082836 0.081418
vn 0.895748 -0.415746 0.157450
vn 0.826937 -0.548372 0.124352
vn 0.972212 -0.050530 0.228584
vn 0.974962 -0.040235 0.218701
vn 0.992112 0.046708 0.116327
vn 0.974749 0.001192 0.223301
vn 0.974315 -0.010343 0.224952
vn 0.969408 -0.054425 0.239347
vn 0.974254 -0.013790 0.225031
vn 0.844071 -0.343069 0.412126
vn 0.945841 -0.147372 0.289251
vn 0.087318 -0.748602 0.657245
vn 0.540932 -0.608412 0.580713
vn -0.518143 -0.675964 0.524023
vn -0.294786 -0.733115 0.612898
vn -0.699395 -0.626870 0.343338
vn -0.643715 -0.632226 0.431185
vn -0.612575 -0.768690 0.184033
vn -0.699882 -0.665126 0.260332
vn -0.216348 -0.972847 0.082237
vn -0.458969 -0.880490 0.118677
vn -0.013084 -0.999869 -0.009505
vn -0.053511 -0.998426 0.016771
vn -0.000587 -0.998426 -0.056075
vn 0.011359 -0.972847 -0.231171
vn -0.028962 -0.880490 -0.473179
vn 0.981024 0.061735 -0.183797
vn 0.981001 0.054824 -0.186095
vn 0.976336 0.123342 -0.177636
vn 0.973016 0.126260 -0.193130
vn 0.983426 0.079896 -0.162759
vn 0.977068 0.082106 -0.196462
vn 0.891599 -0.427911 -0.148132
vn 0.874965 -0.445657 -0.189278
vn -0.100645 -0.636359 0.764799
vn -0.059487 -0.620621 0.781851
vn -0.106852 -0.726958 0.678318
vn 0.011721 -0.662410 0.749050
vn 0.121605 -0.763858 0.633824
vn 0.264498 -0.885633 0.381699
vn 0.427530 -0.900180 -0.083038
vn 0.469155 -0.343929 -0.813392
vn 0.502605 -0.660391 -0.557917
vn 0.397280 -0.052285 -0.916207
vn 0.420453 -0.142422 -0.896067
vn 0.388915 -0.000321 -0.921274
vn 0.390144 -0.013649 -0.920653
vn 0.388328 0.000008 -0.921521
vn 0.388711 -0.000141 -0.921360
vn 0.388453 0.000007 -0.921468
vn 0.388420 0.000008 -0.921483
vn 0.388481 0.000008 -0.921457
vn 0.388452 0.000007 -0.921469
vn 0.388572 0.015912 -0.921281
vn 0.388566 0.004790 -0.921409
vn 0.388084 0.054667 -0.920001
vn 0.388452 0.030687 -0.920958
vn 0.383296 0.164154 -0.908921
vn 0.386885 0.094692 -0.917253
vn 0.359852 0.378412 -0.852826
vn 0.373982 0.271228 -0.886889
vn 0.324428 0.551183 -0.768729
vn 0.343987 0.467332 -0.814416
vn 0.276452 0.702472 -0.655826
vn 0.301872 0.629300 -0.716139
vn 0.217991 0.827689 -0.517118
vn 0.248301 0.769014 -0.589037
vn 0.151327 0.921010 -0.358943
vn 0.185677 0.878365 -0.440454
vn 0.091839 0.971366 -0.219119
vn 0.118900 0.952014 -0.282014
vn 0.046944 0.991116 -0.124439
vn 0.068329 0.983568 -0.167110
vn 0.024614 0.996312 -0.082200
vn 0.004830 0.999199 -0.039729
vn 0.000192 1.000000 -0.000192
vn -0.000092 0.999951 -0.009855
vn 0.009602 0.999939 0.005376
vn 0.039626 0.999150 0.011384
vn 0.132407 0.991156 -0.008845
vn 0.085658 0.996321 0.002626
vn 0.178977 0.983667 -0.019141
vn 0.235429 0.971476 -0.028410
vn 0.303320 0.952145 -0.037641
vn 0.386187 0.921176 -0.047903
vn 0.474140 0.878487 -0.058759
vn 0.556834 0.827757 -0.068950
vn 0.634380 0.769026 -0.078490
vn 0.706373 0.702431 -0.087335
vn 0.771377 0.629201 -0.095304
vn 0.828357 0.550786 -0.102272
vn 0.877529 0.467143 -0.108263
vn 0.918743 0.378267 -0.113247
vn 0.979788 0.156866 -0.124131
vn 0.956059 0.268575 -0.117550
vn 0.988645 0.053804 -0.140309
vn 0.987107 0.086658 -0.134577
vn 0.989966 0.039063 -0.135802
vn 0.989884 0.037794 -0.136751
vn 0.987270 0.100398 -0.123364
vn 0.989150 0.059699 -0.134233
vn 0.906981 -0.415098 -0.071266
vn 0.994321 0.046678 -0.095639
vn 0.968808 0.247747 -0.005623
vn 0.990606 -0.079976 -0.110923
vn 0.937660 -0.329062 -0.111861
vn 0.994283 -0.000043 -0.106782
vn 0.997524 0.023303 -0.066350
vn 0.981596 0.190932 0.003799
vn 0.992362 0.000350 -0.123359
vn 0.992375 0.002034 -0.123243
vn 0.989289 -0.051341 -0.136642
vn 0.992089 -0.013348 -0.124823
vn 0.902353 -0.332294 -0.274482
vn 0.974526 -0.139204 -0.175846
vn 0.187889 -0.832197 -0.521676
vn 0.654446 -0.625024 -0.425495
vn -0.550559 -0.720803 -0.421103
vn -0.277128 -0.820986 -0.499181
vn -0.752859 -0.606705 -0.255172
vn -0.695471 -0.637765 -0.331022
vn -0.675500 -0.721730 -0.151013
vn -0.752910 -0.628448 -0.195396
vn -0.462983 -0.878215 -0.119935
vn -0.194971 -0.977127 -0.084904
vn 0.001977 -0.999997 -0.001616
vn -0.039016 -0.998903 -0.025897
vn 0.002495 -0.999210 0.039674
vn -0.006048 -0.979810 0.199839
vn -0.065559 -0.880271 0.469919
vn 0.794548 0.597207 -0.109713
vn 0.722121 0.608376 -0.329273
vn 0.826540 0.562630 0.016743
vn 0.766517 -0.642218 0.002650
vn 0.742847 -0.666241 0.065582
vn 0.700578 -0.705431 0.107507
vn 0.732458 0.593026 0.334403
vn 0.663714 0.498784 0.557404
vn 0.905090 0.174000 0.387989
vn 0.811608 -0.566627 0.142219
vn 0.641399 -0.757574 -0.121202
vn 0.626557 -0.761705 -0.165024
vn 0.695006 -0.705393 -0.139236
vn 0.930270 0.157173 -0.331505
vn 0.664298 0.520959 -0.536014
vn 0.659485 -0.740356 0.130200
vn 0.684846 -0.718759 0.119878
vn 0.839329 -0.541223 -0.051035
vn 0.804173 0.579084 0.134040
vn 0.746371 -0.661718 -0.071130
vn -0.876450 0.000000 -0.481492
vn -0.876451 0.000000 -0.481492
vn -0.874911 0.003669 -0.484271
vn -0.875662 0.004190 -0.482906
vn -0.876450 0.000000 -0.481493
vn -0.874264 0.002738 -0.485443
vn -0.878273 0.021763 -0.477664
vn -0.876487 0.028511 -0.480581
vn -0.878640 0.012765 -0.477314
vn -0.878294 0.019298 -0.477732
vn -0.876787 -0.003419 -0.480867
vn -0.876564 -0.005122 -0.481258
vn -0.876450 0.000000 -0.481492
vn -0.876021 -0.000549 -0.482273
vn -0.876451 0.000000 -0.481491
vn -0.876150 -0.000728 -0.482038
vn -0.876451 -0.000001 -0.481492
vn -0.876298 -0.000828 -0.481769
vn -0.876450 -0.000000 -0.481493
vn -0.876450 -0.000858 -0.481493
vn -0.876450 -0.000001 -0.481492
vn -0.876603 -0.000828 -0.481214
vn -0.876451 -0.000000 -0.481491
vn -0.876751 -0.000729 -0.480943
vn -0.876451 0.000000 -0.481491
vn -0.876880 -0.000549 -0.480710
vn -0.876103 -0.003426 -0.482112
vn -0.876316 -0.005116 -0.481709
vn -0.874097 0.012802 -0.485582
vn -0.874270 0.019237 -0.485059
vn -0.874196 0.021758 -0.485085
vn -0.875698 0.028514 -0.482017
vn -0.876450 0.000000 -0.481493
vn -0.878612 0.002738 -0.477529
vn -0.876451 0.000000 -0.481492
vn -0.877971 0.003669 -0.478700
vn -0.876450 -0.000001 -0.481492
vn -0.877221 0.004189 -0.480069
vn -0.876450 -0.000001 -0.481492
vn -0.876442 0.004348 -0.481487
vn -0.876418 0.008663 -0.481473
vn 0.884547 0.019985 0.466023
vn 0.880503 0.023070 0.473479
vn 0.876225 0.022673 0.481369
vn 0.887877 0.014667 0.459846
vn 0.873611 0.112622 0.473414
vn 0.869022 0.065229 0.490455
vn 0.876736 -0.016161 0.480700
vn 0.878659 -0.002851 0.477442
vn 0.877998 -0.003784 0.478650
vn 0.877237 -0.004315 0.480039
vn 0.876444 -0.004482 0.481483
vn 0.875647 -0.004321 0.482933
vn 0.874878 -0.003794 0.484328
vn 0.874212 -0.002860 0.485536
vn 0.875922 -0.016162 0.482181
vn 0.880030 0.065128 0.470431
vn 0.868126 0.112601 0.483403
vn 0.864311 0.014660 0.502744
vn 0.867739 0.019979 0.496619
vn 0.871861 0.023068 0.489209
vn 0.876196 0.024046 0.481355
vn 0.876451 -0.000000 0.481491
vn 0.876451 0.000000 0.481491
vn 0.876450 0.000000 0.481492
vn 0.876451 -0.000001 0.481491
vn 0.876451 -0.000000 0.481492
vn 0.876450 0.000001 0.481492
vn 0.876450 -0.000001 0.481493
vn 0.876450 -0.000001 0.481492
vn 0.876450 0.000002 0.481493
vn 0.876451 -0.000000 0.481492
vn 0.876450 -0.000001 0.481492
vn 0.876450 0.000000 0.481492
vn 0.867587 0.070488 0.492264
vn 0.870443 0.051346 0.489585
vn 0.871927 0.040381 0.487969
vn 0.872830 0.033278 0.486889
vn 0.868149 0.046742 0.494097
vn 0.870505 0.034623 0.490940
vn 0.871825 0.027486 0.489046
vn 0.872668 0.022786 0.487783
vn 0.875227 -0.011624 0.483572
vn 0.875528 -0.008868 0.483086
vn 0.875710 -0.007169 0.482784
vn 0.875833 -0.006015 0.482577
vn 0.876452 -0.000000 0.481489
vn 0.876451 -0.000000 0.481491
vn 0.876450 -0.000001 0.481492
vn 0.876451 0.000000 0.481492
vn 0.876451 -0.000000 0.481492
vn 0.876451 0.000000 0.481492
vn 0.876450 0.000001 0.481493
vn 0.876451 0.000001 0.481492
vn 0.876451 -0.000001 0.481492
vn 0.876450 0.000001 0.481493
vn 0.876451 0.000001 0.481491
vn 0.876451 -0.000000 0.481491
vn 0.876450 -0.000000 0.481492
vn 0.876450 0.000000 0.481493
vn 0.876451 -0.000001 0.481491
vn 0.876451 -0.000000 0.481491
vn 0.876450 0.000001 0.481493
vn 0.876450 -0.000001 0.481493
vn 0.876450 -0.000000 0.481492
vn 0.876451 -0.000001 0.481492
vn 0.876450 0.000000 0.481493
vn 0.876451 -0.000000 0.481491
vn 0.876451 -0.000000 0.481492
vn 0.876450 -0.000000 0.481492
vn 0.876451 -0.000000 0.481490
vn 0.876450 0.000000 0.481492
vn 0.876451 0.000000 0.481492
vn 0.876451 -0.000000 0.481491
vn 0.877551 -0.011616 0.479343
vn 0.877300 -0.008861 0.479860
vn 0.877143 -0.007163 0.480176
vn 0.877035 -0.006012 0.480388
vn 0.882625 0.046641 0.467758
vn 0.881230 0.034571 0.471422
vn 0.880341 0.027455 0.473547
vn 0.879728 0.022765 0.474932
vn 0.880790 0.070492 0.468231
vn 0.880060 0.051349 0.472079
vn 0.879491 0.040384 0.474199
vn 0.879064 0.033280 0.475540
vn 0.876451 0.000000 0.481492
vn 0.876451 -0.000000 0.481492
vn 0.876451 -0.000001 0.481491
vn 0.876451 -0.000000 0.481491
vn 0.876451 0.000000 0.481491
vn 0.876450 -0.000001 0.481492
vn 0.876451 -0.000001 0.481491
vn 0.876451 -0.000001 0.481492
vn 0.876451 0.000000 0.481490
vn 0.876450 0.000001 0.481492
vn 0.876451 -0.000000 0.481492
vn 0.876451 -0.000001 0.481491
vn 0.876450 0.000000 0.481492
vn 0.876450 0.000002 0.481493
vn 0.876451 0.000002 0.481491
vn 0.876450 0.000000 0.481492
vn 0.296054 0.919640 -0.258095
vn 0.431317 0.738319 -0.518509
vn 0.322360 0.742809 -0.586786
vn 0.180009 0.927487 -0.327666
vn 0.518063 0.503446 -0.691487
vn 0.415480 0.505371 -0.756292
vn 0.555934 0.286162 -0.780416
vn 0.461488 0.285240 -0.840040
vn 0.564914 0.162824 -0.808925
vn 0.475057 0.162934 -0.864739
vn 0.570771 -0.116077 -0.812863
vn 0.478495 -0.111397 -0.870995
vn 0.518064 -0.503441 -0.691489
vn 0.415481 -0.505366 -0.756294
vn 0.431323 -0.738321 -0.518501
vn 0.322361 -0.742809 -0.586786
vn 0.296066 -0.919641 -0.258081
vn 0.180007 -0.927489 -0.327662
vn 0.121045 -0.990417 0.066502
vn 0.000000 -1.000000 0.000001
vn -0.059038 -0.919640 0.388301
vn -0.180008 -0.927488 0.327664
vn -0.206290 -0.738319 0.642129
vn -0.322364 -0.742807 0.586788
vn -0.305767 -0.503438 0.808119
vn -0.415483 -0.505363 0.756295
vn -0.379724 -0.118701 0.917453
vn -0.478345 -0.114127 0.870725
vn -0.379950 0.159627 0.911130
vn -0.475311 0.159727 0.865198
vn -0.360570 0.285805 0.887865
vn -0.461543 0.284873 0.840134
vn -0.305765 0.503444 0.808116
vn -0.415481 0.505370 0.756292
vn -0.206294 0.738319 0.642127
vn -0.322361 0.742808 0.586788
vn -0.059052 0.919640 0.388298
vn -0.180007 0.927488 0.327664
vn 0.121029 0.990419 0.066496
vn -0.000000 1.000000 0.000000
vn 0.892786 0.039038 0.448786
vn 0.884787 0.047065 0.463613
vn 0.898638 0.027587 0.437823
vn 0.899070 0.045020 0.435485
vn 0.900238 0.028415 0.434469
vn 0.906215 -0.009900 0.422701
vn 0.898639 -0.027586 0.437820
vn 0.892788 -0.039039 0.448783
vn 0.884787 -0.047066 0.463612
vn 0.875353 -0.050014 0.480891
vn 0.865831 -0.047067 0.498118
vn 0.857607 -0.039040 0.512822
vn 0.851493 -0.027585 0.523640
vn 0.842893 -0.010143 0.537985
vn 0.849471 0.028237 0.526879
vn 0.849739 0.044998 0.525279
vn 0.851493 0.027587 0.523641
vn 0.857607 0.039039 0.512821
vn 0.865831 0.047066 0.498119
vn 0.875354 0.050014 0.480889
vn 0.892664 0.257280 0.370079
vn 0.933246 0.215341 0.287543
vn 0.599054 0.799395 -0.045848
vn 0.867636 0.496192 -0.031643
vn 0.868838 0.389295 0.305890
vn 0.924689 0.072088 0.373838
vn 0.921417 0.349009 -0.170833
vn 0.970864 0.228310 0.072784
vn 0.932777 0.068280 0.353928
vn 0.939933 0.217290 -0.263270
vn 0.987394 0.158228 0.004115
vn 0.940709 0.041069 0.336721
vn 0.942750 0.127460 -0.308181
vn 0.993899 0.101093 -0.044109
vn 0.936829 -0.028259 0.348644
vn 0.948545 -0.087085 -0.304433
vn 0.998945 -0.042559 -0.017267
vn 0.924689 -0.072087 0.373837
vn 0.921414 -0.349011 -0.170845
vn 0.970864 -0.228315 0.072775
vn 0.909677 -0.097976 0.403594
vn 0.867636 -0.496191 -0.031647
vn 0.931528 -0.321979 0.169070
vn 0.890973 -0.113971 0.439521
vn 0.599088 -0.799372 -0.045808
vn 0.873573 -0.386225 0.296142
vn 0.868834 -0.389310 0.305883
vn 0.870185 -0.119337 0.478054
vn 0.449434 -0.858512 0.246915
vn 0.799670 -0.409305 0.439314
vn 0.799670 -0.409305 0.439314
vn 0.848815 -0.113970 0.516260
vn 0.282637 -0.799375 0.530203
vn 0.718471 -0.386227 0.578471
vn 0.724151 -0.389313 0.569246
vn 0.828528 -0.097975 0.551309
vn 0.438629 -0.496193 0.749264
vn 0.642304 -0.321982 0.695538
vn 0.811463 -0.072084 0.579941
vn 0.349984 -0.349009 0.869312
vn 0.582122 -0.228314 0.780389
vn 0.796720 -0.028529 0.603675
vn 0.252298 -0.088998 0.963548
vn 0.521429 -0.044274 0.852145
vn 0.788820 0.040469 0.613291
vn 0.245596 0.125025 0.961276
vn 0.496109 0.099306 0.862562
vn 0.798990 0.068219 0.597462
vn 0.281857 0.217033 0.934587
vn 0.533048 0.158021 0.831198
vn 0.811460 0.072089 0.579945
vn 0.350005 0.349001 0.869307
vn 0.582148 0.228305 0.780372
vn 0.828527 0.097977 0.551310
vn 0.438638 0.496189 0.749262
vn 0.642318 0.321963 0.695534
vn 0.791113 0.257279 0.554931
vn 0.282590 0.799391 0.530205
vn 0.724161 0.389293 0.569247
vn 0.843321 0.272348 0.463288
vn 0.449390 0.858538 0.246905
vn 0.799681 0.409285 0.439314
vn -0.897756 -0.000000 0.440493
vn -0.897756 -0.000000 0.440492
vn -0.899146 0.003669 0.437634
vn -0.898460 0.004189 0.439035
vn -0.897756 0.000000 0.440492
vn -0.899733 0.002739 0.436433
vn -0.895671 0.021764 0.444185
vn -0.897031 0.028512 0.441048
vn -0.895596 0.012765 0.444685
vn -0.895739 0.019297 0.444162
vn -0.897438 -0.003419 0.441128
vn -0.897630 -0.005121 0.440720
vn -0.897756 0.000000 0.440493
vn -0.898148 -0.000548 0.439693
vn -0.897756 0.000001 0.440493
vn -0.898031 -0.000728 0.439931
vn -0.897756 0.000001 0.440493
vn -0.897896 -0.000827 0.440208
vn -0.897756 0.000000 0.440493
vn -0.897756 -0.000858 0.440493
vn -0.897756 -0.000001 0.440493
vn -0.897616 -0.000829 0.440777
vn -0.897756 -0.000001 0.440493
vn -0.897481 -0.000729 0.441052
vn -0.897757 0.000001 0.440492
vn -0.897363 -0.000548 0.441292
vn -0.898064 -0.003427 0.439852
vn -0.897857 -0.005118 0.440258
vn -0.899751 0.012800 0.436217
vn -0.899422 0.019236 0.436658
vn -0.899400 0.021758 0.436585
vn -0.897752 0.028514 0.439576
vn -0.897757 0.000001 0.440492
vn -0.895756 0.002739 0.444539
vn -0.897756 0.000001 0.440492
vn -0.896346 0.003670 0.443339
vn -0.897756 -0.000001 0.440492
vn -0.897035 0.004189 0.441941
vn -0.897757 -0.000001 0.440492
vn -0.897748 0.004348 0.440488
vn -0.897723 0.008663 0.440476
vn 0.889750 0.019986 -0.456010
vn 0.893529 0.023070 -0.448413
vn 0.897526 0.022672 -0.440378
vn 0.886607 0.014665 -0.462291
vn 0.889514 0.112625 -0.442810
vn 0.900823 0.065230 -0.429260
vn 0.897273 -0.016161 -0.441180
vn 0.895712 -0.002850 -0.444626
vn 0.896319 -0.003785 -0.443395
vn 0.897018 -0.004315 -0.441973
vn 0.897747 -0.004481 -0.440489
vn 0.898474 -0.004321 -0.439005
vn 0.899173 -0.003794 -0.437577
vn 0.899779 -0.002859 -0.436337
vn 0.898017 -0.016163 -0.439665
vn 0.890765 0.065128 -0.449774
vn 0.894537 0.112600 -0.432580
vn 0.908169 0.014660 -0.418347
vn 0.905128 0.019979 -0.424670
vn 0.901434 0.023066 -0.432303
vn 0.897497 0.024046 -0.440365
vn 0.897756 0.000001 -0.440492
vn 0.897756 0.000000 -0.440493
vn 0.897756 -0.000001 -0.440494
vn 0.897757 -0.000001 -0.440491
vn 0.897757 -0.000001 -0.440491
vn 0.897756 0.000000 -0.440493
vn 0.897757 0.000001 -0.440491
vn 0.897756 0.000001 -0.440492
vn 0.897756 0.000000 -0.440494
vn 0.897757 -0.000000 -0.440491
vn 0.897757 -0.000000 -0.440491
vn 0.897756 0.000000 -0.440492
vn 0.901479 0.070490 -0.427045
vn 0.900927 0.051346 -0.430923
vn 0.900456 0.040381 -0.433068
vn 0.900092 0.033278 -0.434427
vn 0.903301 0.046744 -0.426454
vn 0.902071 0.034623 -0.430197
vn 0.901279 0.027486 -0.432366
vn 0.900730 0.022786 -0.433781
vn 0.898756 -0.011625 -0.438295
vn 0.898530 -0.008868 -0.438821
vn 0.898388 -0.007167 -0.439143
vn 0.898290 -0.006015 -0.439362
vn 0.897757 -0.000000 -0.440491
vn 0.897757 -0.000001 -0.440490
vn 0.897757 0.000000 -0.440490
vn 0.897757 -0.000000 -0.440492
vn 0.897757 -0.000000 -0.440491
vn 0.897757 -0.000001 -0.440491
vn 0.897757 -0.000000 -0.440491
vn 0.897756 0.000000 -0.440492
vn 0.897757 -0.000000 -0.440491
vn 0.897756 -0.000001 -0.440493
vn 0.897757 -0.000001 -0.440492
vn 0.897756 0.000000 -0.440492
vn 0.897757 0.000000 -0.440491
vn 0.897756 0.000000 -0.440493
vn 0.897757 -0.000001 -0.440492
vn 0.897757 -0.000001 -0.440492
vn 0.897758 0.000000 -0.440490
vn 0.897756 0.000001 -0.440493
vn 0.897756 0.000002 -0.440493
vn 0.897756 -0.000000 -0.440492
vn 0.897757 -0.000000 -0.440491
vn 0.897757 0.000000 -0.440491
vn 0.897756 0.000001 -0.440493
vn 0.897756 0.000001 -0.440493
vn 0.897757 0.000000 -0.440490
vn 0.897757 -0.000000 -0.440492
vn 0.897757 0.000000 -0.440492
vn 0.897756 0.000001 -0.440493
vn 0.896631 -0.011614 -0.442626
vn 0.896909 -0.008861 -0.442127
vn 0.897077 -0.007164 -0.441817
vn 0.897190 -0.006011 -0.441604
vn 0.890067 0.046641 -0.453438
vn 0.892262 0.034571 -0.450192
vn 0.893490 0.027455 -0.448243
vn 0.894272 0.022765 -0.446945
vn 0.889399 0.070492 -0.451664
vn 0.892128 0.051348 -0.448856
vn 0.893536 0.040384 -0.447172
vn 0.894389 0.033280 -0.446050
vn 0.897755 -0.000000 -0.440496
vn 0.897756 -0.000002 -0.440493
vn 0.897757 -0.000000 -0.440492
vn 0.897757 0.000001 -0.440491
vn 0.897756 -0.000002 -0.440494
vn 0.897756 -0.000001 -0.440493
vn 0.897757 -0.000000 -0.440491
vn 0.897757 0.000001 -0.440492
vn 0.897757 -0.000001 -0.440491
vn 0.897756 0.000000 -0.440493
vn 0.897757 0.000000 -0.440491
vn 0.897757 0.000001 -0.440491
vn 0.897757 0.000001 -0.440492
vn 0.897755 0.000000 -0.440495
vn 0.897756 -0.000001 -0.440493
vn 0.897757 -0.000000 -0.440492
vn -0.041054 0.919640 -0.390610
vn -0.176414 0.738320 -0.650970
vn -0.294909 0.742811 -0.601050
vn -0.164679 0.927487 -0.335630
vn -0.268112 0.503445 -0.821377
vn -0.380100 0.505371 -0.774677
vn -0.319121 0.286163 -0.903478
vn -0.422193 0.285241 -0.860460
vn -0.337291 0.162825 -0.927212
vn -0.434608 0.162934 -0.885759
vn -0.337145 -0.116076 -0.934270
vn -0.437751 -0.111397 -0.892169
vn -0.268110 -0.503439 -0.821381
vn -0.380101 -0.505367 -0.774679
vn -0.176406 -0.738319 -0.650973
vn -0.294913 -0.742808 -0.601051
vn -0.041038 -0.919639 -0.390615
vn -0.164680 -0.927489 -0.335627
vn 0.123986 -0.990417 -0.060837
vn 0.000000 -1.000000 0.000000
vn 0.283828 -0.919640 0.271486
vn 0.164679 -0.927488 0.335629
vn 0.406912 -0.738319 0.537874
vn 0.294912 -0.742807 0.601053
vn 0.485570 -0.503439 0.714683
vn 0.380103 -0.505364 0.774680
vn 0.532536 -0.118701 0.838043
vn 0.437613 -0.114127 0.891891
vn 0.527233 0.159627 0.834593
vn 0.434835 0.159727 0.886231
vn 0.519333 0.285805 0.805363
vn 0.422239 0.284873 0.860559
vn 0.485569 0.503447 0.714677
vn 0.380102 0.505371 0.774676
vn 0.406906 0.738320 0.537877
vn 0.294911 0.742810 0.601049
vn 0.283815 0.919640 0.271497
vn 0.164680 0.927487 0.335631
vn 0.123971 0.990419 -0.060833
vn 0.000000 1.000000 -0.000002
vn 0.880381 0.039037 -0.472658
vn 0.887916 0.047067 -0.457591
vn 0.874772 0.027586 -0.483748
vn 0.873108 0.045019 -0.485444
vn 0.872948 0.028415 -0.486984
vn 0.866753 -0.009902 -0.498639
vn 0.874772 -0.027587 -0.483749
vn 0.880380 -0.039038 -0.472660
vn 0.887916 -0.047065 -0.457592
vn 0.896632 -0.050014 -0.439942
vn 0.905257 -0.047065 -0.422249
vn 0.912564 -0.039037 -0.407066
vn 0.917904 -0.027585 -0.395843
vn 0.924700 -0.010143 -0.380560
vn 0.919392 0.028236 -0.392328
vn 0.918236 0.044997 -0.393468
vn 0.917903 0.027586 -0.395846
vn 0.912564 0.039039 -0.407067
vn 0.905257 0.047065 -0.422249
vn 0.896632 0.050014 -0.439942
vn 0.815901 0.257281 -0.517795
vn 0.771678 0.215342 -0.598449
vn 0.306780 0.799392 -0.516583
vn 0.472774 0.496189 -0.728204
vn 0.749682 0.389291 -0.535191
vn 0.837386 0.072087 -0.541838
vn 0.389775 0.349010 -0.852214
vn 0.617559 0.228314 -0.752657
vn 0.825738 0.068280 -0.559906
vn 0.324775 0.217293 -0.920492
vn 0.570870 0.158228 -0.805650
vn 0.816216 0.041070 -0.576285
vn 0.289646 0.127460 -0.948609
vn 0.535143 0.101092 -0.838691
vn 0.823745 -0.028262 -0.566256
vn 0.296046 -0.087083 -0.951196
vn 0.560009 -0.042559 -0.827393
vn 0.837387 -0.072087 -0.541837
vn 0.389772 -0.349005 -0.852217
vn 0.617553 -0.228314 -0.752663
vn 0.853110 -0.097975 -0.512449
vn 0.472771 -0.496189 -0.728206
vn 0.673744 -0.321982 -0.665129
vn 0.871756 -0.113971 -0.476501
vn 0.306826 -0.799367 -0.516596
vn 0.744424 -0.386232 -0.544664
vn 0.749671 -0.389318 -0.535187
vn 0.891340 -0.119335 -0.437347
vn 0.460363 -0.858510 -0.225890
vn 0.819112 -0.409312 -0.401894
vn 0.819112 -0.409312 -0.401894
vn 0.910323 -0.113965 -0.397899
vn 0.596330 -0.799373 0.073442
vn 0.886320 -0.386231 -0.255464
vn 0.882036 -0.389317 -0.265413
vn 0.927347 -0.097971 -0.361150
vn 0.865246 -0.496194 0.071697
vn 0.938343 -0.321983 -0.125856
vn 0.940970 -0.072084 -0.330724
vn 0.912539 -0.349010 0.213227
vn 0.973189 -0.228314 -0.027852
vn 0.951919 -0.028531 -0.305020
vn 0.933511 -0.088998 0.347327
vn 0.997027 -0.044275 0.063063
vn 0.955245 0.040469 -0.293034
vn 0.927797 0.125025 0.351513
vn 0.990998 0.099307 0.089783
vn 0.948136 0.068217 -0.310459
vn 0.926798 0.217034 0.306501
vn 0.986562 0.158022 0.041534
vn 0.940969 0.072085 -0.330728
vn 0.912543 0.349004 0.213215
vn 0.973191 0.228307 -0.027859
vn 0.927346 0.097976 -0.361150
vn 0.865249 0.496191 0.071691
vn 0.938346 0.321968 -0.125868
vn 0.908805 0.257278 -0.328452
vn 0.596299 0.799393 0.073476
vn 0.882041 0.389296 -0.265427
vn 0.863822 0.272345 -0.423840
vn 0.460313 0.858542 -0.225871
vn 0.819123 0.409282 -0.401904
vn -0.978838 0.011654 -0.204304
vn -0.978838 0.011654 -0.204304
vn -0.978838 0.011654 -0.204304
vn -0.997593 0.005780 -0.069108
vn -0.997593 0.005780 -0.069108
vn -0.997593 0.005780 -0.069108
vn -0.965622 0.040310 -0.256806
vn -0.965622 0.040310 -0.256806
vn -0.965622 0.040310 -0.256806
vn -0.999018 0.043883 -0.006149
vn -0.999018 0.043882 -0.006149
vn -0.999018 0.043882 -0.006149
vn -0.959611 0.215576 0.180757
vn -0.959611 0.215576 0.180757
vn -0.959611 0.215576 0.180757
vn -0.954007 0.234661 0.186561
vn -0.954007 0.234661 0.186561
vn -0.954007 0.234661 0.186561
vn 0.978841 -0.011645 0.204290
vn 0.978841 -0.011645 0.204290
vn 0.978841 -0.011645 0.204290
vn 0.975594 -0.094434 0.198238
vn 0.975594 -0.094434 0.198238
vn 0.975594 -0.094434 0.198238
vn 0.987417 -0.096762 0.125081
vn 0.987417 -0.096762 0.125081
vn 0.987417 -0.096762 0.125081
vn 0.998977 -0.045152 -0.002488
vn 0.998977 -0.045152 -0.002488
vn 0.998977 -0.045152 -0.002488
vn 0.959571 -0.215647 -0.180886
vn 0.959571 -0.215647 -0.180886
vn 0.959571 -0.215647 -0.180886
vn 0.954007 -0.234660 -0.186561
vn 0.954007 -0.234660 -0.186561
vn 0.954007 -0.234660 -0.186561
vn 0.005833 0.999369 -0.035045
vn 0.005833 0.999369 -0.035045
vn 0.005833 0.999369 -0.035045
vn 0.005833 0.999369 -0.035045
vn 0.157222 -0.287650 -0.944743
vn 0.157222 -0.287650 -0.944743
vn 0.157222 -0.287650 -0.944743
vn 0.157222 -0.287650 -0.944743
vn -0.172025 -0.536890 0.825928
vn -0.172025 -0.536890 0.825928
vn -0.172025 -0.536890 0.825928
vn -0.172025 -0.536890 0.825928
vn -0.004782 0.998639 0.051942
vn -0.004782 0.998639 0.051942
vn -0.004782 0.998639 0.051942
vn -0.004782 0.998639 0.051942
vn 0.114270 -0.384644 -0.915965
vn 0.114270 -0.384644 -0.915965
vn 0.114270 -0.384644 -0.915965
vn 0.114270 -0.384644 -0.915965
vn -0.136779 -0.552972 0.821897
vn -0.136779 -0.552972 0.821897
vn -0.136779 -0.552972 0.821897
vn -0.136779 -0.552972 0.821897
vn -0.010301 0.999941 0.003482
vn -0.010301 0.999941 0.003482
vn -0.010301 0.999941 0.003482
vn -0.010301 0.999941 0.003482
vn 0.110777 -0.414597 -0.903238
vn 0.110777 -0.414597 -0.903238
vn 0.110777 -0.414597 -0.903237
vn 0.110777 -0.414597 -0.903238
vn -0.100868 -0.579737 0.808536
vn -0.100868 -0.579737 0.808536
vn -0.100868 -0.579737 0.808536
vn -0.100868 -0.579737 0.808536
vn -0.020628 0.998651 0.047653
vn -0.020628 0.998651 0.047653
vn -0.020628 0.998651 0.047653
vn -0.020628 0.998651 0.047653
vn -0.173165 -0.432394 -0.884901
vn -0.173165 -0.432394 -0.884901
vn -0.173165 -0.432394 -0.884901
vn -0.173165 -0.432394 -0.884901
vn 0.079138 -0.412025 0.907729
vn 0.079138 -0.412025 0.907729
vn 0.079138 -0.412025 0.907729
vn 0.079138 -0.412025 0.907729
vn -0.018131 0.999165 0.036613
vn -0.018131 0.999165 0.036613
vn -0.018131 0.999165 0.036613
vn -0.018131 0.999165 0.036613
vn -0.142782 -0.486343 -0.862023
vn -0.142782 -0.486343 -0.862023
vn -0.142782 -0.486343 -0.862023
vn -0.142782 -0.486343 -0.862023
vn 0.196271 -0.407424 0.891899
vn 0.196271 -0.407424 0.891899
vn 0.196271 -0.407424 0.891899
vn 0.196271 -0.407424 0.891899
vn -0.014836 0.998115 0.059547
vn -0.014836 0.998115 0.059547
vn -0.014836 0.998115 0.059547
vn -0.014836 0.998115 0.059547
vn -0.138725 -0.518088 -0.844003
vn -0.138725 -0.518088 -0.844003
vn -0.138725 -0.518088 -0.844003
vn -0.138725 -0.518088 -0.844003
vn 0.172917 -0.388976 0.904874
vn 0.172917 -0.388976 0.904874
vn 0.172917 -0.388976 0.904874
vn 0.172917 -0.388976 0.904874
s 1
g pCylinder8
usemtl lambert3SG
f 1/1/1 3/3/2 2/2/3
f 1/1/4 4/4/5 3/3/6
f 1/1/7 5/5/8 4/4/9
f 1/1/10 6/6/11 5/5/12
f 1/1/13 7/7/14 6/6/15
f 1/1/16 8/8/17 7/7/18
f 1/1/19 9/9/20 8/8/21
f 1/1/22 10/10/23 9/9/24
f 1/1/25 11/11/26 10/10/27
f 1/1/28 2/12/29 11/11/30
f 2/2/3 3/3/2 13/14/31 12/13/32
f 3/3/6 4/4/5 14/15/33 13/14/34
f 4/4/9 5/5/8 15/16/35 14/15/36
f 5/5/12 6/6/11 16/17/37 15/16/38
f 6/6/15 7/7/14 17/18/39 16/17/40
f 7/7/18 8/8/17 18/19/41 17/18/42
f 8/8/21 9/9/20 19/20/43 18/19/44
f 9/9/24 10/10/23 20/21/45 19/20/46
f 10/10/27 11/11/26 21/22/47 20/21/48
f 11/11/30 2/12/29 12/23/49 21/22/50
f 12/13/32 13/14/31 102/120/51 93/111/52
f 13/14/34 14/15/33 101/119/53 102/120/54
f 14/15/36 15/16/35 100/118/55 101/119/56
f 15/16/38 16/17/37 99/117/57 100/118/58
f 16/17/40 17/18/39 98/116/59 99/117/60
f 17/18/42 18/19/41 97/115/61 98/116/62
f 18/19/44 19/20/43 96/114/63 97/115/64
f 19/20/46 20/21/45 95/113/65 96/114/66
f 20/21/48 21/22/47 94/112/67 95/113/68
f 21/22/50 12/23/49 93/110/69 94/112/70
f 22/24/71 23/25/72 33/36/73 32/35/74
f 23/25/75 24/26/76 34/38/77 33/36/78
f 24/26/79 25/27/80 35/40/81 34/38/82
f 25/27/83 26/28/84 36/42/85 35/40/86
f 26/28/87 27/29/88 37/44/89 36/42/90
f 27/29/91 28/30/92 38/46/93 37/44/94
f 28/30/95 29/31/96 39/48/97 38/46/98
f 29/31/99 30/32/100 40/50/101 39/48/102
f 30/32/103 31/33/104 41/52/105 40/50/106
f 31/33/107 22/34/108 32/54/109 41/52/110
f 32/35/74 33/36/73 48/39/111 43/37/112
f 33/36/78 34/38/77 53/41/113 48/39/114
f 34/38/82 35/40/81 58/43/115 53/41/116
f 35/40/86 36/42/85 63/45/117 58/43/118
f 36/42/90 37/44/89 68/47/119 63/45/120
f 37/44/94 38/46/93 73/49/121 68/47/122
f 38/46/98 39/48/97 78/51/123 73/49/124
f 39/48/102 40/50/101 83/53/125 78/51/126
f 40/50/106 41/52/105 88/55/127 83/53/128
f 41/52/110 32/54/109 43/67/129 88/55/130
f 47/65/131 52/56/132 42/66/133
f 52/56/132 57/57/134 42/66/133
f 57/57/134 62/58/135 42/66/133
f 62/58/135 67/59/136 42/66/133
f 67/59/136 72/60/137 42/66/133
f 72/60/137 77/61/138 42/66/133
f 77/61/138 82/62/139 42/66/133
f 82/62/139 87/63/140 42/66/133
f 87/63/140 92/64/141 42/66/133
f 92/64/141 47/65/131 42/66/133
f 46/73/142 47/65/131 92/64/141 91/109/143
f 45/71/144 46/73/142 91/109/143 90/107/145
f 43/67/129 44/69/146 89/106/147 88/55/130
f 44/69/146 45/72/144 90/108/145 89/106/147
f 47/65/131 46/73/142 51/77/148 52/56/132
f 46/73/142 45/71/144 50/76/149 51/77/148
f 45/70/144 44/68/146 49/74/150 50/75/149
f 44/68/146 43/37/112 48/39/111 49/74/150
f 52/56/132 51/77/148 56/81/151 57/57/134
f 51/77/148 50/76/149 55/80/152 56/81/151
f 50/75/149 49/74/150 54/78/153 55/79/152
f 49/74/150 48/39/114 53/41/113 54/78/153
f 57/57/134 56/81/151 61/85/154 62/58/135
f 56/81/151 55/80/152 60/84/155 61/85/154
f 55/79/152 54/78/153 59/82/156 60/83/155
f 54/78/153 53/41/116 58/43/115 59/82/156
f 62/58/135 61/85/154 66/89/157 67/59/136
f 61/85/154 60/84/155 65/88/158 66/89/157
f 60/83/155 59/82/156 64/86/159 65/87/158
f 59/82/156 58/43/118 63/45/117 64/86/159
f 67/59/136 66/89/157 71/93/160 72/60/137
f 66/89/157 65/88/158 70/92/161 71/93/160
f 65/87/158 64/86/159 69/90/162 70/91/161
f 64/86/159 63/45/120 68/47/119 69/90/162
f 72/60/137 71/93/160 76/97/163 77/61/138
f 71/93/160 70/92/161 75/96/164 76/97/163
f 70/91/161 69/90/162 74/94/165 75/95/164
f 69/90/162 68/47/122 73/49/121 74/94/165
f 77/61/138 76/97/163 81/101/166 82/62/139
f 76/97/163 75/96/164 80/100/167 81/101/166
f 75/95/164 74/94/165 79/98/168 80/99/167
f 74/94/165 73/49/124 78/51/123 79/98/168
f 82/62/139 81/101/166 86/105/169 87/63/140
f 81/101/166 80/100/167 85/104/170 86/105/169
f 80/99/167 79/98/168 84/102/171 85/103/170
f 79/98/168 78/51/126 83/53/125 84/102/171
f 87/63/140 86/105/169 91/109/143 92/64/141
f 86/105/169 85/104/170 90/107/145 91/109/143
f 85/103/170 84/102/171 89/106/147 90/108/145
f 84/102/171 83/53/128 88/55/127 89/106/147
f 94/112/70 93/110/69 113/132/172 114/134/173
f 95/113/68 94/112/67 114/134/174 115/135/175
f 96/114/66 95/113/65 115/135/176 116/136/177
f 97/115/64 96/114/63 116/136/178 117/137/179
f 98/116/62 97/115/61 117/137/180 118/138/181
f 99/117/60 98/116/59 118/138/182 119/139/183
f 100/118/58 99/117/57 119/139/184 120/140/185
f 101/119/56 100/118/55 120/140/186 121/141/187
f 102/120/54 101/119/53 121/141/188 122/142/189
f 93/111/52 102/120/51 122/142/190 113/133/191
f 104/123/192 103/121/193 123/143/194 124/145/195
f 105/124/196 104/123/197 124/145/198 125/146/199
f 106/125/200 105/124/201 125/146/202 126/147/203
f 107/126/204 106/125/205 126/147/206 127/148/207
f 108/127/208 107/126/209 127/148/210 128/149/211
f 109/128/212 108/127/213 128/149/214 129/150/215
f 110/129/216 109/128/217 129/150/218 130/151/219
f 111/130/220 110/129/221 130/151/222 131/152/223
f 112/131/224 111/130/225 131/152/226 132/153/227
f 103/122/228 112/131/229 132/153/230 123/144/231
f 114/134/173 113/132/172 103/121/193 104/123/192
f 115/135/175 114/134/174 104/123/197 105/124/196
f 116/136/177 115/135/176 105/124/201 106/125/200
f 117/137/179 116/136/178 106/125/205 107/126/204
f 118/138/181 117/137/180 107/126/209 108/127/208
f 119/139/183 118/138/182 108/127/213 109/128/212
f 120/140/185 119/139/184 109/128/217 110/129/216
f 121/141/187 120/140/186 110/129/221 111/130/220
f 122/142/189 121/141/188 111/130/225 112/131/224
f 113/133/191 122/142/190 112/131/229 103/122/228
f 124/145/195 123/143/194 22/34/108 31/33/107
f 125/146/199 124/145/198 31/33/104 30/32/103
f 126/147/203 125/146/202 30/32/100 29/31/99
f 127/148/207 126/147/206 29/31/96 28/30/95
f 128/149/211 127/148/210 28/30/92 27/29/91
f 129/150/215 128/149/214 27/29/88 26/28/87
f 130/151/219 129/150/218 26/28/84 25/27/83
f 131/152/223 130/151/222 25/27/80 24/26/79
f 132/153/227 131/152/226 24/26/76 23/25/75
f 123/144/231 132/153/230 23/25/72 22/24/71
s 22
f 133/154/232 135/155/233 134/156/234
f 133/154/235 136/157/236 135/155/237
f 133/154/238 137/158/239 136/157/240
f 133/154/241 138/159/242 137/158/243
f 133/154/244 139/160/245 138/159/246
f 133/154/247 140/161/248 139/160/249
f 133/154/250 141/162/251 140/161/252
f 133/154/253 142/163/254 141/162/255
f 133/154/256 143/164/257 142/163/258
f 133/154/259 134/165/260 143/164/261
f 134/156/234 135/155/233 145/166/262 144/167/263
f 135/155/237 136/157/236 146/168/264 145/166/265
f 136/157/240 137/158/239 147/169/266 146/168/267
f 137/158/243 138/159/242 148/170/268 147/169/269
f 138/159/246 139/160/245 149/171/270 148/170/271
f 139/160/249 140/161/248 150/172/272 149/171/273
f 140/161/252 141/162/251 151/173/274 150/172/275
f 141/162/255 142/163/254 152/174/276 151/173/277
f 142/163/258 143/164/257 153/175/278 152/174/279
f 143/164/261 134/165/260 144/176/280 153/175/281
f 144/167/263 145/166/262 234/177/282 225/178/283
f 145/166/265 146/168/264 233/179/284 234/177/285
f 146/168/267 147/169/266 232/180/286 233/179/287
f 147/169/269 148/170/268 231/181/288 232/180/289
f 148/170/271 149/171/270 230/182/290 231/181/291
f 149/171/273 150/172/272 229/183/292 230/182/293
f 150/172/275 151/173/274 228/184/294 229/183/295
f 151/173/277 152/174/276 227/185/296 228/184/297
f 152/174/279 153/175/278 226/186/298 227/185/299
f 153/175/281 144/176/280 225/187/300 226/186/301
f 154/188/302 155/189/303 165/190/304 164/191/305
f 155/189/306 156/192/307 166/193/308 165/190/309
f 156/192/310 157/194/311 167/195/312 166/193/313
f 157/194/314 158/196/315 168/197/316 167/195/317
f 158/196/318 159/198/319 169/199/320 168/197/321
f 159/198/322 160/200/323 170/201/324 169/199/325
f 160/200/326 161/202/327 171/203/328 170/201/329
f 161/202/330 162/204/331 172/205/332 171/203/333
f 162/204/334 163/206/335 173/207/336 172/205/337
f 163/206/338 154/208/339 164/209/340 173/207/341
f 164/191/305 165/190/304 180/210/342 175/211/343
f 165/190/309 166/193/308 185/212/344 180/210/345
f 166/193/313 167/195/312 190/213/346 185/212/347
f 167/195/317 168/197/316 195/214/348 190/213/349
f 168/197/321 169/199/320 200/215/350 195/214/351
f 169/199/325 170/201/324 205/216/352 200/215/353
f 170/201/329 171/203/328 210/217/354 205/216/355
f 171/203/333 172/205/332 215/218/356 210/217/357
f 172/205/337 173/207/336 220/219/358 215/218/359
f 173/207/341 164/209/340 175/220/360 220/219/361
f 179/221/362 184/222/363 174/223/364
f 184/222/363 189/224/365 174/223/364
f 189/224/365 194/225/366 174/223/364
f 194/225/366 199/226/367 174/223/364
f 199/226/367 204/227/368 174/223/364
f 204/227/368 209/228/369 174/223/364
f 209/228/369 214/229/370 174/223/364
f 214/229/370 219/230/371 174/223/364
f 219/230/371 224/231/372 174/223/364
f 224/231/372 179/221/362 174/223/364
f 178/232/373 179/221/362 224/231/372 223/233/374
f 177/234/375 178/232/373 223/233/374 222/235/376
f 175/220/360 176/236/377 221/237/378 220/219/361
f 176/236/377 177/238/375 222/239/376 221/237/378
f 179/221/362 178/232/373 183/240/379 184/222/363
f 178/232/373 177/234/375 182/241/380 183/240/379
f 177/242/375 176/243/377 181/244/381 182/245/380
f 176/243/377 175/211/343 180/210/342 181/244/381
f 184/222/363 183/240/379 188/246/382 189/224/365
f 183/240/379 182/241/380 187/247/383 188/246/382
f 182/245/380 181/244/381 186/248/384 187/249/383
f 181/244/381 180/210/345 185/212/344 186/248/384
f 189/224/365 188/246/382 193/250/385 194/225/366
f 188/246/382 187/247/383 192/251/386 193/250/385
f 187/249/383 186/248/384 191/252/387 192/253/386
f 186/248/384 185/212/347 190/213/346 191/252/387
f 194/225/366 193/250/385 198/254/388 199/226/367
f 193/250/385 192/251/386 197/255/389 198/254/388
f 192/253/386 191/252/387 196/256/390 197/257/389
f 191/252/387 190/213/349 195/214/348 196/256/390
f 199/226/367 198/254/388 203/258/391 204/227/368
f 198/254/388 197/255/389 202/259/392 203/258/391
f 197/257/389 196/256/390 201/260/393 202/261/392
f 196/256/390 195/214/351 200/215/350 201/260/393
f 204/227/368 203/258/391 208/262/394 209/228/369
f 203/258/391 202/259/392 207/263/395 208/262/394
f 202/261/392 201/260/393 206/264/396 207/265/395
f 201/260/393 200/215/353 205/216/352 206/264/396
f 209/228/369 208/262/394 213/266/397 214/229/370
f 208/262/394 207/263/395 212/267/398 213/266/397
f 207/265/395 206/264/396 211/268/399 212/269/398
f 206/264/396 205/216/355 210/217/354 211/268/399
f 214/229/370 213/266/397 218/270/400 219/230/371
f 213/266/397 212/267/398 217/271/401 218/270/400
f 212/269/398 211/268/399 216/272/402 217/273/401
f 211/268/399 210/217/357 215/218/356 216/272/402
f 219/230/371 218/270/400 223/233/374 224/231/372
f 218/270/400 217/271/401 222/235/376 223/233/374
f 217/273/401 216/272/402 221/237/378 222/239/376
f 216/272/402 215/218/359 220/219/358 221/237/378
f 226/186/301 225/187/300 245/274/403 246/275/404
f 227/185/299 226/186/298 246/275/405 247/276/406
f 228/184/297 227/185/296 247/276/407 248/277/408
f 229/183/295 228/184/294 248/277/409 249/278/410
f 230/182/293 229/183/292 249/278/411 250/279/412
f 231/181/291 230/182/290 250/279/413 251/280/414
f 232/180/289 231/181/288 251/280/415 252/281/416
f 233/179/287 232/180/286 252/281/417 253/282/418
f 234/177/285 233/179/284 253/282/419 254/283/420
f 225/178/283 234/177/282 254/283/421 245/284/422
f 236/285/423 235/286/424 255/287/425 256/288/426
f 237/289/427 236/285/428 256/288/429 257/290/430
f 238/291/431 237/289/432 257/290/433 258/292/434
f 239/293/435 238/291/436 258/292/437 259/294/438
f 240/295/439 239/293/440 259/294/441 260/296/442
f 241/297/443 240/295/444 260/296/445 261/298/446
f 242/299/447 241/297/448 261/298/449 262/300/450
f 243/301/451 242/299/452 262/300/453 263/302/454
f 244/303/455 243/301/456 263/302/457 264/304/458
f 235/305/459 244/303/460 264/304/461 255/306/462
f 246/275/404 245/274/403 235/286/424 236/285/423
f 247/276/406 246/275/405 236/285/428 237/289/427
f 248/277/408 247/276/407 237/289/432 238/291/431
f 249/278/410 248/277/409 238/291/436 239/293/435
f 250/279/412 249/278/411 239/293/440 240/295/439
f 251/280/414 250/279/413 240/295/444 241/297/443
f 252/281/416 251/280/415 241/297/448 242/299/447
f 253/282/418 252/281/417 242/299/452 243/301/451
f 254/283/420 253/282/419 243/301/456 244/303/455
f 245/284/422 254/283/421 244/303/460 235/305/459
f 256/288/426 255/287/425 154/208/339 163/206/338
f 257/290/430 256/288/429 163/206/335 162/204/334
f 258/292/434 257/290/433 162/204/331 161/202/330
f 259/294/438 258/292/437 161/202/327 160/200/326
f 260/296/442 259/294/441 160/200/323 159/198/322
f 261/298/446 260/296/445 159/198/319 158/196/318
f 262/300/450 261/298/449 158/196/315 157/194/314
f 263/302/454 262/300/453 157/194/311 156/192/310
f 264/304/458 263/302/457 156/192/307 155/189/306
f 255/306/462 264/304/461 155/189/303 154/188/302
s 43
usemtl lambert2SG
f 641/307/463 2400/308/464 2403/309/465
f 2403/309/465 2400/308/464 3463/310/466
f 2400/308/464 642/311/467 3463/310/466
f 3463/310/466 642/311/467 2401/312/468
f 3463/310/466 2401/312/468 2402/313/469
f 2402/313/469 2401/312/468 643/314/470
f 2403/309/465 3463/310/466 644/315/471
f 644/315/471 3463/310/466 2402/313/469
f 642/311/467 2404/316/472 2401/312/468
f 2401/312/468 2404/316/472 3464/317/473
f 2404/316/472 1273/318/474 3464/317/473
f 3464/317/473 1273/318/474 2405/319/475
f 3464/317/473 2405/319/475 2406/320/476
f 2406/320/476 2405/319/475 1274/321/477
f 2401/312/468 3464/317/473 643/314/470
f 643/314/470 3464/317/473 2406/320/476
f 643/314/470 2406/320/476 2409/322/478
f 2409/322/478 2406/320/476 3465/323/479
f 2406/320/476 1274/321/477 3465/323/479
f 3465/323/479 1274/321/477 2407/324/480
f 3465/323/479 2407/324/480 2408/325/481
f 2408/325/481 2407/324/480 1275/326/482
f 2409/322/478 3465/323/479 648/327/483
f 648/327/483 3465/323/479 2408/325/481
f 644/315/471 2402/313/469 2411/328/484
f 2411/328/484 2402/313/469 3466/329/485
f 2402/313/469 643/314/470 3466/329/485
f 3466/329/485 643/314/470 2409/322/478
f 3466/329/485 2409/322/478 2410/330/486
f 2410/330/486 2409/322/478 648/327/483
f 2411/328/484 3466/329/485 649/331/487
f 649/331/487 3466/329/485 2410/330/486
f 2412/332/488 3467/333/489 645/334/490
f 645/334/490 3467/333/489 2415/335/491
f 650/336/492 2413/337/493 2412/332/488
f 2412/332/488 2413/337/493 3467/333/489
f 2413/337/493 651/338/494 3467/333/489
f 3467/333/489 651/338/494 2414/339/495
f 3467/333/489 2414/339/495 2415/335/491
f 2415/335/491 2414/339/495 646/340/496
f 2416/341/497 3468/342/498 650/336/492
f 650/336/492 3468/342/498 2413/337/493
f 652/343/499 2417/344/500 2416/341/497
f 2416/341/497 2417/344/500 3468/342/498
f 2417/344/500 653/345/501 3468/342/498
f 3468/342/498 653/345/501 2418/346/502
f 3468/342/498 2418/346/502 2413/337/493
f 2413/337/493 2418/346/502 651/338/494
f 2418/346/502 3469/347/503 651/338/494
f 651/338/494 3469/347/503 2421/348/504
f 653/345/501 2419/349/505 2418/346/502
f 2418/346/502 2419/349/505 3469/347/503
f 2419/349/505 654/350/506 3469/347/503
f 3469/347/503 654/350/506 2420/351/507
f 3469/347/503 2420/351/507 2421/348/504
f 2421/348/504 2420/351/507 655/352/508
f 2414/339/495 3470/353/509 646/340/496
f 646/340/496 3470/353/509 2423/354/510
f 651/338/494 2421/348/504 2414/339/495
f 2414/339/495 2421/348/504 3470/353/509
f 2421/348/504 655/352/508 3470/353/509
f 3470/353/509 655/352/508 2422/355/511
f 3470/353/509 2422/355/511 2423/354/510
f 2423/354/510 2422/355/511 647/356/512
f 652/343/499 2424/357/513 2417/344/500
f 2417/344/500 2424/357/513 3471/358/514
f 2424/357/513 656/359/515 3471/358/514
f 3471/358/514 656/359/515 2425/360/516
f 3471/358/514 2425/360/516 2426/361/517
f 2426/361/517 2425/360/516 657/362/518
f 2417/344/500 3471/358/514 653/345/501
f 653/345/501 3471/358/514 2426/361/517
f 656/359/515 2427/363/519 2425/360/516
f 2425/360/516 2427/363/519 3472/364/520
f 2427/363/519 658/365/521 3472/364/520
f 3472/364/520 658/365/521 2428/366/522
f 3472/364/520 2428/366/522 2429/367/523
f 2429/367/523 2428/366/522 659/368/524
f 2425/360/516 3472/364/520 657/362/518
f 657/362/518 3472/364/520 2429/367/523
f 657/362/518 2429/367/523 2432/369/525
f 2432/369/525 2429/367/523 3473/370/526
f 2429/367/523 659/368/524 3473/370/526
f 3473/370/526 659/368/524 2430/371/527
f 3473/370/526 2430/371/527 2431/372/528
f 2431/372/528 2430/371/527 660/373/529
f 2432/369/525 3473/370/526 661/374/530
f 661/374/530 3473/370/526 2431/372/528
f 653/345/501 2426/361/517 2419/349/505
f 2419/349/505 2426/361/517 3474/375/531
f 2426/361/517 657/362/518 3474/375/531
f 3474/375/531 657/362/518 2432/369/525
f 3474/375/531 2432/369/525 2433/376/532
f 2433/376/532 2432/369/525 661/374/530
f 2419/349/505 3474/375/531 654/350/506
f 654/350/506 3474/375/531 2433/376/532
f 2434/377/533 3475/378/534 658/365/521
f 658/365/521 3475/378/534 2428/366/522
f 662/379/535 2435/380/536 2434/377/533
f 2434/377/533 2435/380/536 3475/378/534
f 2435/380/536 663/381/537 3475/378/534
f 3475/378/534 663/381/537 2436/382/538
f 3475/378/534 2436/382/538 2428/366/522
f 2428/366/522 2436/382/538 659/368/524
f 2437/383/539 3476/384/540 662/379/535
f 662/379/535 3476/384/540 2435/380/536
f 664/385/541 2438/386/542 2437/383/539
f 2437/383/539 2438/386/542 3476/384/540
f 2438/386/542 665/387/543 3476/384/540
f 3476/384/540 665/387/543 2439/388/544
f 3476/384/540 2439/388/544 2435/380/536
f 2435/380/536 2439/388/544 663/381/537
f 2439/388/544 3477/389/545 663/381/537
f 663/381/537 3477/389/545 2442/390/546
f 665/387/543 2440/391/547 2439/388/544
f 2439/388/544 2440/391/547 3477/389/545
f 2440/391/547 666/392/548 3477/389/545
f 3477/389/545 666/392/548 2441/393/549
f 3477/389/545 2441/393/549 2442/390/546
f 2442/390/546 2441/393/549 667/394/550
f 2436/382/538 3478/395/551 659/368/524
f 659/368/524 3478/395/551 2430/371/527
f 663/381/537 2442/390/546 2436/382/538
f 2436/382/538 2442/390/546 3478/395/551
f 2442/390/546 667/394/550 3478/395/551
f 3478/395/551 667/394/550 2443/396/552
f 3478/395/551 2443/396/552 2430/371/527
f 2430/371/527 2443/396/552 660/373/529
f 664/385/541 2444/397/553 2438/386/542
f 2438/386/542 2444/397/553 3479/398/554
f 2444/397/553 668/399/555 3479/398/554
f 3479/398/554 668/399/555 2445/400/556
f 3479/398/554 2445/400/556 2446/401/557
f 2446/401/557 2445/400/556 669/402/558
f 2438/386/542 3479/398/554 665/387/543
f 665/387/543 3479/398/554 2446/401/557
f 668/399/555 2447/403/559 2445/400/556
f 2445/400/556 2447/403/559 3480/404/560
f 2447/403/559 670/405/561 3480/404/560
f 3480/404/560 670/405/561 2448/406/562
f 3480/404/560 2448/406/562 2449/407/563
f 2449/407/563 2448/406/562 671/408/564
f 2445/400/556 3480/404/560 669/402/558
f 669/402/558 3480/404/560 2449/407/563
f 669/402/558 2449/407/563 2452/409/565
f 2452/409/565 2449/407/563 3481/410/566
f 2449/407/563 671/408/564 3481/410/566
f 3481/410/566 671/408/564 2450/411/567
f 3481/410/566 2450/411/567 2451/412/568
f 2451/412/568 2450/411/567 672/413/569
f 2452/409/565 3481/410/566 673/414/570
f 673/414/570 3481/410/566 2451/412/568
f 665/387/543 2446/401/557 2440/391/547
f 2440/391/547 2446/401/557 3482/415/571
f 2446/401/557 669/402/558 3482/415/571
f 3482/415/571 669/402/558 2452/409/565
f 3482/415/571 2452/409/565 2453/416/572
f 2453/416/572 2452/409/565 673/414/570
f 2440/391/547 3482/415/571 666/392/548
f 666/392/548 3482/415/571 2453/416/572
f 2454/417/573 3483/418/574 670/405/561
f 670/405/561 3483/418/574 2448/406/562
f 674/419/575 2455/420/576 2454/417/573
f 2454/417/573 2455/420/576 3483/418/574
f 2455/420/576 675/421/577 3483/418/574
f 3483/418/574 675/421/577 2456/422/578
f 3483/418/574 2456/422/578 2448/406/562
f 2448/406/562 2456/422/578 671/408/564
f 2457/423/579 3484/424/580 674/419/575
f 674/419/575 3484/424/580 2455/420/576
f 676/425/581 2458/426/582 2457/423/579
f 2457/423/579 2458/426/582 3484/424/580
f 2458/426/582 677/427/583 3484/424/580
f 3484/424/580 677/427/583 2459/428/584
f 3484/424/580 2459/428/584 2455/420/576
f 2455/420/576 2459/428/584 675/421/577
f 2459/428/584 3485/429/585 675/421/577
f 675/421/577 3485/429/585 2462/430/586
f 677/427/583 2460/431/587 2459/428/584
f 2459/428/584 2460/431/587 3485/429/585
f 2460/431/587 678/432/588 3485/429/585
f 3485/429/585 678/432/588 2461/433/589
f 3485/429/585 2461/433/589 2462/430/586
f 2462/430/586 2461/433/589 679/434/590
f 2456/422/578 3486/435/591 671/408/564
f 671/408/564 3486/435/591 2450/411/567
f 675/421/577 2462/430/586 2456/422/578
f 2456/422/578 2462/430/586 3486/435/591
f 2462/430/586 679/434/590 3486/435/591
f 3486/435/591 679/434/590 2463/436/592
f 3486/435/591 2463/436/592 2450/411/567
f 2450/411/567 2463/436/592 672/413/569
f 676/425/581 2464/437/593 2458/426/582
f 2458/426/582 2464/437/593 3487/438/594
f 2464/437/593 680/439/595 3487/438/594
f 3487/438/594 680/439/595 2465/440/596
f 3487/438/594 2465/440/596 2466/441/597
f 2466/441/597 2465/440/596 681/442/598
f 2458/426/582 3487/438/594 677/427/583
f 677/427/583 3487/438/594 2466/441/597
f 680/439/595 2467/443/599 2465/440/596
f 2465/440/596 2467/443/599 3488/444/600
f 2467/443/599 682/445/601 3488/444/600
f 3488/444/600 682/445/601 2468/446/602
f 3488/444/600 2468/446/602 2469/447/603
f 2469/447/603 2468/446/602 683/448/604
f 2465/440/596 3488/444/600 681/442/598
f 681/442/598 3488/444/600 2469/447/603
f 681/442/598 2469/447/603 2472/449/605
f 2472/449/605 2469/447/603 3489/450/606
f 2469/447/603 683/448/604 3489/450/606
f 3489/450/606 683/448/604 2470/451/607
f 3489/450/606 2470/451/607 2471/452/608
f 2471/452/608 2470/451/607 684/453/609
f 2472/449/605 3489/450/606 685/454/610
f 685/454/610 3489/450/606 2471/452/608
f 677/427/583 2466/441/597 2460/431/587
f 2460/431/587 2466/441/597 3490/455/611
f 2466/441/597 681/442/598 3490/455/611
f 3490/455/611 681/442/598 2472/449/605
f 3490/455/611 2472/449/605 2473/456/612
f 2473/456/612 2472/449/605 685/454/610
f 2460/431/587 3490/455/611 678/432/588
f 678/432/588 3490/455/611 2473/456/612
f 2474/457/613 3491/458/614 682/445/601
f 682/445/601 3491/458/614 2468/446/602
f 1223/459/615 2475/460/616 2474/457/613
f 2474/457/613 2475/460/616 3491/458/614
f 2475/460/616 1224/461/617 3491/458/614
f 3491/458/614 1224/461/617 2476/462/618
f 3491/458/614 2476/462/618 2468/446/602
f 2468/446/602 2476/462/618 683/448/604
f 2477/463/619 3492/464/620 686/465/621
f 686/465/621 3492/464/620 2480/466/622
f 688/467/623 2478/468/624 2477/463/619
f 2477/463/619 2478/468/624 3492/464/620
f 2478/468/624 689/469/625 3492/464/620
f 3492/464/620 689/469/625 2479/470/626
f 3492/464/620 2479/470/626 2480/466/622
f 2480/466/622 2479/470/626 687/471/627
f 2479/470/626 3493/472/628 687/471/627
f 687/471/627 3493/472/628 2483/473/629
f 689/469/625 2481/474/630 2479/470/626
f 2479/470/626 2481/474/630 3493/472/628
f 2481/474/630 690/475/631 3493/472/628
f 3493/472/628 690/475/631 2482/476/632
f 3493/472/628 2482/476/632 2483/473/629
f 2483/473/629 2482/476/632 691/477/633
f 2476/462/618 3494/478/634 683/448/604
f 683/448/604 3494/478/634 2470/451/607
f 1224/461/617 2484/479/635 2476/462/618
f 2476/462/618 2484/479/635 3494/478/634
f 2484/479/635 1225/480/636 3494/478/634
f 3494/478/634 1225/480/636 2485/481/637
f 3494/478/634 2485/481/637 2470/451/607
f 2470/451/607 2485/481/637 684/453/609
f 688/467/623 2486/482/638 2478/468/624
f 2478/468/624 2486/482/638 3495/483/639
f 2486/482/638 692/484/640 3495/483/639
f 3495/483/639 692/484/640 2487/485/641
f 3495/483/639 2487/485/641 2488/486/642
f 2488/486/642 2487/485/641 693/487/643
f 2478/468/624 3495/483/639 689/469/625
f 689/469/625 3495/483/639 2488/486/642
f 2489/488/644 3496/489/645 1265/490/646
f 1265/490/646 3496/489/645 2492/491/647
f 1266/492/648 2490/493/649 2489/488/644
f 2489/488/644 2490/493/649 3496/489/645
f 2490/493/649 694/494/650 3496/489/645
f 3496/489/645 694/494/650 2491/495/651
f 3496/489/645 2491/495/651 2492/491/647
f 2492/491/647 2491/495/651 695/496/652
f 2493/497/653 3497/498/654 1264/499/655
f 1264/499/655 3497/498/654 2495/500/656
f 1265/490/646 2492/491/647 2493/497/653
f 2493/497/653 2492/491/647 3497/498/654
f 2492/491/647 695/496/652 3497/498/654
f 3497/498/654 695/496/652 2494/501/657
f 3497/498/654 2494/501/657 2495/500/656
f 2495/500/656 2494/501/657 696/502/658
f 689/469/625 2488/486/642 2481/474/630
f 2481/474/630 2488/486/642 3498/503/659
f 2488/486/642 693/487/643 3498/503/659
f 3498/503/659 693/487/643 2496/504/660
f 3498/503/659 2496/504/660 2497/505/661
f 2497/505/661 2496/504/660 697/506/662
f 2481/474/630 3498/503/659 690/475/631
f 690/475/631 3498/503/659 2497/505/661
f 1315/507/663 2498/508/664 2501/509/665
f 2501/509/665 2498/508/664 3499/510/666
f 2498/508/664 1316/511/667 3499/510/666
f 3499/510/666 1316/511/667 2499/512/668
f 3499/510/666 2499/512/668 2500/513/669
f 2500/513/669 2499/512/668 698/514/670
f 2501/509/665 3499/510/666 699/515/671
f 699/515/671 3499/510/666 2500/513/669
f 2502/516/672 3500/517/673 698/514/670
f 698/514/670 3500/517/673 2500/513/669
f 641/307/463 2403/309/465 2502/516/672
f 2502/516/672 2403/309/465 3500/517/673
f 2403/309/465 644/315/471 3500/517/673
f 3500/517/673 644/315/471 2503/518/674
f 3500/517/673 2503/518/674 2500/513/669
f 2500/513/669 2503/518/674 699/515/671
f 2503/518/674 3501/519/675 699/515/671
f 699/515/671 3501/519/675 2505/520/676
f 644/315/471 2411/328/484 2503/518/674
f 2503/518/674 2411/328/484 3501/519/675
f 2411/328/484 649/331/487 3501/519/675
f 3501/519/675 649/331/487 2504/521/677
f 3501/519/675 2504/521/677 2505/520/676
f 2505/520/676 2504/521/677 700/522/678
f 1314/523/679 2506/524/680 2507/525/681
f 2507/525/681 2506/524/680 3502/526/682
f 2506/524/680 1315/507/663 3502/526/682
f 3502/526/682 1315/507/663 2501/509/665
f 3502/526/682 2501/509/665 2505/520/676
f 2505/520/676 2501/509/665 699/515/671
f 2507/525/681 3502/526/682 700/522/678
f 700/522/678 3502/526/682 2505/520/676
f 649/331/487 2410/330/486 2510/527/683
f 2510/527/683 2410/330/486 3503/528/684
f 2410/330/486 648/327/483 3503/528/684
f 3503/528/684 648/327/483 2508/529/685
f 2508/529/685 701/530/686 3503/528/684
f 3503/528/684 701/530/686 2509/531/687
f 3503/528/684 2509/531/687 2510/527/683
f 2510/527/683 2509/531/687 702/532/688
f 648/327/483 2408/325/481 2508/529/685
f 2508/529/685 2408/325/481 3504/533/689
f 2408/325/481 1275/326/482 3504/533/689
f 3504/533/689 1275/326/482 2511/534/690
f 3504/533/689 2511/534/690 2512/535/691
f 2512/535/691 2511/534/690 1276/536/692
f 3504/533/689 2512/535/691 2508/529/685
f 2508/529/685 2512/535/691 701/530/686
f 2512/535/691 3505/537/693 701/530/686
f 701/530/686 3505/537/693 2515/538/694
f 1276/536/692 2513/539/695 2512/535/691
f 2512/535/691 2513/539/695 3505/537/693
f 2513/539/695 1277/540/696 3505/537/693
f 3505/537/693 1277/540/696 2514/541/697
f 3505/537/693 2514/541/697 2515/538/694
f 2515/538/694 2514/541/697 705/542/698
f 2509/531/687 3506/543/699 702/532/688
f 702/532/688 3506/543/699 2517/544/700
f 701/530/686 2515/538/694 2509/531/687
f 2509/531/687 2515/538/694 3506/543/699
f 2515/538/694 705/542/698 3506/543/699
f 3506/543/699 705/542/698 2516/545/701
f 3506/543/699 2516/545/701 2517/544/700
f 2517/544/700 2516/545/701 706/546/702
f 2422/355/511 3507/547/703 647/356/512
f 647/356/512 3507/547/703 2520/548/704
f 655/352/508 2518/549/705 2422/355/511
f 2422/355/511 2518/549/705 3507/547/703
f 2518/549/705 707/550/706 3507/547/703
f 3507/547/703 707/550/706 2519/551/707
f 3507/547/703 2519/551/707 2520/548/704
f 2520/548/704 2519/551/707 703/552/708
f 2420/351/507 3508/553/709 655/352/508
f 655/352/508 3508/553/709 2518/549/705
f 654/350/506 2521/554/710 2420/351/507
f 2420/351/507 2521/554/710 3508/553/709
f 3508/553/709 2521/554/710 2522/555/711
f 2522/555/711 2521/554/710 708/556/712
f 2518/549/705 3508/553/709 707/550/706
f 707/550/706 3508/553/709 2522/555/711
f 707/550/706 2522/555/711 2525/557/713
f 2525/557/713 2522/555/711 3509/558/714
f 2522/555/711 708/556/712 3509/558/714
f 3509/558/714 708/556/712 2523/559/715
f 3509/558/714 2523/559/715 2524/560/716
f 2524/560/716 2523/559/715 709/561/717
f 2525/557/713 3509/558/714 710/562/718
f 710/562/718 3509/558/714 2524/560/716
f 703/552/708 2519/551/707 2527/563/719
f 2527/563/719 2519/551/707 3510/564/720
f 2519/551/707 707/550/706 3510/564/720
f 3510/564/720 707/550/706 2525/557/713
f 3510/564/720 2525/557/713 2526/565/721
f 2526/565/721 2525/557/713 710/562/718
f 2527/563/719 3510/564/720 704/566/722
f 704/566/722 3510/564/720 2526/565/721
f 654/350/506 2433/376/532 2521/554/710
f 2521/554/710 2433/376/532 3511/567/723
f 2433/376/532 661/374/530 3511/567/723
f 3511/567/723 661/374/530 2528/568/724
f 2528/568/724 711/569/725 3511/567/723
f 3511/567/723 711/569/725 2529/570/726
f 3511/567/723 2529/570/726 2521/554/710
f 2521/554/710 2529/570/726 708/556/712
f 661/374/530 2431/372/528 2528/568/724
f 2528/568/724 2431/372/528 3512/571/727
f 2431/372/528 660/373/529 3512/571/727
f 3512/571/727 660/373/529 2530/572/728
f 3512/571/727 2530/572/728 2531/573/729
f 2531/573/729 2530/572/728 712/574/730
f 2528/568/724 3512/571/727 711/569/725
f 711/569/725 3512/571/727 2531/573/729
f 2531/573/729 3513/575/731 711/569/725
f 711/569/725 3513/575/731 2534/576/732
f 712/574/730 2532/577/733 2531/573/729
f 2531/573/729 2532/577/733 3513/575/731
f 2532/577/733 713/578/734 3513/575/731
f 3513/575/731 713/578/734 2533/579/735
f 3513/575/731 2533/579/735 2534/576/732
f 2534/576/732 2533/579/735 714/580/736
f 2529/570/726 3514/581/737 708/556/712
f 708/556/712 3514/581/737 2523/559/715
f 711/569/725 2534/576/732 2529/570/726
f 2529/570/726 2534/576/732 3514/581/737
f 2534/576/732 714/580/736 3514/581/737
f 3514/581/737 714/580/736 2535/582/738
f 3514/581/737 2535/582/738 2523/559/715
f 2523/559/715 2535/582/738 709/561/717
f 2443/396/552 3515/583/739 660/373/529
f 660/373/529 3515/583/739 2530/572/728
f 667/394/550 2536/584/740 2443/396/552
f 2443/396/552 2536/584/740 3515/583/739
f 2536/584/740 715/585/741 3515/583/739
f 3515/583/739 715/585/741 2537/586/742
f 3515/583/739 2537/586/742 2530/572/728
f 2530/572/728 2537/586/742 712/574/730
f 2441/393/549 3516/587/743 667/394/550
f 667/394/550 3516/587/743 2536/584/740
f 666/392/548 2538/588/744 2441/393/549
f 2441/393/549 2538/588/744 3516/587/743
f 3516/587/743 2538/588/744 2539/589/745
f 2539/589/745 2538/588/744 716/590/746
f 2536/584/740 3516/587/743 715/585/741
f 715/585/741 3516/587/743 2539/589/745
f 715/585/741 2539/589/745 2542/591/747
f 2542/591/747 2539/589/745 3517/592/748
f 2539/589/745 716/590/746 3517/592/748
f 3517/592/748 716/590/746 2540/593/749
f 3517/592/748 2540/593/749 2541/594/750
f 2541/594/750 2540/593/749 717/595/751
f 2542/591/747 3517/592/748 718/596/752
f 718/596/752 3517/592/748 2541/594/750
f 712/574/730 2537/586/742 2532/577/733
f 2532/577/733 2537/586/742 3518/597/753
f 2537/586/742 715/585/741 3518/597/753
f 3518/597/753 715/585/741 2542/591/747
f 3518/597/753 2542/591/747 2543/598/754
f 2543/598/754 2542/591/747 718/596/752
f 2532/577/733 3518/597/753 713/578/734
f 713/578/734 3518/597/753 2543/598/754
f 666/392/548 2453/416/572 2538/588/744
f 2538/588/744 2453/416/572 3519/599/755
f 2453/416/572 673/414/570 3519/599/755
f 3519/599/755 673/414/570 2544/600/756
f 2544/600/756 719/601/757 3519/599/755
f 3519/599/755 719/601/757 2545/602/758
f 3519/599/755 2545/602/758 2538/588/744
f 2538/588/744 2545/602/758 716/590/746
f 673/414/570 2451/412/568 2544/600/756
f 2544/600/756 2451/412/568 3520/603/759
f 2451/412/568 672/413/569 3520/603/759
f 3520/603/759 672/413/569 2546/604/760
f 3520/603/759 2546/604/760 2547/605/761
f 2547/605/761 2546/604/760 720/606/762
f 2544/600/756 3520/603/759 719/601/757
f 719/601/757 3520/603/759 2547/605/761
f 2547/605/761 3521/607/763 719/601/757
f 719/601/757 3521/607/763 2550/608/764
f 720/606/762 2548/609/765 2547/605/761
f 2547/605/761 2548/609/765 3521/607/763
f 2548/609/765 721/610/766 3521/607/763
f 3521/607/763 721/610/766 2549/611/767
f 3521/607/763 2549/611/767 2550/608/764
f 2550/608/764 2549/611/767 722/612/768
f 2545/602/758 3522/613/769 716/590/746
f 716/590/746 3522/613/769 2540/593/749
f 719/601/757 2550/608/764 2545/602/758
f 2545/602/758 2550/608/764 3522/613/769
f 2550/608/764 722/612/768 3522/613/769
f 3522/613/769 722/612/768 2551/614/770
f 3522/613/769 2551/614/770 2540/593/749
f 2540/593/749 2551/614/770 717/595/751
f 2463/436/592 3523/615/771 672/413/569
f 672/413/569 3523/615/771 2546/604/760
f 679/434/590 2552/616/772 2463/436/592
f 2463/436/592 2552/616/772 3523/615/771
f 2552/616/772 723/617/773 3523/615/771
f 3523/615/771 723/617/773 2553/618/774
f 3523/615/771 2553/618/774 2546/604/760
f 2546/604/760 2553/618/774 720/606/762
f 2461/433/589 3524/619/775 679/434/590
f 679/434/590 3524/619/775 2552/616/772
f 678/432/588 2554/620/776 2461/433/589
f 2461/433/589 2554/620/776 3524/619/775
f 3524/619/775 2554/620/776 2555/621/777
f 2555/621/777 2554/620/776 724/622/778
f 2552/616/772 3524/619/775 723/617/773
f 723/617/773 3524/619/775 2555/621/777
f 723/617/773 2555/621/777 2558/623/779
f 2558/623/779 2555/621/777 3525/624/780
f 2555/621/777 724/622/778 3525/624/780
f 3525/624/780 724/622/778 2556/625/781
f 3525/624/780 2556/625/781 2557/626/782
f 2557/626/782 2556/625/781 725/627/783
f 2558/623/779 3525/624/780 726/628/784
f 726/628/784 3525/624/780 2557/626/782
f 720/606/762 2553/618/774 2548/609/765
f 2548/609/765 2553/618/774 3526/629/785
f 2553/618/774 723/617/773 3526/629/785
f 3526/629/785 723/617/773 2558/623/779
f 3526/629/785 2558/623/779 2559/630/786
f 2559/630/786 2558/623/779 726/628/784
f 2548/609/765 3526/629/785 721/610/766
f 721/610/766 3526/629/785 2559/630/786
f 678/432/588 2473/456/612 2554/620/776
f 2554/620/776 2473/456/612 3527/631/787
f 2473/456/612 685/454/610 3527/631/787
f 3527/631/787 685/454/610 2560/632/788
f 2560/632/788 727/633/789 3527/631/787
f 3527/631/787 727/633/789 2561/634/790
f 3527/631/787 2561/634/790 2554/620/776
f 2554/620/776 2561/634/790 724/622/778
f 685/454/610 2471/452/608 2560/632/788
f 2560/632/788 2471/452/608 3528/635/791
f 2471/452/608 684/453/609 3528/635/791
f 3528/635/791 684/453/609 2562/636/792
f 3528/635/791 2562/636/792 2563/637/793
f 2563/637/793 2562/636/792 728/638/794
f 2560/632/788 3528/635/791 727/633/789
f 727/633/789 3528/635/791 2563/637/793
f 2563/637/793 3529/639/795 727/633/789
f 727/633/789 3529/639/795 2566/640/796
f 728/638/794 2564/641/797 2563/637/793
f 2563/637/793 2564/641/797 3529/639/795
f 2564/641/797 729/642/798 3529/639/795
f 3529/639/795 729/642/798 2565/643/799
f 3529/639/795 2565/643/799 2566/640/796
f 2566/640/796 2565/643/799 730/644/800
f 2561/634/790 3530/645/801 724/622/778
f 724/622/778 3530/645/801 2556/625/781
f 727/633/789 2566/640/796 2561/634/790
f 2561/634/790 2566/640/796 3530/645/801
f 2566/640/796 730/644/800 3530/645/801
f 3530/645/801 730/644/800 2567/646/802
f 3530/645/801 2567/646/802 2556/625/781
f 2556/625/781 2567/646/802 725/627/783
f 2485/481/637 3531/647/803 684/453/609
f 684/453/609 3531/647/803 2562/636/792
f 1225/480/636 2568/648/804 2485/481/637
f 2485/481/637 2568/648/804 3531/647/803
f 2568/648/804 1226/649/805 3531/647/803
f 3531/647/803 1226/649/805 2569/650/806
f 3531/647/803 2569/650/806 2562/636/792
f 2562/636/792 2569/650/806 728/638/794
f 2482/476/632 3532/651/807 691/477/633
f 691/477/633 3532/651/807 2572/652/808
f 690/475/631 2570/653/809 2482/476/632
f 2482/476/632 2570/653/809 3532/651/807
f 3532/651/807 2570/653/809 2571/654/810
f 2571/654/810 2570/653/809 732/655/811
f 2572/652/808 3532/651/807 731/656/812
f 731/656/812 3532/651/807 2571/654/810
f 731/656/812 2571/654/810 2575/657/813
f 2575/657/813 2571/654/810 3533/658/814
f 2571/654/810 732/655/811 3533/658/814
f 3533/658/814 732/655/811 2573/659/815
f 3533/658/814 2573/659/815 2574/660/816
f 2574/660/816 2573/659/815 733/661/817
f 2575/657/813 3533/658/814 734/662/818
f 734/662/818 3533/658/814 2574/660/816
f 728/638/794 2569/650/806 2564/641/797
f 2564/641/797 2569/650/806 3534/663/819
f 2569/650/806 1226/649/805 3534/663/819
f 3534/663/819 1226/649/805 2576/664/820
f 3534/663/819 2576/664/820 2577/665/821
f 2577/665/821 2576/664/820 1227/666/822
f 2564/641/797 3534/663/819 729/642/798
f 729/642/798 3534/663/819 2577/665/821
f 690/475/631 2497/505/661 2570/653/809
f 2570/653/809 2497/505/661 3535/667/823
f 2497/505/661 697/506/662 3535/667/823
f 3535/667/823 697/506/662 2578/668/824
f 2578/668/824 735/669/825 3535/667/823
f 3535/667/823 735/669/825 2579/670/826
f 3535/667/823 2579/670/826 2570/653/809
f 2570/653/809 2579/670/826 732/655/811
f 2580/671/827 3536/672/828 1263/673/829
f 1263/673/829 3536/672/828 2582/674/830
f 1264/499/655 2495/500/656 2580/671/827
f 2580/671/827 2495/500/656 3536/672/828
f 2495/500/656 696/502/658 3536/672/828
f 3536/672/828 696/502/658 2581/675/831
f 3536/672/828 2581/675/831 2582/674/830
f 2582/674/830 2581/675/831 736/676/832
f 1262/677/833 2583/678/834 2585/679/835
f 2585/679/835 2583/678/834 3537/680/836
f 2583/678/834 1263/673/829 3537/680/836
f 3537/680/836 1263/673/829 2582/674/830
f 3537/680/836 2582/674/830 2584/681/837
f 2584/681/837 2582/674/830 736/676/832
f 2585/679/835 3537/680/836 737/682/838
f 737/682/838 3537/680/836 2584/681/837
f 2579/670/826 3538/683/839 732/655/811
f 732/655/811 3538/683/839 2573/659/815
f 735/669/825 2586/684/840 2579/670/826
f 2579/670/826 2586/684/840 3538/683/839
f 2586/684/840 738/685/841 3538/683/839
f 3538/683/839 738/685/841 2587/686/842
f 3538/683/839 2587/686/842 2573/659/815
f 2573/659/815 2587/686/842 733/661/817
f 1313/687/843 2588/688/844 2590/689/845
f 2590/689/845 2588/688/844 3539/690/846
f 2588/688/844 1314/523/679 3539/690/846
f 3539/690/846 1314/523/679 2507/525/681
f 3539/690/846 2507/525/681 2589/691/847
f 2589/691/847 2507/525/681 700/522/678
f 3539/690/846 2589/691/847 2590/689/845
f 2590/689/845 2589/691/847 739/692/848
f 2504/521/677 3540/693/849 700/522/678
f 700/522/678 3540/693/849 2589/691/847
f 649/331/487 2510/527/683 2504/521/677
f 2504/521/677 2510/527/683 3540/693/849
f 3540/693/849 2510/527/683 2591/694/850
f 2591/694/850 2510/527/683 702/532/688
f 2589/691/847 3540/693/849 739/692/848
f 739/692/848 3540/693/849 2591/694/850
f 739/692/848 2591/694/850 2593/695/851
f 2593/695/851 2591/694/850 3541/696/852
f 2591/694/850 702/532/688 3541/696/852
f 3541/696/852 702/532/688 2517/544/700
f 3541/696/852 2517/544/700 2592/697/853
f 2592/697/853 2517/544/700 706/546/702
f 2593/695/851 3541/696/852 740/698/854
f 740/698/854 3541/696/852 2592/697/853
f 2594/699/855 3542/700/856 1312/701/857
f 1312/701/857 3542/700/856 2595/702/858
f 1313/687/843 2590/689/845 2594/699/855
f 2594/699/855 2590/689/845 3542/700/856
f 2590/689/845 739/692/848 3542/700/856
f 3542/700/856 739/692/848 2593/695/851
f 3542/700/856 2593/695/851 2595/702/858
f 2595/702/858 2593/695/851 740/698/854
f 2516/703/701 3543/704/859 706/705/702
f 706/705/702 3543/704/859 2598/706/860
f 705/707/698 2596/708/861 2516/703/701
f 2516/703/701 2596/708/861 3543/704/859
f 2596/708/861 741/709/862 3543/704/859
f 3543/704/859 741/709/862 2597/710/863
f 3543/704/859 2597/710/863 2598/706/860
f 2598/706/860 2597/710/863 742/711/864
f 2514/712/697 3544/713/865 705/707/698
f 705/707/698 3544/713/865 2596/708/861
f 1277/714/696 2599/715/866 2514/712/697
f 2514/712/697 2599/715/866 3544/713/865
f 2599/715/866 1278/716/867 3544/713/865
f 3544/713/865 1278/716/867 2600/717/868
f 3544/713/865 2600/717/868 2596/708/861
f 2596/708/861 2600/717/868 741/709/862
f 2600/717/868 3545/718/869 741/709/862
f 741/709/862 3545/718/869 2603/719/870
f 1278/716/867 2601/720/871 2600/717/868
f 2600/717/868 2601/720/871 3545/718/869
f 2601/720/871 1279/721/872 3545/718/869
f 3545/718/869 1279/721/872 2602/722/873
f 3545/718/869 2602/722/873 2603/719/870
f 2603/719/870 2602/722/873 745/723/874
f 2597/710/863 3546/724/875 742/711/864
f 742/711/864 3546/724/875 2605/725/876
f 741/709/862 2603/719/870 2597/710/863
f 2597/710/863 2603/719/870 3546/724/875
f 2603/719/870 745/723/874 3546/724/875
f 3546/724/875 745/723/874 2604/726/877
f 3546/724/875 2604/726/877 2605/725/876
f 2605/725/876 2604/726/877 746/727/878
f 704/728/722 2526/729/721 2608/730/879
f 2608/730/879 2526/729/721 3547/731/880
f 2526/729/721 710/732/718 3547/731/880
f 3547/731/880 710/732/718 2606/733/881
f 3547/731/880 2606/733/881 2607/734/882
f 2607/734/882 2606/733/881 747/735/883
f 2608/730/879 3547/731/880 743/736/884
f 743/736/884 3547/731/880 2607/734/882
f 710/732/718 2524/737/716 2606/733/881
f 2606/733/881 2524/737/716 3548/738/885
f 2524/737/716 709/739/717 3548/738/885
f 3548/738/885 709/739/717 2609/740/886
f 3548/738/885 2609/740/886 2610/741/887
f 2610/741/887 2609/740/886 748/742/888
f 2606/733/881 3548/738/885 747/735/883
f 747/735/883 3548/738/885 2610/741/887
f 747/735/883 2610/741/887 2613/743/889
f 2613/743/889 2610/741/887 3549/744/890
f 2610/741/887 748/742/888 3549/744/890
f 3549/744/890 748/742/888 2611/745/891
f 3549/744/890 2611/745/891 2612/746/892
f 2612/746/892 2611/745/891 749/747/893
f 2613/743/889 3549/744/890 750/748/894
f 750/748/894 3549/744/890 2612/746/892
f 743/736/884 2607/734/882 2615/749/895
f 2615/749/895 2607/734/882 3550/750/896
f 2607/734/882 747/735/883 3550/750/896
f 3550/750/896 747/735/883 2613/743/889
f 3550/750/896 2613/743/889 2614/751/897
f 2614/751/897 2613/743/889 750/748/894
f 2615/749/895 3550/750/896 744/752/898
f 744/752/898 3550/750/896 2614/751/897
f 2535/753/738 3551/754/899 709/739/717
f 709/739/717 3551/754/899 2609/740/886
f 714/755/736 2616/756/900 2535/753/738
f 2535/753/738 2616/756/900 3551/754/899
f 2616/756/900 751/757/901 3551/754/899
f 3551/754/899 751/757/901 2617/758/902
f 3551/754/899 2617/758/902 2609/740/886
f 2609/740/886 2617/758/902 748/742/888
f 2533/759/735 3552/760/903 714/755/736
f 714/755/736 3552/760/903 2616/756/900
f 713/761/734 2618/762/904 2533/759/735
f 2533/759/735 2618/762/904 3552/760/903
f 2618/762/904 752/763/905 3552/760/903
f 3552/760/903 752/763/905 2619/764/906
f 3552/760/903 2619/764/906 2616/756/900
f 2616/756/900 2619/764/906 751/757/901
f 2619/764/906 3553/765/907 751/757/901
f 751/757/901 3553/765/907 2622/766/908
f 752/763/905 2620/767/909 2619/764/906
f 2619/764/906 2620/767/909 3553/765/907
f 2620/767/909 753/768/910 3553/765/907
f 3553/765/907 753/768/910 2621/769/911
f 3553/765/907 2621/769/911 2622/766/908
f 2622/766/908 2621/769/911 754/770/912
f 2617/758/902 3554/771/913 748/742/888
f 748/742/888 3554/771/913 2611/745/891
f 751/757/901 2622/766/908 2617/758/902
f 2617/758/902 2622/766/908 3554/771/913
f 2622/766/908 754/770/912 3554/771/913
f 3554/771/913 754/770/912 2623/772/914
f 3554/771/913 2623/772/914 2611/745/891
f 2611/745/891 2623/772/914 749/747/893
f 713/761/734 2543/773/754 2618/762/904
f 2618/762/904 2543/773/754 3555/774/915
f 2543/773/754 718/775/752 3555/774/915
f 3555/774/915 718/775/752 2624/776/916
f 3555/774/915 2624/776/916 2625/777/917
f 2625/777/917 2624/776/916 755/778/918
f 2618/762/904 3555/774/915 752/763/905
f 752/763/905 3555/774/915 2625/777/917
f 718/775/752 2541/779/750 2624/776/916
f 2624/776/916 2541/779/750 3556/780/919
f 2541/779/750 717/781/751 3556/780/919
f 3556/780/919 717/781/751 2626/782/920
f 3556/780/919 2626/782/920 2627/783/921
f 2627/783/921 2626/782/920 756/784/922
f 2624/776/916 3556/780/919 755/778/918
f 755/778/918 3556/780/919 2627/783/921
f 755/778/918 2627/783/921 2630/785/923
f 2630/785/923 2627/783/921 3557/786/924
f 2627/783/921 756/784/922 3557/786/924
f 3557/786/924 756/784/922 2628/787/925
f 3557/786/924 2628/787/925 2629/788/926
f 2629/788/926 2628/787/925 757/789/927
f 2630/785/923 3557/786/924 758/790/928
f 758/790/928 3557/786/924 2629/788/926
f 752/763/905 2625/777/917 2620/767/909
f 2620/767/909 2625/777/917 3558/791/929
f 2625/777/917 755/778/918 3558/791/929
f 3558/791/929 755/778/918 2630/785/923
f 3558/791/929 2630/785/923 2631/792/930
f 2631/792/930 2630/785/923 758/790/928
f 2620/767/909 3558/791/929 753/768/910
f 753/768/910 3558/791/929 2631/792/930
f 2551/793/770 3559/794/931 717/781/751
f 717/781/751 3559/794/931 2626/782/920
f 722/795/768 2632/796/932 2551/793/770
f 2551/793/770 2632/796/932 3559/794/931
f 2632/796/932 759/797/933 3559/794/931
f 3559/794/931 759/797/933 2633/798/934
f 3559/794/931 2633/798/934 2626/782/920
f 2626/782/920 2633/798/934 756/784/922
f 2549/799/767 3560/800/935 722/795/768
f 722/795/768 3560/800/935 2632/796/932
f 721/801/766 2634/802/936 2549/799/767
f 2549/799/767 2634/802/936 3560/800/935
f 2634/802/936 760/803/937 3560/800/935
f 3560/800/935 760/803/937 2635/804/938
f 3560/800/935 2635/804/938 2632/796/932
f 2632/796/932 2635/804/938 759/797/933
f 2635/804/938 3561/805/939 759/797/933
f 759/797/933 3561/805/939 2638/806/940
f 760/803/937 2636/807/941 2635/804/938
f 2635/804/938 2636/807/941 3561/805/939
f 2636/807/941 761/808/942 3561/805/939
f 3561/805/939 761/808/942 2637/809/943
f 3561/805/939 2637/809/943 2638/806/940
f 2638/806/940 2637/809/943 762/810/944
f 2633/798/934 3562/811/945 756/784/922
f 756/784/922 3562/811/945 2628/787/925
f 759/797/933 2638/806/940 2633/798/934
f 2633/798/934 2638/806/940 3562/811/945
f 2638/806/940 762/810/944 3562/811/945
f 3562/811/945 762/810/944 2639/812/946
f 3562/811/945 2639/812/946 2628/787/925
f 2628/787/925 2639/812/946 757/789/927
f 721/801/766 2559/813/786 2634/802/936
f 2634/802/936 2559/813/786 3563/814/947
f 2559/813/786 726/815/784 3563/814/947
f 3563/814/947 726/815/784 2640/816/948
f 3563/814/947 2640/816/948 2641/817/949
f 2641/817/949 2640/816/948 763/818/950
f 2634/802/936 3563/814/947 760/803/937
f 760/803/937 3563/814/947 2641/817/949
f 726/815/784 2557/819/782 2640/816/948
f 2640/816/948 2557/819/782 3564/820/951
f 2557/819/782 725/821/783 3564/820/951
f 3564/820/951 725/821/783 2642/822/952
f 3564/820/951 2642/822/952 2643/823/953
f 2643/823/953 2642/822/952 764/824/954
f 2640/816/948 3564/820/951 763/818/950
f 763/818/950 3564/820/951 2643/823/953
f 763/818/950 2643/823/953 2646/825/955
f 2646/825/955 2643/823/953 3565/826/956
f 2643/823/953 764/824/954 3565/826/956
f 3565/826/956 764/824/954 2644/827/957
f 3565/826/956 2644/827/957 2645/828/958
f 2645/828/958 2644/827/957 765/829/959
f 2646/825/955 3565/826/956 766/830/960
f 766/830/960 3565/826/956 2645/828/958
f 760/803/937 2641/817/949 2636/807/941
f 2636/807/941 2641/817/949 3566/831/961
f 2641/817/949 763/818/950 3566/831/961
f 3566/831/961 763/818/950 2646/825/955
f 3566/831/961 2646/825/955 2647/832/962
f 2647/832/962 2646/825/955 766/830/960
f 2636/807/941 3566/831/961 761/808/942
f 761/808/942 3566/831/961 2647/832/962
f 2567/833/802 3567/834/963 725/821/783
f 725/821/783 3567/834/963 2642/822/952
f 730/835/800 2648/836/964 2567/833/802
f 2567/833/802 2648/836/964 3567/834/963
f 2648/836/964 767/837/965 3567/834/963
f 3567/834/963 767/837/965 2649/838/966
f 3567/834/963 2649/838/966 2642/822/952
f 2642/822/952 2649/838/966 764/824/954
f 2565/839/799 3568/840/967 730/835/800
f 730/835/800 3568/840/967 2648/836/964
f 729/841/798 2650/842/968 2565/839/799
f 2565/839/799 2650/842/968 3568/840/967
f 2650/842/968 768/843/969 3568/840/967
f 3568/840/967 768/843/969 2651/844/970
f 3568/840/967 2651/844/970 2648/836/964
f 2648/836/964 2651/844/970 767/837/965
f 2651/844/970 3569/845/971 767/837/965
f 767/837/965 3569/845/971 2654/846/972
f 768/843/969 2652/847/973 2651/844/970
f 2651/844/970 2652/847/973 3569/845/971
f 2652/847/973 769/848/974 3569/845/971
f 3569/845/971 769/848/974 2653/849/975
f 3569/845/971 2653/849/975 2654/846/972
f 2654/846/972 2653/849/975 770/850/976
f 2649/838/966 3570/851/977 764/824/954
f 764/824/954 3570/851/977 2644/827/957
f 767/837/965 2654/846/972 2649/838/966
f 2649/838/966 2654/846/972 3570/851/977
f 2654/846/972 770/850/976 3570/851/977
f 3570/851/977 770/850/976 2655/852/978
f 3570/851/977 2655/852/978 2644/827/957
f 2644/827/957 2655/852/978 765/829/959
f 729/841/798 2577/853/821 2650/842/968
f 2650/842/968 2577/853/821 3571/854/979
f 2577/853/821 1227/855/822 3571/854/979
f 3571/854/979 1227/855/822 2656/856/980
f 3571/854/979 2656/856/980 2657/857/981
f 2657/857/981 2656/856/980 1228/858/982
f 2650/842/968 3571/854/979 768/843/969
f 768/843/969 3571/854/979 2657/857/981
f 734/859/818 2574/860/816 2660/861/983
f 2660/861/983 2574/860/816 3572/862/984
f 2574/860/816 733/863/817 3572/862/984
f 3572/862/984 733/863/817 2658/864/985
f 3572/862/984 2658/864/985 2659/865/986
f 2659/865/986 2658/864/985 772/866/987
f 2660/861/983 3572/862/984 771/867/988
f 771/867/988 3572/862/984 2659/865/986
f 771/867/988 2659/865/986 2663/868/989
f 2663/868/989 2659/865/986 3573/869/990
f 2659/865/986 772/866/987 3573/869/990
f 3573/869/990 772/866/987 2661/870/991
f 3573/869/990 2661/870/991 2662/871/992
f 2662/871/992 2661/870/991 773/872/993
f 2663/868/989 3573/869/990 774/873/994
f 774/873/994 3573/869/990 2662/871/992
f 768/843/969 2657/857/981 2652/847/973
f 2652/847/973 2657/857/981 3574/874/995
f 2657/857/981 1228/858/982 3574/874/995
f 3574/874/995 1228/858/982 2664/875/996
f 3574/874/995 2664/875/996 2665/876/997
f 2665/876/997 2664/875/996 1229/877/998
f 2652/847/973 3574/874/995 769/848/974
f 769/848/974 3574/874/995 2665/876/997
f 2587/878/842 3575/879/999 733/863/817
f 733/863/817 3575/879/999 2658/864/985
f 738/880/841 2666/881/1000 2587/878/842
f 2587/878/842 2666/881/1000 3575/879/999
f 2666/881/1000 775/882/1001 3575/879/999
f 3575/879/999 775/882/1001 2667/883/1002
f 3575/879/999 2667/883/1002 2658/864/985
f 2658/864/985 2667/883/1002 772/866/987
f 1261/884/1003 2668/885/1004 2670/886/1005
f 2670/886/1005 2668/885/1004 3576/887/1006
f 2668/885/1004 1262/888/833 3576/887/1006
f 3576/887/1006 1262/888/833 2585/889/835
f 3576/887/1006 2585/889/835 2669/890/1007
f 2669/890/1007 2585/889/835 737/891/838
f 2670/886/1005 3576/887/1006 776/892/1008
f 776/892/1008 3576/887/1006 2669/890/1007
f 1260/893/1009 2671/894/1010 2673/895/1011
f 2673/895/1011 2671/894/1010 3577/896/1012
f 2671/894/1010 1261/884/1003 3577/896/1012
f 3577/896/1012 1261/884/1003 2670/886/1005
f 3577/896/1012 2670/886/1005 2672/897/1013
f 2672/897/1013 2670/886/1005 776/892/1008
f 2673/895/1011 3577/896/1012 777/898/1014
f 777/898/1014 3577/896/1012 2672/897/1013
f 2667/883/1002 3578/899/1015 772/866/987
f 772/866/987 3578/899/1015 2661/870/991
f 775/882/1001 2674/900/1016 2667/883/1002
f 2667/883/1002 2674/900/1016 3578/899/1015
f 2674/900/1016 778/901/1017 3578/899/1015
f 3578/899/1015 778/901/1017 2675/902/1018
f 3578/899/1015 2675/902/1018 2661/870/991
f 2661/870/991 2675/902/1018 773/872/993
f 2676/903/1019 3579/904/1020 1311/905/1021
f 1311/905/1021 3579/904/1020 2678/906/1022
f 1312/907/857 2595/908/858 2676/903/1019
f 2676/903/1019 2595/908/858 3579/904/1020
f 2595/908/858 740/909/854 3579/904/1020
f 3579/904/1020 740/909/854 2677/910/1023
f 3579/904/1020 2677/910/1023 2678/906/1022
f 2678/906/1022 2677/910/1023 779/911/1024
f 740/909/854 2592/912/853 2677/910/1023
f 2677/910/1023 2592/912/853 3580/913/1025
f 2592/912/853 706/914/702 3580/913/1025
f 3580/913/1025 706/914/702 2598/915/860
f 3580/913/1025 2598/915/860 2679/916/1026
f 2679/916/1026 2598/915/860 742/917/864
f 2677/910/1023 3580/913/1025 779/911/1024
f 779/911/1024 3580/913/1025 2679/916/1026
f 779/911/1024 2679/916/1026 2681/918/1027
f 2681/918/1027 2679/916/1026 3581/919/1028
f 2679/916/1026 742/917/864 3581/919/1028
f 3581/919/1028 742/917/864 2605/920/876
f 3581/919/1028 2605/920/876 2680/921/1029
f 2680/921/1029 2605/920/876 746/922/878
f 2681/918/1027 3581/919/1028 780/923/1030
f 780/923/1030 3581/919/1028 2680/921/1029
f 2682/924/1031 3582/925/1032 1310/926/1033
f 1310/926/1033 3582/925/1032 2683/927/1034
f 1311/905/1021 2678/906/1022 2682/924/1031
f 2682/924/1031 2678/906/1022 3582/925/1032
f 2678/906/1022 779/911/1024 3582/925/1032
f 3582/925/1032 779/911/1024 2681/918/1027
f 3582/925/1032 2681/918/1027 2683/927/1034
f 2683/927/1034 2681/918/1027 780/923/1030
f 1319/928/1035 2684/929/1036 2686/930/1037
f 2686/930/1037 2684/929/1036 3583/931/1038
f 2684/929/1036 1273/318/474 3583/931/1038
f 3583/931/1038 1273/318/474 2404/316/472
f 3583/931/1038 2404/316/472 2685/932/1039
f 2685/932/1039 2404/316/472 642/311/467
f 2686/930/1037 3583/931/1038 781/933/1040
f 781/933/1040 3583/931/1038 2685/932/1039
f 2687/934/1041 3584/935/1042 641/307/463
f 641/307/463 3584/935/1042 2400/308/464
f 783/936/1043 2688/937/1044 2687/934/1041
f 2687/934/1041 2688/937/1044 3584/935/1042
f 2688/937/1044 781/933/1040 3584/935/1042
f 3584/935/1042 781/933/1040 2685/932/1039
f 3584/935/1042 2685/932/1039 2400/308/464
f 2400/308/464 2685/932/1039 642/311/467
f 1318/938/1045 2689/939/1046 2690/940/1047
f 2690/940/1047 2689/939/1046 3585/941/1048
f 2689/939/1046 1319/928/1035 3585/941/1048
f 3585/941/1048 1319/928/1035 2686/930/1037
f 3585/941/1048 2686/930/1037 2688/937/1044
f 2688/937/1044 2686/930/1037 781/933/1040
f 2690/940/1047 3585/941/1048 783/936/1043
f 783/936/1043 3585/941/1048 2688/937/1044
f 2416/341/497 3586/942/1049 652/343/499
f 652/343/499 3586/942/1049 2693/943/1050
f 650/336/492 2691/944/1051 2416/341/497
f 2416/341/497 2691/944/1051 3586/942/1049
f 2691/944/1051 785/945/1052 3586/942/1049
f 3586/942/1049 785/945/1052 2692/946/1053
f 3586/942/1049 2692/946/1053 2693/943/1050
f 2693/943/1050 2692/946/1053 786/947/1054
f 2694/948/1055 3587/949/1056 645/334/490
f 645/334/490 3587/949/1056 2412/332/488
f 782/950/1057 2695/951/1058 2694/948/1055
f 2694/948/1055 2695/951/1058 3587/949/1056
f 2695/951/1058 785/945/1052 3587/949/1056
f 3587/949/1056 785/945/1052 2691/944/1051
f 3587/949/1056 2691/944/1051 2412/332/488
f 2412/332/488 2691/944/1051 650/336/492
f 784/952/1059 2696/953/1060 2697/954/1061
f 2697/954/1061 2696/953/1060 3588/955/1062
f 2696/953/1060 786/947/1054 3588/955/1062
f 3588/955/1062 786/947/1054 2692/946/1053
f 3588/955/1062 2692/946/1053 2695/951/1058
f 2695/951/1058 2692/946/1053 785/945/1052
f 2697/954/1061 3588/955/1062 782/950/1057
f 782/950/1057 3588/955/1062 2695/951/1058
f 2427/363/519 3589/956/1063 658/365/521
f 658/365/521 3589/956/1063 2700/957/1064
f 656/359/515 2698/958/1065 2427/363/519
f 2427/363/519 2698/958/1065 3589/956/1063
f 2698/958/1065 787/959/1066 3589/956/1063
f 3589/956/1063 787/959/1066 2699/960/1067
f 3589/956/1063 2699/960/1067 2700/957/1064
f 2700/957/1064 2699/960/1067 788/961/1068
f 2693/943/1050 3590/962/1069 652/343/499
f 652/343/499 3590/962/1069 2424/357/513
f 786/947/1054 2701/963/1070 2693/943/1050
f 2693/943/1050 2701/963/1070 3590/962/1069
f 2701/963/1070 787/959/1066 3590/962/1069
f 3590/962/1069 787/959/1066 2698/958/1065
f 3590/962/1069 2698/958/1065 2424/357/513
f 2424/357/513 2698/958/1065 656/359/515
f 784/952/1059 2702/964/1071 2696/953/1060
f 2696/953/1060 2702/964/1071 3591/965/1072
f 2702/964/1071 788/961/1068 3591/965/1072
f 3591/965/1072 788/961/1068 2699/960/1067
f 3591/965/1072 2699/960/1067 2701/963/1070
f 2701/963/1070 2699/960/1067 787/959/1066
f 2696/953/1060 3591/965/1072 786/947/1054
f 786/947/1054 3591/965/1072 2701/963/1070
f 2437/383/539 3592/966/1073 664/385/541
f 664/385/541 3592/966/1073 2705/967/1074
f 662/379/535 2703/968/1075 2437/383/539
f 2437/383/539 2703/968/1075 3592/966/1073
f 2703/968/1075 789/969/1076 3592/966/1073
f 3592/966/1073 789/969/1076 2704/970/1077
f 3592/966/1073 2704/970/1077 2705/967/1074
f 2705/967/1074 2704/970/1077 790/971/1078
f 2700/957/1064 3593/972/1079 658/365/521
f 658/365/521 3593/972/1079 2434/377/533
f 788/961/1068 2706/973/1080 2700/957/1064
f 2700/957/1064 2706/973/1080 3593/972/1079
f 2706/973/1080 789/969/1076 3593/972/1079
f 3593/972/1079 789/969/1076 2703/968/1075
f 3593/972/1079 2703/968/1075 2434/377/533
f 2434/377/533 2703/968/1075 662/379/535
f 784/952/1059 2707/974/1081 2702/964/1071
f 2702/964/1071 2707/974/1081 3594/975/1082
f 2707/974/1081 790/971/1078 3594/975/1082
f 3594/975/1082 790/971/1078 2704/970/1077
f 3594/975/1082 2704/970/1077 2706/973/1080
f 2706/973/1080 2704/970/1077 789/969/1076
f 2702/964/1071 3594/975/1082 788/961/1068
f 788/961/1068 3594/975/1082 2706/973/1080
f 2447/403/559 3595/976/1083 670/405/561
f 670/405/561 3595/976/1083 2710/977/1084
f 668/399/555 2708/978/1085 2447/403/559
f 2447/403/559 2708/978/1085 3595/976/1083
f 2708/978/1085 791/979/1086 3595/976/1083
f 3595/976/1083 791/979/1086 2709/980/1087
f 3595/976/1083 2709/980/1087 2710/977/1084
f 2710/977/1084 2709/980/1087 792/981/1088
f 2705/967/1074 3596/982/1089 664/385/541
f 664/385/541 3596/982/1089 2444/397/553
f 790/971/1078 2711/983/1090 2705/967/1074
f 2705/967/1074 2711/983/1090 3596/982/1089
f 2711/983/1090 791/979/1086 3596/982/1089
f 3596/982/1089 791/979/1086 2708/978/1085
f 3596/982/1089 2708/978/1085 2444/397/553
f 2444/397/553 2708/978/1085 668/399/555
f 784/952/1059 2712/984/1091 2707/974/1081
f 2707/974/1081 2712/984/1091 3597/985/1092
f 2712/984/1091 792/981/1088 3597/985/1092
f 3597/985/1092 792/981/1088 2709/980/1087
f 3597/985/1092 2709/980/1087 2711/983/1090
f 2711/983/1090 2709/980/1087 791/979/1086
f 2707/974/1081 3597/985/1092 790/971/1078
f 790/971/1078 3597/985/1092 2711/983/1090
f 2457/423/579 3598/986/1093 676/425/581
f 676/425/581 3598/986/1093 2715/987/1094
f 674/419/575 2713/988/1095 2457/423/579
f 2457/423/579 2713/988/1095 3598/986/1093
f 2713/988/1095 793/989/1096 3598/986/1093
f 3598/986/1093 793/989/1096 2714/990/1097
f 3598/986/1093 2714/990/1097 2715/987/1094
f 2715/987/1094 2714/990/1097 794/991/1098
f 2710/977/1084 3599/992/1099 670/405/561
f 670/405/561 3599/992/1099 2454/417/573
f 792/981/1088 2716/993/1100 2710/977/1084
f 2710/977/1084 2716/993/1100 3599/992/1099
f 2716/993/1100 793/989/1096 3599/992/1099
f 3599/992/1099 793/989/1096 2713/988/1095
f 3599/992/1099 2713/988/1095 2454/417/573
f 2454/417/573 2713/988/1095 674/419/575
f 784/952/1059 2717/994/1101 2712/984/1091
f 2712/984/1091 2717/994/1101 3600/995/1102
f 2717/994/1101 794/991/1098 3600/995/1102
f 3600/995/1102 794/991/1098 2714/990/1097
f 3600/995/1102 2714/990/1097 2716/993/1100
f 2716/993/1100 2714/990/1097 793/989/1096
f 2712/984/1091 3600/995/1102 792/981/1088
f 792/981/1088 3600/995/1102 2716/993/1100
f 2467/443/599 3601/996/1103 682/445/601
f 682/445/601 3601/996/1103 2720/997/1104
f 680/439/595 2718/998/1105 2467/443/599
f 2467/443/599 2718/998/1105 3601/996/1103
f 2718/998/1105 795/999/1106 3601/996/1103
f 3601/996/1103 795/999/1106 2719/1000/1107
f 3601/996/1103 2719/1000/1107 2720/997/1104
f 2720/997/1104 2719/1000/1107 796/1001/1108
f 2715/987/1094 3602/1002/1109 676/425/581
f 676/425/581 3602/1002/1109 2464/437/593
f 794/991/1098 2721/1003/1110 2715/987/1094
f 2715/987/1094 2721/1003/1110 3602/1002/1109
f 2721/1003/1110 795/999/1106 3602/1002/1109
f 3602/1002/1109 795/999/1106 2718/998/1105
f 3602/1002/1109 2718/998/1105 2464/437/593
f 2464/437/593 2718/998/1105 680/439/595
f 784/952/1059 2722/1004/1111 2717/994/1101
f 2717/994/1101 2722/1004/1111 3603/1005/1112
f 2722/1004/1111 796/1001/1108 3603/1005/1112
f 3603/1005/1112 796/1001/1108 2719/1000/1107
f 3603/1005/1112 2719/1000/1107 2721/1003/1110
f 2721/1003/1110 2719/1000/1107 795/999/1106
f 2717/994/1101 3603/1005/1112 794/991/1098
f 794/991/1098 3603/1005/1112 2721/1003/1110
f 2477/463/619 3604/1006/1113 688/467/623
f 688/467/623 3604/1006/1113 2725/1007/1114
f 686/465/621 2723/1008/1115 2477/463/619
f 2477/463/619 2723/1008/1115 3604/1006/1113
f 2723/1008/1115 797/1009/1116 3604/1006/1113
f 3604/1006/1113 797/1009/1116 2724/1010/1117
f 3604/1006/1113 2724/1010/1117 2725/1007/1114
f 2725/1007/1114 2724/1010/1117 798/1011/1118
f 2720/997/1104 3605/1012/1119 682/445/601
f 682/445/601 3605/1012/1119 2474/457/613
f 796/1001/1108 2726/1013/1120 2720/997/1104
f 2720/997/1104 2726/1013/1120 3605/1012/1119
f 2726/1013/1120 1269/1014/1121 3605/1012/1119
f 3605/1012/1119 1269/1014/1121 2727/1015/1122
f 2474/457/613 3605/1012/1119 1223/459/615
f 1223/459/615 3605/1012/1119 2727/1015/1122
f 784/952/1059 2728/1016/1123 2722/1004/1111
f 2722/1004/1111 2728/1016/1123 3606/1017/1124
f 2728/1016/1123 1268/1018/1125 3606/1017/1124
f 3606/1017/1124 1268/1018/1125 2729/1019/1126
f 3606/1017/1124 2729/1019/1126 2726/1013/1120
f 2726/1013/1120 2729/1019/1126 1269/1014/1121
f 2722/1004/1111 3606/1017/1124 796/1001/1108
f 796/1001/1108 3606/1017/1124 2726/1013/1120
f 694/494/650 2490/493/649 2732/1020/1127
f 2732/1020/1127 2490/493/649 3607/1021/1128
f 2490/493/649 1266/492/648 3607/1021/1128
f 3607/1021/1128 1266/492/648 2730/1022/1129
f 2730/1022/1129 1267/1023/1130 3607/1021/1128
f 3607/1021/1128 1267/1023/1130 2731/1024/1131
f 3607/1021/1128 2731/1024/1131 2732/1020/1127
f 2732/1020/1127 2731/1024/1131 800/1025/1132
f 2725/1007/1114 3608/1026/1133 688/467/623
f 688/467/623 3608/1026/1133 2486/482/638
f 798/1011/1118 2733/1027/1134 2725/1007/1114
f 2725/1007/1114 2733/1027/1134 3608/1026/1133
f 2733/1027/1134 799/1028/1135 3608/1026/1133
f 3608/1026/1133 799/1028/1135 2734/1029/1136
f 3608/1026/1133 2734/1029/1136 2486/482/638
f 2486/482/638 2734/1029/1136 692/484/640
f 784/952/1059 2735/1030/1137 2728/1016/1123
f 2728/1016/1123 2735/1030/1137 3609/1031/1138
f 2735/1030/1137 800/1025/1132 3609/1031/1138
f 3609/1031/1138 800/1025/1132 2731/1024/1131
f 3609/1031/1138 2731/1024/1131 2736/1032/1139
f 2736/1032/1139 2731/1024/1131 1267/1023/1130
f 2728/1016/1123 3609/1031/1138 1268/1018/1125
f 1268/1018/1125 3609/1031/1138 2736/1032/1139
f 2502/516/672 3610/1033/1140 641/307/463
f 641/307/463 3610/1033/1140 2687/934/1041
f 698/514/670 2737/1034/1141 2502/516/672
f 2502/516/672 2737/1034/1141 3610/1033/1140
f 2737/1034/1141 801/1035/1142 3610/1033/1140
f 3610/1033/1140 801/1035/1142 2738/1036/1143
f 3610/1033/1140 2738/1036/1143 2687/934/1041
f 2687/934/1041 2738/1036/1143 783/936/1043
f 2739/1037/1144 3611/1038/1145 1316/511/667
f 1316/511/667 3611/1038/1145 2499/512/668
f 1317/1039/1146 2740/1040/1147 2739/1037/1144
f 2739/1037/1144 2740/1040/1147 3611/1038/1145
f 2740/1040/1147 801/1035/1142 3611/1038/1145
f 3611/1038/1145 801/1035/1142 2737/1034/1141
f 3611/1038/1145 2737/1034/1141 2499/512/668
f 2499/512/668 2737/1034/1141 698/514/670
f 2741/1041/1148 3612/1042/1149 1317/1039/1146
f 1317/1039/1146 3612/1042/1149 2740/1040/1147
f 1318/938/1045 2690/940/1047 2741/1041/1148
f 2741/1041/1148 2690/940/1047 3612/1042/1149
f 2690/940/1047 783/936/1043 3612/1042/1149
f 3612/1042/1149 783/936/1043 2738/1036/1143
f 3612/1042/1149 2738/1036/1143 2740/1040/1147
f 2740/1040/1147 2738/1036/1143 801/1035/1142
f 2604/726/877 3613/1043/1150 746/727/878
f 746/727/878 3613/1043/1150 2744/1044/1151
f 745/723/874 2742/1045/1152 2604/726/877
f 2604/726/877 2742/1045/1152 3613/1043/1150
f 2742/1045/1152 1180/1046/1153 3613/1043/1150
f 3613/1043/1150 1180/1046/1153 2743/1047/1154
f 3613/1043/1150 2743/1047/1154 2744/1044/1151
f 2744/1044/1151 2743/1047/1154 1181/1048/1155
f 2602/722/873 3614/1049/1156 745/723/874
f 745/723/874 3614/1049/1156 2742/1045/1152
f 1279/721/872 2745/1050/1157 2602/722/873
f 2602/722/873 2745/1050/1157 3614/1049/1156
f 2745/1050/1157 1280/1051/1158 3614/1049/1156
f 3614/1049/1156 1280/1051/1158 2746/1052/1159
f 3614/1049/1156 2746/1052/1159 2742/1045/1152
f 2742/1045/1152 2746/1052/1159 1180/1046/1153
f 2747/1053/1160 3615/1054/1161 802/1055/1162
f 802/1055/1162 3615/1054/1161 2750/1056/1163
f 2747/1053/1160 1283/1057/1164 3615/1054/1161
f 3615/1054/1161 1283/1057/1164 2748/1058/1165
f 3615/1054/1161 2748/1058/1165 2749/1059/1166
f 2749/1059/1166 2748/1058/1165 1284/1060/1167
f 2750/1056/1163 3615/1054/1161 807/1061/1168
f 807/1061/1168 3615/1054/1161 2749/1059/1166
f 804/1062/1169 2751/1063/1170 2758/1064/1171
f 2758/1064/1171 2751/1063/1170 3616/1065/1172
f 802/1055/1162 2750/1056/1163 2751/1063/1170
f 2751/1063/1170 2750/1056/1163 3616/1065/1172
f 807/1061/1168 2752/1066/1173 2750/1056/1163
f 2750/1056/1163 2752/1066/1173 3616/1065/1172
f 809/1067/1174 2753/1068/1175 2752/1066/1173
f 2752/1066/1173 2753/1068/1175 3616/1065/1172
f 3616/1065/1172 2753/1068/1175 2754/1069/1176
f 811/1070/1177 2754/1069/1176 2753/1068/1175
f 2754/1069/1176 813/1071/1178 3616/1065/1172
f 813/1071/1178 2755/1072/1179 3616/1065/1172
f 2756/1073/1180 3616/1065/1172 815/1074/1181
f 815/1074/1181 3616/1065/1172 2755/1072/1179
f 2757/1075/1182 3616/1065/1172 817/1076/1183
f 817/1076/1183 3616/1065/1172 2756/1073/1180
f 3616/1065/1172 2757/1075/1182 2758/1064/1171
f 819/1077/1184 2758/1064/1171 2757/1075/1182
f 744/752/898 2614/751/897 2761/1078/1185
f 2761/1078/1185 2614/751/897 3617/1079/1186
f 2614/751/897 750/748/894 3617/1079/1186
f 3617/1079/1186 750/748/894 2759/1080/1187
f 3617/1079/1186 2759/1080/1187 2760/1081/1188
f 2760/1081/1188 2759/1080/1187 1198/1082/1189
f 2761/1078/1185 3617/1079/1186 1199/1083/1190
f 1199/1083/1190 3617/1079/1186 2760/1081/1188
f 750/748/894 2612/746/892 2759/1080/1187
f 2759/1080/1187 2612/746/892 3618/1084/1191
f 2612/746/892 749/747/893 3618/1084/1191
f 3618/1084/1191 749/747/893 2762/1085/1192
f 3618/1084/1191 2762/1085/1192 2763/1086/1193
f 2763/1086/1193 2762/1085/1192 1197/1087/1194
f 2759/1080/1187 3618/1084/1191 1198/1082/1189
f 1198/1082/1189 3618/1084/1191 2763/1086/1193
f 820/1088/1195 2764/1089/1196 2767/1090/1197
f 2767/1090/1197 2764/1089/1196 3619/1091/1198
f 2764/1089/1196 821/1092/1199 3619/1091/1198
f 3619/1091/1198 821/1092/1199 2765/1093/1200
f 3619/1091/1198 2765/1093/1200 2766/1094/1201
f 2766/1094/1201 2765/1093/1200 822/1095/1202
f 2767/1090/1197 3619/1091/1198 823/1096/1203
f 823/1096/1203 3619/1091/1198 2766/1094/1201
f 805/1097/1204 2768/1098/1205 2770/1099/1206
f 2770/1099/1206 2768/1098/1205 3620/1100/1207
f 2768/1098/1205 820/1088/1195 3620/1100/1207
f 3620/1100/1207 820/1088/1195 2767/1090/1197
f 3620/1100/1207 2767/1090/1197 2769/1101/1208
f 2769/1101/1208 2767/1090/1197 823/1096/1203
f 2770/1099/1206 3620/1100/1207 806/1102/1209
f 806/1102/1209 3620/1100/1207 2769/1101/1208
f 2623/772/914 3621/1103/1210 749/747/893
f 749/747/893 3621/1103/1210 2762/1085/1192
f 754/770/912 2771/1104/1211 2623/772/914
f 2623/772/914 2771/1104/1211 3621/1103/1210
f 2771/1104/1211 1196/1105/1212 3621/1103/1210
f 3621/1103/1210 1196/1105/1212 2772/1106/1213
f 3621/1103/1210 2772/1106/1213 2762/1085/1192
f 2762/1085/1192 2772/1106/1213 1197/1087/1194
f 2621/769/911 3622/1107/1214 754/770/912
f 754/770/912 3622/1107/1214 2771/1104/1211
f 753/768/910 2773/1108/1215 2621/769/911
f 2621/769/911 2773/1108/1215 3622/1107/1214
f 2773/1108/1215 1195/1109/1216 3622/1107/1214
f 3622/1107/1214 1195/1109/1216 2774/1110/1217
f 3622/1107/1214 2774/1110/1217 2771/1104/1211
f 2771/1104/1211 2774/1110/1217 1196/1105/1212
f 824/1111/1218 2775/1112/1219 2778/1113/1220
f 2778/1113/1220 2775/1112/1219 3623/1114/1221
f 2775/1112/1219 825/1115/1222 3623/1114/1221
f 3623/1114/1221 825/1115/1222 2776/1116/1223
f 3623/1114/1221 2776/1116/1223 2777/1117/1224
f 2777/1117/1224 2776/1116/1223 826/1118/1225
f 2778/1113/1220 3623/1114/1221 827/1119/1226
f 827/1119/1226 3623/1114/1221 2777/1117/1224
f 821/1092/1199 2779/1120/1227 2765/1093/1200
f 2765/1093/1200 2779/1120/1227 3624/1121/1228
f 2779/1120/1227 824/1111/1218 3624/1121/1228
f 3624/1121/1228 824/1111/1218 2778/1113/1220
f 3624/1121/1228 2778/1113/1220 2780/1122/1229
f 2780/1122/1229 2778/1113/1220 827/1119/1226
f 2765/1093/1200 3624/1121/1228 822/1095/1202
f 822/1095/1202 3624/1121/1228 2780/1122/1229
f 753/768/910 2631/792/930 2773/1108/1215
f 2773/1108/1215 2631/792/930 3625/1123/1230
f 2631/792/930 758/790/928 3625/1123/1230
f 3625/1123/1230 758/790/928 2781/1124/1231
f 3625/1123/1230 2781/1124/1231 2782/1125/1232
f 2782/1125/1232 2781/1124/1231 1194/1126/1233
f 2773/1108/1215 3625/1123/1230 1195/1109/1216
f 1195/1109/1216 3625/1123/1230 2782/1125/1232
f 758/790/928 2629/788/926 2781/1124/1231
f 2781/1124/1231 2629/788/926 3626/1127/1234
f 2629/788/926 757/789/927 3626/1127/1234
f 3626/1127/1234 757/789/927 2783/1128/1235
f 3626/1127/1234 2783/1128/1235 2784/1129/1236
f 2784/1129/1236 2783/1128/1235 1193/1130/1237
f 2781/1124/1231 3626/1127/1234 1194/1126/1233
f 1194/1126/1233 3626/1127/1234 2784/1129/1236
f 828/1131/1238 2785/1132/1239 2788/1133/1240
f 2788/1133/1240 2785/1132/1239 3627/1134/1241
f 2785/1132/1239 829/1135/1242 3627/1134/1241
f 3627/1134/1241 829/1135/1242 2786/1136/1243
f 3627/1134/1241 2786/1136/1243 2787/1137/1244
f 2787/1137/1244 2786/1136/1243 830/1138/1245
f 2788/1133/1240 3627/1134/1241 831/1139/1246
f 831/1139/1246 3627/1134/1241 2787/1137/1244
f 825/1115/1222 2789/1140/1247 2776/1116/1223
f 2776/1116/1223 2789/1140/1247 3628/1141/1248
f 2789/1140/1247 828/1131/1238 3628/1141/1248
f 3628/1141/1248 828/1131/1238 2788/1133/1240
f 3628/1141/1248 2788/1133/1240 2790/1142/1249
f 2790/1142/1249 2788/1133/1240 831/1139/1246
f 2776/1116/1223 3628/1141/1248 826/1118/1225
f 826/1118/1225 3628/1141/1248 2790/1142/1249
f 2639/812/946 3629/1143/1250 757/789/927
f 757/789/927 3629/1143/1250 2783/1128/1235
f 762/810/944 2791/1144/1251 2639/812/946
f 2639/812/946 2791/1144/1251 3629/1143/1250
f 2791/1144/1251 1192/1145/1252 3629/1143/1250
f 3629/1143/1250 1192/1145/1252 2792/1146/1253
f 3629/1143/1250 2792/1146/1253 2783/1128/1235
f 2783/1128/1235 2792/1146/1253 1193/1130/1237
f 2637/809/943 3630/1147/1254 762/810/944
f 762/810/944 3630/1147/1254 2791/1144/1251
f 761/808/942 2793/1148/1255 2637/809/943
f 2637/809/943 2793/1148/1255 3630/1147/1254
f 2793/1148/1255 1191/1149/1256 3630/1147/1254
f 3630/1147/1254 1191/1149/1256 2794/1150/1257
f 3630/1147/1254 2794/1150/1257 2791/1144/1251
f 2791/1144/1251 2794/1150/1257 1192/1145/1252
f 832/1151/1258 2795/1152/1259 2798/1153/1260
f 2798/1153/1260 2795/1152/1259 3631/1154/1261
f 2795/1152/1259 833/1155/1262 3631/1154/1261
f 3631/1154/1261 833/1155/1262 2796/1156/1263
f 3631/1154/1261 2796/1156/1263 2797/1157/1264
f 2797/1157/1264 2796/1156/1263 834/1158/1265
f 2798/1153/1260 3631/1154/1261 835/1159/1266
f 835/1159/1266 3631/1154/1261 2797/1157/1264
f 829/1135/1242 2799/1160/1267 2786/1136/1243
f 2786/1136/1243 2799/1160/1267 3632/1161/1268
f 2799/1160/1267 832/1151/1258 3632/1161/1268
f 3632/1161/1268 832/1151/1258 2798/1153/1260
f 3632/1161/1268 2798/1153/1260 2800/1162/1269
f 2800/1162/1269 2798/1153/1260 835/1159/1266
f 2786/1136/1243 3632/1161/1268 830/1138/1245
f 830/1138/1245 3632/1161/1268 2800/1162/1269
f 761/808/942 2647/832/962 2793/1148/1255
f 2793/1148/1255 2647/832/962 3633/1163/1270
f 2647/832/962 766/830/960 3633/1163/1270
f 3633/1163/1270 766/830/960 2801/1164/1271
f 3633/1163/1270 2801/1164/1271 2802/1165/1272
f 2802/1165/1272 2801/1164/1271 1190/1166/1273
f 2793/1148/1255 3633/1163/1270 1191/1149/1256
f 1191/1149/1256 3633/1163/1270 2802/1165/1272
f 766/830/960 2645/828/958 2801/1164/1271
f 2801/1164/1271 2645/828/958 3634/1167/1274
f 2645/828/958 765/829/959 3634/1167/1274
f 3634/1167/1274 765/829/959 2803/1168/1275
f 3634/1167/1274 2803/1168/1275 2804/1169/1276
f 2804/1169/1276 2803/1168/1275 1189/1170/1277
f 2801/1164/1271 3634/1167/1274 1190/1166/1273
f 1190/1166/1273 3634/1167/1274 2804/1169/1276
f 836/1171/1278 2805/1172/1279 2808/1173/1280
f 2808/1173/1280 2805/1172/1279 3635/1174/1281
f 2805/1172/1279 837/1175/1282 3635/1174/1281
f 3635/1174/1281 837/1175/1282 2806/1176/1283
f 3635/1174/1281 2806/1176/1283 2807/1177/1284
f 2807/1177/1284 2806/1176/1283 838/1178/1285
f 2808/1173/1280 3635/1174/1281 839/1179/1286
f 839/1179/1286 3635/1174/1281 2807/1177/1284
f 833/1155/1262 2809/1180/1287 2796/1156/1263
f 2796/1156/1263 2809/1180/1287 3636/1181/1288
f 2809/1180/1287 836/1171/1278 3636/1181/1288
f 3636/1181/1288 836/1171/1278 2808/1173/1280
f 3636/1181/1288 2808/1173/1280 2810/1182/1289
f 2810/1182/1289 2808/1173/1280 839/1179/1286
f 2796/1156/1263 3636/1181/1288 834/1158/1265
f 834/1158/1265 3636/1181/1288 2810/1182/1289
f 2655/852/978 3637/1183/1290 765/829/959
f 765/829/959 3637/1183/1290 2803/1168/1275
f 770/850/976 2811/1184/1291 2655/852/978
f 2655/852/978 2811/1184/1291 3637/1183/1290
f 2811/1184/1291 1188/1185/1292 3637/1183/1290
f 3637/1183/1290 1188/1185/1292 2812/1186/1293
f 3637/1183/1290 2812/1186/1293 2803/1168/1275
f 2803/1168/1275 2812/1186/1293 1189/1170/1277
f 2653/849/975 3638/1187/1294 770/850/976
f 770/850/976 3638/1187/1294 2811/1184/1291
f 769/848/974 2813/1188/1295 2653/849/975
f 2653/849/975 2813/1188/1295 3638/1187/1294
f 2813/1188/1295 1187/1189/1296 3638/1187/1294
f 3638/1187/1294 1187/1189/1296 2814/1190/1297
f 3638/1187/1294 2814/1190/1297 2811/1184/1291
f 2811/1184/1291 2814/1190/1297 1188/1185/1292
f 840/1191/1298 2815/1192/1299 2818/1193/1300
f 2818/1193/1300 2815/1192/1299 3639/1194/1301
f 841/1195/1302 2816/1196/1303 2815/1192/1299
f 2815/1192/1299 2816/1196/1303 3639/1194/1301
f 2816/1196/1303 842/1197/1304 3639/1194/1301
f 3639/1194/1301 842/1197/1304 2817/1198/1305
f 2818/1193/1300 3639/1194/1301 843/1199/1306
f 843/1199/1306 3639/1194/1301 2817/1198/1305
f 837/1175/1282 2819/1200/1307 2806/1176/1283
f 2806/1176/1283 2819/1200/1307 3640/1201/1308
f 2819/1200/1307 840/1191/1298 3640/1201/1308
f 3640/1201/1308 840/1191/1298 2818/1193/1300
f 3640/1201/1308 2818/1193/1300 2820/1202/1309
f 2820/1202/1309 2818/1193/1300 843/1199/1306
f 2806/1176/1283 3640/1201/1308 838/1178/1285
f 838/1178/1285 3640/1201/1308 2820/1202/1309
f 769/848/974 2665/876/997 2813/1188/1295
f 2813/1188/1295 2665/876/997 3641/1203/1310
f 2665/876/997 1229/877/998 3641/1203/1310
f 3641/1203/1310 1229/877/998 2821/1204/1311
f 3641/1203/1310 2821/1204/1311 2822/1205/1312
f 2822/1205/1312 2821/1204/1311 1230/1206/1313
f 2813/1188/1295 3641/1203/1310 1187/1189/1296
f 1187/1189/1296 3641/1203/1310 2822/1205/1312
f 774/873/994 2662/871/992 2825/1207/1314
f 2825/1207/1314 2662/871/992 3642/1208/1315
f 2662/871/992 773/872/993 3642/1208/1315
f 3642/1208/1315 773/872/993 2823/1209/1316
f 3642/1208/1315 2823/1209/1316 2824/1210/1317
f 2824/1210/1317 2823/1209/1316 1185/1211/1318
f 2825/1207/1314 3642/1208/1315 1186/1212/1319
f 1186/1212/1319 3642/1208/1315 2824/1210/1317
f 844/1213/1320 2826/1214/1321 2834/1215/1322
f 2834/1215/1322 2826/1214/1321 3643/1216/1323
f 846/1217/1324 2827/1218/1325 2826/1214/1321
f 2826/1214/1321 2827/1218/1325 3643/1216/1323
f 2827/1218/1325 848/1219/1326 3643/1216/1323
f 848/1219/1326 2828/1220/1327 3643/1216/1323
f 2828/1220/1327 850/1221/1328 3643/1216/1323
f 850/1221/1328 2829/1222/1329 3643/1216/1323
f 852/1223/1330 2830/1224/1331 2829/1222/1329
f 2829/1222/1329 2830/1224/1331 3643/1216/1323
f 2831/1225/1332 3643/1216/1323 854/1226/1333
f 854/1226/1333 3643/1216/1323 2830/1224/1331
f 2832/1227/1334 3643/1216/1323 856/1228/1335
f 856/1228/1335 3643/1216/1323 2831/1225/1332
f 858/1229/1336 2833/1230/1337 2832/1227/1334
f 2832/1227/1334 2833/1230/1337 3643/1216/1323
f 859/1231/1338 2834/1215/1322 2833/1230/1337
f 2833/1230/1337 2834/1215/1322 3643/1216/1323
f 841/1195/1302 2835/1232/1339 2816/1196/1303
f 2816/1196/1303 2835/1232/1339 3644/1233/1340
f 2835/1232/1339 1233/1234/1341 3644/1233/1340
f 3644/1233/1340 1233/1234/1341 2836/1235/1342
f 3644/1233/1340 2836/1235/1342 2837/1236/1343
f 2837/1236/1343 2836/1235/1342 1234/1237/1344
f 2816/1196/1303 3644/1233/1340 842/1197/1304
f 842/1197/1304 3644/1233/1340 2837/1236/1343
f 2675/902/1018 3645/1238/1345 773/872/993
f 773/872/993 3645/1238/1345 2823/1209/1316
f 778/901/1017 2838/1239/1346 2675/902/1018
f 2675/902/1018 2838/1239/1346 3645/1238/1345
f 2838/1239/1346 1184/1240/1347 3645/1238/1345
f 3645/1238/1345 1184/1240/1347 2839/1241/1348
f 2823/1209/1316 3645/1238/1345 1185/1211/1318
f 1185/1211/1318 3645/1238/1345 2839/1241/1348
f 2840/1242/1349 3646/1243/1350 1320/1244/1351
f 1320/1244/1351 3646/1243/1350 2843/1245/1352
f 1321/1246/1353 2841/1247/1354 2840/1242/1349
f 2840/1242/1349 2841/1247/1354 3646/1243/1350
f 2841/1247/1354 1322/1248/1355 3646/1243/1350
f 3646/1243/1350 1322/1248/1355 2842/1249/1356
f 3646/1243/1350 2842/1249/1356 2843/1245/1352
f 2843/1245/1352 2842/1249/1356 1323/1250/1357
f 1254/1251/1358 2844/1252/1359 2847/1253/1360
f 2847/1253/1360 2844/1252/1359 3647/1254/1361
f 2844/1252/1359 1255/1255/1362 3647/1254/1361
f 3647/1254/1361 1255/1255/1362 2845/1256/1363
f 3647/1254/1361 2845/1256/1363 2846/1257/1364
f 2846/1257/1364 2845/1256/1363 872/1258/1365
f 2847/1253/1360 3647/1254/1361 873/1259/1366
f 873/1259/1366 3647/1254/1361 2846/1257/1364
f 1324/1260/1367 2848/1261/1368 2851/1262/1369
f 2851/1262/1369 2848/1261/1368 3648/1263/1370
f 2848/1261/1368 1325/1264/1371 3648/1263/1370
f 3648/1263/1370 1325/1264/1371 2849/1265/1372
f 2849/1265/1372 1326/1266/1373 3648/1263/1370
f 3648/1263/1370 1326/1266/1373 2850/1267/1374
f 2851/1262/1369 3648/1263/1370 1327/1268/1375
f 1327/1268/1375 3648/1263/1370 2850/1267/1374
f 780/923/1030 2680/921/1029 2853/1269/1376
f 2853/1269/1376 2680/921/1029 3649/1270/1377
f 2680/921/1029 746/922/878 3649/1270/1377
f 3649/1270/1377 746/922/878 2744/1271/1151
f 2744/1271/1151 1181/1272/1155 3649/1270/1377
f 3649/1270/1377 1181/1272/1155 2852/1273/1378
f 3649/1270/1377 2852/1273/1378 2853/1269/1376
f 2853/1269/1376 2852/1273/1378 1182/1274/1379
f 1304/1275/1380 2854/1276/1381 2863/1277/1382
f 2863/1277/1382 2854/1276/1381 3650/1278/1383
f 1305/1279/1384 2855/1280/1385 2854/1276/1381
f 2854/1276/1381 2855/1280/1385 3650/1278/1383
f 1270/1281/1386 2856/1282/1387 2855/1280/1385
f 2855/1280/1385 2856/1282/1387 3650/1278/1383
f 887/1283/1388 2857/1284/1389 2856/1282/1387
f 2856/1282/1387 2857/1284/1389 3650/1278/1383
f 3650/1278/1383 2857/1284/1389 2858/1285/1390
f 899/1286/1391 2858/1285/1390 2857/1284/1389
f 901/1287/1392 2859/1288/1393 2858/1285/1390
f 2858/1285/1390 2859/1288/1393 3650/1278/1383
f 2860/1289/1394 3650/1278/1383 903/1290/1395
f 903/1290/1395 3650/1278/1383 2859/1288/1393
f 905/1291/1396 2861/1292/1397 2860/1289/1394
f 2860/1289/1394 2861/1292/1397 3650/1278/1383
f 907/1293/1398 2862/1294/1399 2861/1292/1397
f 2861/1292/1397 2862/1294/1399 3650/1278/1383
f 909/1295/1400 2863/1277/1382 2862/1294/1399
f 2862/1294/1399 2863/1277/1382 3650/1278/1383
f 2864/1296/1401 3651/1297/1402 911/1298/1403
f 911/1298/1403 3651/1297/1402 2867/1299/1404
f 910/1300/1405 2865/1301/1406 2864/1296/1401
f 2864/1296/1401 2865/1301/1406 3651/1297/1402
f 2865/1301/1406 912/1302/1407 3651/1297/1402
f 3651/1297/1402 912/1302/1407 2866/1303/1408
f 3651/1297/1402 2866/1303/1408 2867/1299/1404
f 2867/1299/1404 2866/1303/1408 913/1304/1409
f 2868/1305/1410 3652/1306/1411 1292/1307/1412
f 1292/1307/1412 3652/1306/1411 2870/1308/1413
f 1293/1309/1414 2869/1310/1415 2868/1305/1410
f 2868/1305/1410 2869/1310/1415 3652/1306/1411
f 2869/1310/1415 912/1302/1407 3652/1306/1411
f 3652/1306/1411 912/1302/1407 2865/1301/1406
f 3652/1306/1411 2865/1301/1406 2870/1308/1413
f 2870/1308/1413 2865/1301/1406 910/1300/1405
f 2871/1311/1416 3653/1312/1417 1293/1309/1414
f 1293/1309/1414 3653/1312/1417 2869/1310/1415
f 1294/1313/1418 2872/1314/1419 2871/1311/1416
f 2871/1311/1416 2872/1314/1419 3653/1312/1417
f 2872/1314/1419 913/1304/1409 3653/1312/1417
f 3653/1312/1417 913/1304/1409 2866/1303/1408
f 3653/1312/1417 2866/1303/1408 2869/1310/1415
f 2869/1310/1415 2866/1303/1408 912/1302/1407
f 2873/1315/1420 3654/1316/1421 914/1317/1422
f 914/1317/1422 3654/1316/1421 2876/1318/1423
f 917/1319/1424 2874/1320/1425 2873/1315/1420
f 2873/1315/1420 2874/1320/1425 3654/1316/1421
f 2874/1320/1425 918/1321/1426 3654/1316/1421
f 3654/1316/1421 918/1321/1426 2875/1322/1427
f 3654/1316/1421 2875/1322/1427 2876/1318/1423
f 2876/1318/1423 2875/1322/1427 915/1323/1428
f 2877/1324/1429 3655/1325/1430 919/1326/1431
f 919/1326/1431 3655/1325/1430 2879/1327/1432
f 920/1328/1433 2878/1329/1434 2877/1324/1429
f 2877/1324/1429 2878/1329/1434 3655/1325/1430
f 2878/1329/1434 918/1321/1426 3655/1325/1430
f 3655/1325/1430 918/1321/1426 2874/1320/1425
f 3655/1325/1430 2874/1320/1425 2879/1327/1432
f 2879/1327/1432 2874/1320/1425 917/1319/1424
f 916/1330/1435 2880/1331/1436 2881/1332/1437
f 2881/1332/1437 2880/1331/1436 3656/1333/1438
f 2880/1331/1436 915/1323/1428 3656/1333/1438
f 3656/1333/1438 915/1323/1428 2875/1322/1427
f 3656/1333/1438 2875/1322/1427 2878/1329/1434
f 2878/1329/1434 2875/1322/1427 918/1321/1426
f 2881/1332/1437 3656/1333/1438 920/1328/1433
f 920/1328/1433 3656/1333/1438 2878/1329/1434
f 2882/1334/1439 3657/1335/1440 919/1336/1431
f 919/1336/1431 3657/1335/1440 2877/1337/1429
f 921/1338/1441 2883/1339/1442 2882/1334/1439
f 2882/1334/1439 2883/1339/1442 3657/1335/1440
f 2883/1339/1442 922/1340/1443 3657/1335/1440
f 3657/1335/1440 922/1340/1443 2884/1341/1444
f 3657/1335/1440 2884/1341/1444 2877/1337/1429
f 2877/1337/1429 2884/1341/1444 920/1342/1433
f 2885/1343/1445 3658/1344/1446 923/1345/1447
f 923/1345/1447 3658/1344/1446 2887/1346/1448
f 924/1347/1449 2886/1348/1450 2885/1343/1445
f 2885/1343/1445 2886/1348/1450 3658/1344/1446
f 2886/1348/1450 922/1340/1443 3658/1344/1446
f 3658/1344/1446 922/1340/1443 2883/1339/1442
f 3658/1344/1446 2883/1339/1442 2887/1346/1448
f 2887/1346/1448 2883/1339/1442 921/1338/1441
f 916/1330/1435 2881/1349/1437 2888/1350/1451
f 2888/1350/1451 2881/1349/1437 3659/1351/1452
f 2881/1349/1437 920/1342/1433 3659/1351/1452
f 3659/1351/1452 920/1342/1433 2884/1341/1444
f 3659/1351/1452 2884/1341/1444 2886/1348/1450
f 2886/1348/1450 2884/1341/1444 922/1340/1443
f 2888/1350/1451 3659/1351/1452 924/1347/1449
f 924/1347/1449 3659/1351/1452 2886/1348/1450
f 2889/1352/1453 3660/1353/1454 923/1354/1447
f 923/1354/1447 3660/1353/1454 2885/1355/1445
f 925/1356/1455 2890/1357/1456 2889/1352/1453
f 2889/1352/1453 2890/1357/1456 3660/1353/1454
f 2890/1357/1456 926/1358/1457 3660/1353/1454
f 3660/1353/1454 926/1358/1457 2891/1359/1458
f 3660/1353/1454 2891/1359/1458 2885/1355/1445
f 2885/1355/1445 2891/1359/1458 924/1360/1449
f 2892/1361/1459 3661/1362/1460 927/1363/1461
f 927/1363/1461 3661/1362/1460 2894/1364/1462
f 928/1365/1463 2893/1366/1464 2892/1361/1459
f 2892/1361/1459 2893/1366/1464 3661/1362/1460
f 2893/1366/1464 926/1358/1457 3661/1362/1460
f 3661/1362/1460 926/1358/1457 2890/1357/1456
f 3661/1362/1460 2890/1357/1456 2894/1364/1462
f 2894/1364/1462 2890/1357/1456 925/1356/1455
f 916/1330/1435 2888/1367/1451 2895/1368/1465
f 2895/1368/1465 2888/1367/1451 3662/1369/1466
f 2888/1367/1451 924/1360/1449 3662/1369/1466
f 3662/1369/1466 924/1360/1449 2891/1359/1458
f 3662/1369/1466 2891/1359/1458 2893/1366/1464
f 2893/1366/1464 2891/1359/1458 926/1358/1457
f 2895/1368/1465 3662/1369/1466 928/1365/1463
f 928/1365/1463 3662/1369/1466 2893/1366/1464
f 2896/1370/1467 3663/1371/1468 927/1372/1461
f 927/1372/1461 3663/1371/1468 2892/1373/1459
f 929/1374/1469 2897/1375/1470 2896/1370/1467
f 2896/1370/1467 2897/1375/1470 3663/1371/1468
f 2897/1375/1470 930/1376/1471 3663/1371/1468
f 3663/1371/1468 930/1376/1471 2898/1377/1472
f 3663/1371/1468 2898/1377/1472 2892/1373/1459
f 2892/1373/1459 2898/1377/1472 928/1378/1463
f 2899/1379/1473 3664/1380/1474 931/1381/1475
f 931/1381/1475 3664/1380/1474 2901/1382/1476
f 932/1383/1477 2900/1384/1478 2899/1379/1473
f 2899/1379/1473 2900/1384/1478 3664/1380/1474
f 2900/1384/1478 930/1376/1471 3664/1380/1474
f 3664/1380/1474 930/1376/1471 2897/1375/1470
f 3664/1380/1474 2897/1375/1470 2901/1382/1476
f 2901/1382/1476 2897/1375/1470 929/1374/1469
f 916/1330/1435 2895/1385/1465 2902/1386/1479
f 2902/1386/1479 2895/1385/1465 3665/1387/1480
f 2895/1385/1465 928/1378/1463 3665/1387/1480
f 3665/1387/1480 928/1378/1463 2898/1377/1472
f 3665/1387/1480 2898/1377/1472 2900/1384/1478
f 2900/1384/1478 2898/1377/1472 930/1376/1471
f 2902/1386/1479 3665/1387/1480 932/1383/1477
f 932/1383/1477 3665/1387/1480 2900/1384/1478
f 2903/1388/1481 3666/1389/1482 931/1390/1475
f 931/1390/1475 3666/1389/1482 2899/1391/1473
f 933/1392/1483 2904/1393/1484 2903/1388/1481
f 2903/1388/1481 2904/1393/1484 3666/1389/1482
f 2904/1393/1484 934/1394/1485 3666/1389/1482
f 3666/1389/1482 934/1394/1485 2905/1395/1486
f 3666/1389/1482 2905/1395/1486 2899/1391/1473
f 2899/1391/1473 2905/1395/1486 932/1396/1477
f 2906/1397/1487 3667/1398/1488 935/1399/1489
f 935/1399/1489 3667/1398/1488 2908/1400/1490
f 936/1401/1491 2907/1402/1492 2906/1397/1487
f 2906/1397/1487 2907/1402/1492 3667/1398/1488
f 2907/1402/1492 934/1394/1485 3667/1398/1488
f 3667/1398/1488 934/1394/1485 2904/1393/1484
f 3667/1398/1488 2904/1393/1484 2908/1400/1490
f 2908/1400/1490 2904/1393/1484 933/1392/1483
f 916/1330/1435 2902/1403/1479 2909/1404/1493
f 2909/1404/1493 2902/1403/1479 3668/1405/1494
f 2902/1403/1479 932/1396/1477 3668/1405/1494
f 3668/1405/1494 932/1396/1477 2905/1395/1486
f 3668/1405/1494 2905/1395/1486 2907/1402/1492
f 2907/1402/1492 2905/1395/1486 934/1394/1485
f 2909/1404/1493 3668/1405/1494 936/1401/1491
f 936/1401/1491 3668/1405/1494 2907/1402/1492
f 2910/1406/1495 3669/1407/1496 935/1408/1489
f 935/1408/1489 3669/1407/1496 2906/1409/1487
f 937/1410/1497 2911/1411/1498 2910/1406/1495
f 2910/1406/1495 2911/1411/1498 3669/1407/1496
f 2911/1411/1498 938/1412/1499 3669/1407/1496
f 3669/1407/1496 938/1412/1499 2912/1413/1500
f 3669/1407/1496 2912/1413/1500 2906/1409/1487
f 2906/1409/1487 2912/1413/1500 936/1414/1491
f 2913/1415/1501 3670/1416/1502 939/1417/1503
f 939/1417/1503 3670/1416/1502 2915/1418/1504
f 940/1419/1505 2914/1420/1506 2913/1415/1501
f 2913/1415/1501 2914/1420/1506 3670/1416/1502
f 2914/1420/1506 938/1412/1499 3670/1416/1502
f 3670/1416/1502 938/1412/1499 2911/1411/1498
f 3670/1416/1502 2911/1411/1498 2915/1418/1504
f 2915/1418/1504 2911/1411/1498 937/1410/1497
f 916/1330/1435 2909/1421/1493 2916/1422/1507
f 2916/1422/1507 2909/1421/1493 3671/1423/1508
f 2909/1421/1493 936/1414/1491 3671/1423/1508
f 3671/1423/1508 936/1414/1491 2912/1413/1500
f 3671/1423/1508 2912/1413/1500 2914/1420/1506
f 2914/1420/1506 2912/1413/1500 938/1412/1499
f 2916/1422/1507 3671/1423/1508 940/1419/1505
f 940/1419/1505 3671/1423/1508 2914/1420/1506
f 2917/1424/1509 3672/1425/1510 939/1426/1503
f 939/1426/1503 3672/1425/1510 2913/1427/1501
f 1242/1428/1511 2918/1429/1512 2917/1424/1509
f 2917/1424/1509 2918/1429/1512 3672/1425/1510
f 2918/1429/1512 1243/1430/1513 3672/1425/1510
f 3672/1425/1510 1243/1430/1513 2919/1431/1514
f 3672/1425/1510 2919/1431/1514 2913/1427/1501
f 2913/1427/1501 2919/1431/1514 940/1432/1505
f 2920/1433/1515 3673/1434/1516 943/1435/1517
f 943/1435/1517 3673/1434/1516 2923/1436/1518
f 944/1437/1519 2921/1438/1520 2920/1433/1515
f 2920/1433/1515 2921/1438/1520 3673/1434/1516
f 2921/1438/1520 942/1439/1521 3673/1434/1516
f 3673/1434/1516 942/1439/1521 2922/1440/1522
f 3673/1434/1516 2922/1440/1522 2923/1436/1518
f 2923/1436/1518 2922/1440/1522 941/1441/1523
f 916/1330/1435 2916/1442/1507 2925/1443/1524
f 2925/1443/1524 2916/1442/1507 3674/1444/1525
f 2916/1442/1507 940/1432/1505 3674/1444/1525
f 3674/1444/1525 940/1432/1505 2919/1431/1514
f 3674/1444/1525 2919/1431/1514 2924/1445/1526
f 2924/1445/1526 2919/1431/1514 1243/1430/1513
f 2925/1443/1524 3674/1444/1525 1244/1446/1527
f 1244/1446/1527 3674/1444/1525 2924/1445/1526
f 2926/1447/1528 3675/1448/1529 943/1449/1517
f 943/1449/1517 3675/1448/1529 2920/1450/1515
f 945/1451/1530 2927/1452/1531 2926/1447/1528
f 2926/1447/1528 2927/1452/1531 3675/1448/1529
f 2927/1452/1531 946/1453/1532 3675/1448/1529
f 3675/1448/1529 946/1453/1532 2928/1454/1533
f 3675/1448/1529 2928/1454/1533 2920/1450/1515
f 2920/1450/1515 2928/1454/1533 944/1455/1519
f 2929/1456/1534 3676/1457/1535 947/1458/1536
f 947/1458/1536 3676/1457/1535 2932/1459/1537
f 948/1460/1538 2930/1461/1539 2929/1456/1534
f 2929/1456/1534 2930/1461/1539 3676/1457/1535
f 2930/1461/1539 1245/1462/1540 3676/1457/1535
f 3676/1457/1535 1245/1462/1540 2931/1463/1541
f 3676/1457/1535 2931/1463/1541 2932/1459/1537
f 2932/1459/1537 2931/1463/1541 1246/1464/1542
f 916/1330/1435 2925/1465/1524 2934/1466/1543
f 2934/1466/1543 2925/1465/1524 3677/1467/1544
f 2925/1465/1524 1244/1468/1527 3677/1467/1544
f 3677/1467/1544 1244/1468/1527 2933/1469/1545
f 3677/1467/1544 2933/1469/1545 2930/1461/1539
f 2930/1461/1539 2933/1469/1545 1245/1462/1540
f 2934/1466/1543 3677/1467/1544 948/1460/1538
f 948/1460/1538 3677/1467/1544 2930/1461/1539
f 1295/1470/1546 2935/1471/1547 2938/1472/1548
f 2938/1472/1548 2935/1471/1547 3678/1473/1549
f 2935/1471/1547 1296/1474/1550 3678/1473/1549
f 3678/1473/1549 1296/1474/1550 2936/1475/1551
f 3678/1473/1549 2936/1475/1551 2937/1476/1552
f 2937/1476/1552 2936/1475/1551 949/1477/1553
f 2938/1472/1548 3678/1473/1549 950/1478/1554
f 950/1478/1554 3678/1473/1549 2937/1476/1552
f 2867/1479/1404 3679/1480/1555 911/1481/1403
f 911/1481/1403 3679/1480/1555 2940/1482/1556
f 913/1483/1409 2939/1484/1557 2867/1479/1404
f 2867/1479/1404 2939/1484/1557 3679/1480/1555
f 2939/1484/1557 950/1478/1554 3679/1480/1555
f 3679/1480/1555 950/1478/1554 2937/1476/1552
f 3679/1480/1555 2937/1476/1552 2940/1482/1556
f 2940/1482/1556 2937/1476/1552 949/1477/1553
f 1294/1485/1418 2941/1486/1558 2872/1487/1419
f 2872/1487/1419 2941/1486/1558 3680/1488/1559
f 2941/1486/1558 1295/1470/1546 3680/1488/1559
f 3680/1488/1559 1295/1470/1546 2938/1472/1548
f 3680/1488/1559 2938/1472/1548 2939/1484/1557
f 2939/1484/1557 2938/1472/1548 950/1478/1554
f 2872/1487/1419 3680/1488/1559 913/1483/1409
f 913/1483/1409 3680/1488/1559 2939/1484/1557
f 952/1489/1560 2942/1490/1561 2945/1491/1562
f 2945/1491/1562 2942/1490/1561 3681/1492/1563
f 2942/1490/1561 951/1493/1564 3681/1492/1563
f 3681/1492/1563 951/1493/1564 2943/1494/1565
f 2943/1494/1565 953/1495/1566 3681/1492/1563
f 3681/1492/1563 953/1495/1566 2944/1496/1567
f 3681/1492/1563 2944/1496/1567 2945/1491/1562
f 2945/1491/1562 2944/1496/1567 954/1497/1568
f 2946/1498/1569 3682/1499/1570 951/1493/1564
f 951/1493/1564 3682/1499/1570 2943/1494/1565
f 911/1481/1403 2940/1482/1556 2946/1498/1569
f 2946/1498/1569 2940/1482/1556 3682/1499/1570
f 2940/1482/1556 949/1477/1553 3682/1499/1570
f 3682/1499/1570 949/1477/1553 2947/1500/1571
f 3682/1499/1570 2947/1500/1571 2943/1494/1565
f 2943/1494/1565 2947/1500/1571 953/1495/1566
f 953/1495/1566 2947/1500/1571 2949/1501/1572
f 2949/1501/1572 2947/1500/1571 3683/1502/1573
f 2947/1500/1571 949/1477/1553 3683/1502/1573
f 3683/1502/1573 949/1477/1553 2936/1475/1551
f 3683/1502/1573 2936/1475/1551 2948/1503/1574
f 2948/1503/1574 2936/1475/1551 1296/1474/1550
f 2949/1501/1572 3683/1502/1573 1297/1504/1575
f 1297/1504/1575 3683/1502/1573 2948/1503/1574
f 954/1497/1568 2944/1496/1567 2951/1505/1576
f 2951/1505/1576 2944/1496/1567 3684/1506/1577
f 2944/1496/1567 953/1495/1566 3684/1506/1577
f 3684/1506/1577 953/1495/1566 2949/1501/1572
f 3684/1506/1577 2949/1501/1572 2950/1507/1578
f 2950/1507/1578 2949/1501/1572 1297/1504/1575
f 2951/1505/1576 3684/1506/1577 1298/1508/1579
f 1298/1508/1579 3684/1506/1577 2950/1507/1578
f 958/1509/1580 2952/1510/1581 2955/1511/1582
f 2955/1511/1582 2952/1510/1581 3685/1512/1583
f 2952/1510/1581 957/1513/1584 3685/1512/1583
f 3685/1512/1583 957/1513/1584 2953/1514/1585
f 2953/1514/1585 959/1515/1586 3685/1512/1583
f 3685/1512/1583 959/1515/1586 2954/1516/1587
f 3685/1512/1583 2954/1516/1587 2955/1511/1582
f 2955/1511/1582 2954/1516/1587 960/1517/1588
f 957/1513/1584 2956/1518/1589 2953/1514/1585
f 2953/1514/1585 2956/1518/1589 3686/1519/1590
f 2956/1518/1589 952/1489/1560 3686/1519/1590
f 3686/1519/1590 952/1489/1560 2945/1491/1562
f 2945/1491/1562 954/1497/1568 3686/1519/1590
f 3686/1519/1590 954/1497/1568 2957/1520/1591
f 3686/1519/1590 2957/1520/1591 2953/1514/1585
f 2953/1514/1585 2957/1520/1591 959/1515/1586
f 959/1515/1586 2957/1520/1591 2959/1521/1592
f 2959/1521/1592 2957/1520/1591 3687/1522/1593
f 2957/1520/1591 954/1497/1568 3687/1522/1593
f 3687/1522/1593 954/1497/1568 2951/1505/1576
f 3687/1522/1593 2951/1505/1576 2958/1523/1594
f 2958/1523/1594 2951/1505/1576 1298/1508/1579
f 2959/1521/1592 3687/1522/1593 1299/1524/1595
f 1299/1524/1595 3687/1522/1593 2958/1523/1594
f 960/1517/1588 2954/1516/1587 2961/1525/1596
f 2961/1525/1596 2954/1516/1587 3688/1526/1597
f 2954/1516/1587 959/1515/1586 3688/1526/1597
f 3688/1526/1597 959/1515/1586 2959/1521/1592
f 3688/1526/1597 2959/1521/1592 2960/1527/1598
f 2960/1527/1598 2959/1521/1592 1299/1524/1595
f 2961/1525/1596 3688/1526/1597 1300/1528/1599
f 1300/1528/1599 3688/1526/1597 2960/1527/1598
f 809/1529/1174 2962/1530/1600 2970/1531/1601
f 2970/1531/1601 2962/1530/1600 3689/1532/1602
f 963/1533/1603 2963/1534/1604 2962/1530/1600
f 2962/1530/1600 2963/1534/1604 3689/1532/1602
f 964/1535/1605 2964/1536/1606 2963/1534/1604
f 2963/1534/1604 2964/1536/1606 3689/1532/1602
f 909/1295/1400 2965/1537/1607 2964/1536/1606
f 2964/1536/1606 2965/1537/1607 3689/1532/1602
f 966/1538/1608 2966/1539/1609 2965/1537/1607
f 2965/1537/1607 2966/1539/1609 3689/1532/1602
f 968/1540/1610 2967/1541/1611 2966/1539/1609
f 2966/1539/1609 2967/1541/1611 3689/1532/1602
f 2968/1542/1612 3689/1532/1602 970/1543/1613
f 970/1543/1613 3689/1532/1602 2967/1541/1611
f 972/1544/1614 2969/1545/1615 2968/1542/1612
f 2968/1542/1612 2969/1545/1615 3689/1532/1602
f 974/1546/1616 2970/1531/1601 2969/1545/1615
f 2969/1545/1615 2970/1531/1601 3689/1532/1602
f 2971/1547/1617 3690/1548/1618 963/1533/1603
f 963/1533/1603 3690/1548/1618 2963/1534/1604
f 2971/1547/1617 975/1549/1619 3690/1548/1618
f 3690/1548/1618 975/1549/1619 2972/1550/1620
f 2972/1550/1620 976/1551/1621 3690/1548/1618
f 3690/1548/1618 976/1551/1621 2973/1552/1622
f 2963/1534/1604 3690/1548/1618 964/1535/1605
f 964/1535/1605 3690/1548/1618 2973/1552/1622
f 964/1535/1605 2973/1552/1622 2976/1553/1623
f 2976/1553/1623 2973/1552/1622 3691/1554/1624
f 2973/1552/1622 976/1551/1621 3691/1554/1624
f 3691/1554/1624 976/1551/1621 2974/1555/1625
f 3691/1554/1624 2974/1555/1625 2975/1556/1626
f 2975/1556/1626 2974/1555/1625 1302/1557/1627
f 2976/1553/1623 3691/1554/1624 1303/1558/1628
f 1303/1558/1628 3691/1554/1624 2975/1556/1626
f 909/1295/1400 2964/1536/1606 2863/1277/1382
f 2863/1277/1382 2964/1536/1606 3692/1559/1629
f 2964/1536/1606 964/1535/1605 3692/1559/1629
f 3692/1559/1629 964/1535/1605 2976/1553/1623
f 3692/1559/1629 2976/1553/1623 2977/1560/1630
f 2977/1560/1630 2976/1553/1623 1303/1558/1628
f 2863/1277/1382 3692/1559/1629 1304/1275/1380
f 1304/1275/1380 3692/1559/1629 2977/1560/1630
f 975/1549/1619 2978/1561/1631 2972/1550/1620
f 2972/1550/1620 2978/1561/1631 3693/1562/1632
f 2978/1561/1631 979/1563/1633 3693/1562/1632
f 3693/1562/1632 979/1563/1633 2979/1564/1634
f 2979/1564/1634 980/1565/1635 3693/1562/1632
f 3693/1562/1632 980/1565/1635 2980/1566/1636
f 3693/1562/1632 2980/1566/1636 2972/1550/1620
f 2972/1550/1620 2980/1566/1636 976/1551/1621
f 979/1563/1633 2981/1567/1637 2979/1564/1634
f 2979/1564/1634 2981/1567/1637 3694/1568/1638
f 2981/1567/1637 958/1569/1580 3694/1568/1638
f 3694/1568/1638 958/1569/1580 2955/1570/1582
f 2955/1570/1582 960/1571/1588 3694/1568/1638
f 3694/1568/1638 960/1571/1588 2982/1572/1639
f 3694/1568/1638 2982/1572/1639 2979/1564/1634
f 2979/1564/1634 2982/1572/1639 980/1565/1635
f 980/1565/1635 2982/1572/1639 2984/1573/1640
f 2984/1573/1640 2982/1572/1639 3695/1574/1641
f 2982/1572/1639 960/1571/1588 3695/1574/1641
f 3695/1574/1641 960/1571/1588 2961/1575/1596
f 3695/1574/1641 2961/1575/1596 2983/1576/1642
f 2983/1576/1642 2961/1575/1596 1300/1577/1599
f 2984/1573/1640 3695/1574/1641 1301/1578/1643
f 1301/1578/1643 3695/1574/1641 2983/1576/1642
f 976/1551/1621 2980/1566/1636 2974/1555/1625
f 2974/1555/1625 2980/1566/1636 3696/1579/1644
f 2980/1566/1636 980/1565/1635 3696/1579/1644
f 3696/1579/1644 980/1565/1635 2984/1573/1640
f 3696/1579/1644 2984/1573/1640 2985/1580/1645
f 2985/1580/1645 2984/1573/1640 1301/1578/1643
f 2974/1555/1625 3696/1579/1644 1302/1557/1627
f 1302/1557/1627 3696/1579/1644 2985/1580/1645
f 911/1298/1403 2946/1581/1569 2864/1296/1401
f 2864/1296/1401 2946/1581/1569 3697/1582/1646
f 2946/1581/1569 951/1583/1564 3697/1582/1646
f 3697/1582/1646 951/1583/1564 2986/1584/1647
f 3697/1582/1646 2986/1584/1647 2987/1585/1648
f 2987/1585/1648 2986/1584/1647 982/1586/1649
f 2864/1296/1401 3697/1582/1646 910/1300/1405
f 910/1300/1405 3697/1582/1646 2987/1585/1648
f 2942/1587/1561 3698/1588/1650 951/1583/1564
f 951/1583/1564 3698/1588/1650 2986/1584/1647
f 952/1589/1560 2988/1590/1651 2942/1587/1561
f 2942/1587/1561 2988/1590/1651 3698/1588/1650
f 3698/1588/1650 2988/1590/1651 2989/1591/1652
f 2989/1591/1652 2988/1590/1651 983/1592/1653
f 2986/1584/1647 3698/1588/1650 982/1586/1649
f 982/1586/1649 3698/1588/1650 2989/1591/1652
f 2989/1591/1652 3699/1593/1654 982/1586/1649
f 982/1586/1649 3699/1593/1654 2992/1594/1655
f 983/1592/1653 2990/1595/1656 2989/1591/1652
f 2989/1591/1652 2990/1595/1656 3699/1593/1654
f 2990/1595/1656 1290/1596/1657 3699/1593/1654
f 3699/1593/1654 1290/1596/1657 2991/1597/1658
f 3699/1593/1654 2991/1597/1658 2992/1594/1655
f 2992/1594/1655 2991/1597/1658 1291/1598/1659
f 2987/1585/1648 3700/1599/1660 910/1300/1405
f 910/1300/1405 3700/1599/1660 2870/1308/1413
f 982/1586/1649 2992/1594/1655 2987/1585/1648
f 2987/1585/1648 2992/1594/1655 3700/1599/1660
f 2992/1594/1655 1291/1598/1659 3700/1599/1660
f 3700/1599/1660 1291/1598/1659 2993/1600/1661
f 3700/1599/1660 2993/1600/1661 2870/1308/1413
f 2870/1308/1413 2993/1600/1661 1292/1307/1412
f 2956/1601/1589 3701/1602/1662 952/1589/1560
f 952/1589/1560 3701/1602/1662 2988/1590/1651
f 957/1603/1584 2994/1604/1663 2956/1601/1589
f 2956/1601/1589 2994/1604/1663 3701/1602/1662
f 3701/1602/1662 2994/1604/1663 2995/1605/1664
f 2995/1605/1664 2994/1604/1663 986/1606/1665
f 2988/1590/1651 3701/1602/1662 983/1592/1653
f 983/1592/1653 3701/1602/1662 2995/1605/1664
f 2952/1607/1581 3702/1608/1666 957/1603/1584
f 957/1603/1584 3702/1608/1666 2994/1604/1663
f 958/1609/1580 2996/1610/1667 2952/1607/1581
f 2952/1607/1581 2996/1610/1667 3702/1608/1666
f 3702/1608/1666 2996/1610/1667 2997/1611/1668
f 2997/1611/1668 2996/1610/1667 987/1612/1669
f 2994/1604/1663 3702/1608/1666 986/1606/1665
f 986/1606/1665 3702/1608/1666 2997/1611/1668
f 2997/1611/1668 3703/1613/1670 986/1606/1665
f 986/1606/1665 3703/1613/1670 3000/1614/1671
f 987/1612/1669 2998/1615/1672 2997/1611/1668
f 2997/1611/1668 2998/1615/1672 3703/1613/1670
f 2998/1615/1672 1288/1616/1673 3703/1613/1670
f 3703/1613/1670 1288/1616/1673 2999/1617/1674
f 3703/1613/1670 2999/1617/1674 3000/1614/1671
f 3000/1614/1671 2999/1617/1674 1289/1618/1675
f 2995/1605/1664 3704/1619/1676 983/1592/1653
f 983/1592/1653 3704/1619/1676 2990/1595/1656
f 986/1606/1665 3000/1614/1671 2995/1605/1664
f 2995/1605/1664 3000/1614/1671 3704/1619/1676
f 3000/1614/1671 1289/1618/1675 3704/1619/1676
f 3704/1619/1676 1289/1618/1675 3001/1620/1677
f 3704/1619/1676 3001/1620/1677 2990/1595/1656
f 2990/1595/1656 3001/1620/1677 1290/1596/1657
f 2981/1621/1637 3705/1622/1678 958/1623/1580
f 958/1623/1580 3705/1622/1678 2996/1624/1667
f 979/1625/1633 3002/1626/1679 2981/1621/1637
f 2981/1621/1637 3002/1626/1679 3705/1622/1678
f 3705/1622/1678 3002/1626/1679 3003/1627/1680
f 3003/1627/1680 3002/1626/1679 990/1628/1681
f 2996/1624/1667 3705/1622/1678 987/1629/1669
f 987/1629/1669 3705/1622/1678 3003/1627/1680
f 2978/1630/1631 3706/1631/1682 979/1625/1633
f 979/1625/1633 3706/1631/1682 3002/1626/1679
f 975/1632/1619 3004/1633/1683 2978/1630/1631
f 2978/1630/1631 3004/1633/1683 3706/1631/1682
f 3706/1631/1682 3004/1633/1683 3005/1634/1684
f 3005/1634/1684 3004/1633/1683 991/1635/1685
f 3002/1626/1679 3706/1631/1682 990/1628/1681
f 990/1628/1681 3706/1631/1682 3005/1634/1684
f 3005/1634/1684 3707/1636/1686 990/1628/1681
f 990/1628/1681 3707/1636/1686 3008/1637/1687
f 991/1635/1685 3006/1638/1688 3005/1634/1684
f 3005/1634/1684 3006/1638/1688 3707/1636/1686
f 3006/1638/1688 1286/1639/1689 3707/1636/1686
f 3707/1636/1686 1286/1639/1689 3007/1640/1690
f 3707/1636/1686 3007/1640/1690 3008/1637/1687
f 3008/1637/1687 3007/1640/1690 1287/1641/1691
f 3003/1627/1680 3708/1642/1692 987/1629/1669
f 987/1629/1669 3708/1642/1692 2998/1643/1672
f 990/1628/1681 3008/1637/1687 3003/1627/1680
f 3003/1627/1680 3008/1637/1687 3708/1642/1692
f 3008/1637/1687 1287/1641/1691 3708/1642/1692
f 3708/1642/1692 1287/1641/1691 3009/1644/1693
f 3708/1642/1692 3009/1644/1693 2998/1643/1672
f 2998/1643/1672 3009/1644/1693 1288/1645/1673
f 2971/1646/1617 3709/1647/1694 975/1632/1619
f 975/1632/1619 3709/1647/1694 3004/1633/1683
f 963/1648/1603 3010/1649/1695 2971/1646/1617
f 2971/1646/1617 3010/1649/1695 3709/1647/1694
f 3010/1649/1695 994/1650/1696 3709/1647/1694
f 3709/1647/1694 994/1650/1696 3011/1651/1697
f 3004/1633/1683 3709/1647/1694 991/1635/1685
f 991/1635/1685 3709/1647/1694 3011/1651/1697
f 2962/1652/1600 3710/1653/1698 963/1648/1603
f 963/1648/1603 3710/1653/1698 3010/1649/1695
f 809/1067/1174 2752/1066/1173 2962/1652/1600
f 2962/1652/1600 2752/1066/1173 3710/1653/1698
f 2752/1066/1173 807/1061/1168 3710/1653/1698
f 3710/1653/1698 807/1061/1168 3012/1654/1699
f 3710/1653/1698 3012/1654/1699 3010/1649/1695
f 3010/1649/1695 3012/1654/1699 994/1650/1696
f 3012/1654/1699 3711/1655/1700 994/1650/1696
f 994/1650/1696 3711/1655/1700 3014/1656/1701
f 807/1061/1168 2749/1059/1166 3012/1654/1699
f 3012/1654/1699 2749/1059/1166 3711/1655/1700
f 2749/1059/1166 1284/1060/1167 3711/1655/1700
f 3711/1655/1700 1284/1060/1167 3013/1657/1702
f 3711/1655/1700 3013/1657/1702 3014/1656/1701
f 3014/1656/1701 3013/1657/1702 1285/1658/1703
f 3011/1651/1697 3712/1659/1704 991/1635/1685
f 991/1635/1685 3712/1659/1704 3006/1638/1688
f 994/1650/1696 3014/1656/1701 3011/1651/1697
f 3011/1651/1697 3014/1656/1701 3712/1659/1704
f 3014/1656/1701 1285/1658/1703 3712/1659/1704
f 3712/1659/1704 1285/1658/1703 3015/1660/1705
f 3712/1659/1704 3015/1660/1705 3006/1638/1688
f 3006/1638/1688 3015/1660/1705 1286/1639/1689
f 914/1317/1422 3016/1661/1706 2873/1315/1420
f 2873/1315/1420 3016/1661/1706 3713/1662/1707
f 985/1663/1708 3017/1664/1709 3016/1661/1706
f 3016/1661/1706 3017/1664/1709 3713/1662/1707
f 3713/1662/1707 3017/1664/1709 3018/1665/1710
f 3018/1665/1710 3017/1664/1709 996/1666/1711
f 2873/1315/1420 3713/1662/1707 917/1319/1424
f 917/1319/1424 3713/1662/1707 3018/1665/1710
f 3019/1667/1712 3714/1668/1713 985/1663/1708
f 985/1663/1708 3714/1668/1713 3017/1664/1709
f 984/1669/1714 3020/1670/1715 3019/1667/1712
f 3019/1667/1712 3020/1670/1715 3714/1668/1713
f 3020/1670/1715 997/1671/1716 3714/1668/1713
f 3714/1668/1713 997/1671/1716 3021/1672/1717
f 3714/1668/1713 3021/1672/1717 3017/1664/1709
f 3017/1664/1709 3021/1672/1717 996/1666/1711
f 996/1666/1711 3021/1672/1717 3024/1673/1718
f 3024/1673/1718 3021/1672/1717 3715/1674/1719
f 3021/1672/1717 997/1671/1716 3715/1674/1719
f 3715/1674/1719 997/1671/1716 3022/1675/1720
f 3715/1674/1719 3022/1675/1720 3023/1676/1721
f 3023/1676/1721 3022/1675/1720 998/1677/1722
f 3024/1673/1718 3715/1674/1719 999/1678/1723
f 999/1678/1723 3715/1674/1719 3023/1676/1721
f 3018/1665/1710 3716/1679/1724 917/1319/1424
f 917/1319/1424 3716/1679/1724 2879/1327/1432
f 996/1666/1711 3024/1673/1718 3018/1665/1710
f 3018/1665/1710 3024/1673/1718 3716/1679/1724
f 3024/1673/1718 999/1678/1723 3716/1679/1724
f 3716/1679/1724 999/1678/1723 3025/1680/1725
f 3716/1679/1724 3025/1680/1725 2879/1327/1432
f 2879/1327/1432 3025/1680/1725 919/1326/1431
f 3026/1681/1726 3717/1682/1727 984/1669/1714
f 984/1669/1714 3717/1682/1727 3020/1670/1715
f 989/1683/1728 3027/1684/1729 3026/1681/1726
f 3026/1681/1726 3027/1684/1729 3717/1682/1727
f 3027/1684/1729 1000/1685/1730 3717/1682/1727
f 3717/1682/1727 1000/1685/1730 3028/1686/1731
f 3717/1682/1727 3028/1686/1731 3020/1670/1715
f 3020/1670/1715 3028/1686/1731 997/1671/1716
f 3029/1687/1732 3718/1688/1733 989/1683/1728
f 989/1683/1728 3718/1688/1733 3027/1684/1729
f 988/1689/1734 3030/1690/1735 3029/1687/1732
f 3029/1687/1732 3030/1690/1735 3718/1688/1733
f 3030/1690/1735 1001/1691/1736 3718/1688/1733
f 3718/1688/1733 1001/1691/1736 3031/1692/1737
f 3718/1688/1733 3031/1692/1737 3027/1684/1729
f 3027/1684/1729 3031/1692/1737 1000/1685/1730
f 1000/1685/1730 3031/1692/1737 3034/1693/1738
f 3034/1693/1738 3031/1692/1737 3719/1694/1739
f 3031/1692/1737 1001/1691/1736 3719/1694/1739
f 3719/1694/1739 1001/1691/1736 3032/1695/1740
f 3719/1694/1739 3032/1695/1740 3033/1696/1741
f 3033/1696/1741 3032/1695/1740 1002/1697/1742
f 3034/1693/1738 3719/1694/1739 1003/1698/1743
f 1003/1698/1743 3719/1694/1739 3033/1696/1741
f 997/1671/1716 3028/1686/1731 3022/1675/1720
f 3022/1675/1720 3028/1686/1731 3720/1699/1744
f 3028/1686/1731 1000/1685/1730 3720/1699/1744
f 3720/1699/1744 1000/1685/1730 3034/1693/1738
f 3720/1699/1744 3034/1693/1738 3035/1700/1745
f 3035/1700/1745 3034/1693/1738 1003/1698/1743
f 3022/1675/1720 3720/1699/1744 998/1677/1722
f 998/1677/1722 3720/1699/1744 3035/1700/1745
f 3036/1701/1746 3721/1702/1747 988/1703/1734
f 988/1703/1734 3721/1702/1747 3030/1704/1735
f 993/1705/1748 3037/1706/1749 3036/1701/1746
f 3036/1701/1746 3037/1706/1749 3721/1702/1747
f 3037/1706/1749 1004/1707/1750 3721/1702/1747
f 3721/1702/1747 1004/1707/1750 3038/1708/1751
f 3721/1702/1747 3038/1708/1751 3030/1704/1735
f 3030/1704/1735 3038/1708/1751 1001/1709/1736
f 3039/1710/1752 3722/1711/1753 993/1705/1748
f 993/1705/1748 3722/1711/1753 3037/1706/1749
f 992/1712/1754 3040/1713/1755 3039/1710/1752
f 3039/1710/1752 3040/1713/1755 3722/1711/1753
f 3040/1713/1755 1005/1714/1756 3722/1711/1753
f 3722/1711/1753 1005/1714/1756 3041/1715/1757
f 3722/1711/1753 3041/1715/1757 3037/1706/1749
f 3037/1706/1749 3041/1715/1757 1004/1707/1750
f 1004/1707/1750 3041/1715/1757 3044/1716/1758
f 3044/1716/1758 3041/1715/1757 3723/1717/1759
f 3041/1715/1757 1005/1714/1756 3723/1717/1759
f 3723/1717/1759 1005/1714/1756 3042/1718/1760
f 3723/1717/1759 3042/1718/1760 3043/1719/1761
f 3043/1719/1761 3042/1718/1760 1006/1720/1762
f 3044/1716/1758 3723/1717/1759 1007/1721/1763
f 1007/1721/1763 3723/1717/1759 3043/1719/1761
f 1001/1709/1736 3038/1708/1751 3032/1722/1740
f 3032/1722/1740 3038/1708/1751 3724/1723/1764
f 3038/1708/1751 1004/1707/1750 3724/1723/1764
f 3724/1723/1764 1004/1707/1750 3044/1716/1758
f 3724/1723/1764 3044/1716/1758 3045/1724/1765
f 3045/1724/1765 3044/1716/1758 1007/1721/1763
f 3032/1722/1740 3724/1723/1764 1002/1725/1742
f 1002/1725/1742 3724/1723/1764 3045/1724/1765
f 3046/1726/1766 3725/1727/1767 992/1712/1754
f 992/1712/1754 3725/1727/1767 3040/1713/1755
f 995/1728/1768 3047/1729/1769 3046/1726/1766
f 3046/1726/1766 3047/1729/1769 3725/1727/1767
f 3725/1727/1767 3047/1729/1769 3048/1730/1770
f 3048/1730/1770 3047/1729/1769 1008/1731/1771
f 3040/1713/1755 3725/1727/1767 1005/1714/1756
f 1005/1714/1756 3725/1727/1767 3048/1730/1770
f 3049/1732/1772 3726/1733/1773 995/1728/1768
f 995/1728/1768 3726/1733/1773 3047/1729/1769
f 806/1102/1209 2769/1101/1208 3049/1732/1772
f 3049/1732/1772 2769/1101/1208 3726/1733/1773
f 3726/1733/1773 2769/1101/1208 3050/1734/1774
f 3050/1734/1774 2769/1101/1208 823/1096/1203
f 3047/1729/1769 3726/1733/1773 1008/1731/1771
f 1008/1731/1771 3726/1733/1773 3050/1734/1774
f 1008/1731/1771 3050/1734/1774 3052/1735/1775
f 3052/1735/1775 3050/1734/1774 3727/1736/1776
f 3050/1734/1774 823/1096/1203 3727/1736/1776
f 3727/1736/1776 823/1096/1203 2766/1094/1201
f 3727/1736/1776 2766/1094/1201 3051/1737/1777
f 3051/1737/1777 2766/1094/1201 822/1095/1202
f 3052/1735/1775 3727/1736/1776 1009/1738/1778
f 1009/1738/1778 3727/1736/1776 3051/1737/1777
f 1005/1714/1756 3048/1730/1770 3042/1718/1760
f 3042/1718/1760 3048/1730/1770 3728/1739/1779
f 3048/1730/1770 1008/1731/1771 3728/1739/1779
f 3728/1739/1779 1008/1731/1771 3052/1735/1775
f 3728/1739/1779 3052/1735/1775 3053/1740/1780
f 3053/1740/1780 3052/1735/1775 1009/1738/1778
f 3042/1718/1760 3728/1739/1779 1006/1720/1762
f 1006/1720/1762 3728/1739/1779 3053/1740/1780
f 919/1336/1431 3025/1741/1725 2882/1334/1439
f 2882/1334/1439 3025/1741/1725 3729/1742/1781
f 3025/1741/1725 999/1743/1723 3729/1742/1781
f 3729/1742/1781 999/1743/1723 3054/1744/1782
f 3729/1742/1781 3054/1744/1782 3055/1745/1783
f 3055/1745/1783 3054/1744/1782 1010/1746/1784
f 2882/1334/1439 3729/1742/1781 921/1338/1441
f 921/1338/1441 3729/1742/1781 3055/1745/1783
f 3023/1747/1721 3730/1748/1785 999/1743/1723
f 999/1743/1723 3730/1748/1785 3054/1744/1782
f 998/1749/1722 3056/1750/1786 3023/1747/1721
f 3023/1747/1721 3056/1750/1786 3730/1748/1785
f 3056/1750/1786 1011/1751/1787 3730/1748/1785
f 3730/1748/1785 1011/1751/1787 3057/1752/1788
f 3730/1748/1785 3057/1752/1788 3054/1744/1782
f 3054/1744/1782 3057/1752/1788 1010/1746/1784
f 1010/1746/1784 3057/1752/1788 3060/1753/1789
f 3060/1753/1789 3057/1752/1788 3731/1754/1790
f 3057/1752/1788 1011/1751/1787 3731/1754/1790
f 3731/1754/1790 1011/1751/1787 3058/1755/1791
f 3731/1754/1790 3058/1755/1791 3059/1756/1792
f 3059/1756/1792 3058/1755/1791 1012/1757/1793
f 3060/1753/1789 3731/1754/1790 1013/1758/1794
f 1013/1758/1794 3731/1754/1790 3059/1756/1792
f 3055/1745/1783 3732/1759/1795 921/1338/1441
f 921/1338/1441 3732/1759/1795 2887/1346/1448
f 1010/1746/1784 3060/1753/1789 3055/1745/1783
f 3055/1745/1783 3060/1753/1789 3732/1759/1795
f 3060/1753/1789 1013/1758/1794 3732/1759/1795
f 3732/1759/1795 1013/1758/1794 3061/1760/1796
f 3732/1759/1795 3061/1760/1796 2887/1346/1448
f 2887/1346/1448 3061/1760/1796 923/1345/1447
f 3035/1761/1745 3733/1762/1797 998/1749/1722
f 998/1749/1722 3733/1762/1797 3056/1750/1786
f 1003/1763/1743 3062/1764/1798 3035/1761/1745
f 3035/1761/1745 3062/1764/1798 3733/1762/1797
f 3062/1764/1798 1014/1765/1799 3733/1762/1797
f 3733/1762/1797 1014/1765/1799 3063/1766/1800
f 3733/1762/1797 3063/1766/1800 3056/1750/1786
f 3056/1750/1786 3063/1766/1800 1011/1751/1787
f 3033/1767/1741 3734/1768/1801 1003/1763/1743
f 1003/1763/1743 3734/1768/1801 3062/1764/1798
f 1002/1769/1742 3064/1770/1802 3033/1767/1741
f 3033/1767/1741 3064/1770/1802 3734/1768/1801
f 3064/1770/1802 1015/1771/1803 3734/1768/1801
f 3734/1768/1801 1015/1771/1803 3065/1772/1804
f 3734/1768/1801 3065/1772/1804 3062/1764/1798
f 3062/1764/1798 3065/1772/1804 1014/1765/1799
f 1014/1765/1799 3065/1772/1804 3068/1773/1805
f 3068/1773/1805 3065/1772/1804 3735/1774/1806
f 3065/1772/1804 1015/1771/1803 3735/1774/1806
f 3735/1774/1806 1015/1771/1803 3066/1775/1807
f 3735/1774/1806 3066/1775/1807 3067/1776/1808
f 3067/1776/1808 3066/1775/1807 1016/1777/1809
f 3068/1773/1805 3735/1774/1806 1017/1778/1810
f 1017/1778/1810 3735/1774/1806 3067/1776/1808
f 1011/1751/1787 3063/1766/1800 3058/1755/1791
f 3058/1755/1791 3063/1766/1800 3736/1779/1811
f 3063/1766/1800 1014/1765/1799 3736/1779/1811
f 3736/1779/1811 1014/1765/1799 3068/1773/1805
f 3736/1779/1811 3068/1773/1805 3069/1780/1812
f 3069/1780/1812 3068/1773/1805 1017/1778/1810
f 3058/1755/1791 3736/1779/1811 1012/1757/1793
f 1012/1757/1793 3736/1779/1811 3069/1780/1812
f 3045/1724/1765 3737/1781/1813 1002/1725/1742
f 1002/1725/1742 3737/1781/1813 3064/1782/1802
f 1007/1721/1763 3070/1783/1814 3045/1724/1765
f 3045/1724/1765 3070/1783/1814 3737/1781/1813
f 3070/1783/1814 1018/1784/1815 3737/1781/1813
f 3737/1781/1813 1018/1784/1815 3071/1785/1816
f 3737/1781/1813 3071/1785/1816 3064/1782/1802
f 3064/1782/1802 3071/1785/1816 1015/1786/1803
f 3043/1719/1761 3738/1787/1817 1007/1721/1763
f 1007/1721/1763 3738/1787/1817 3070/1783/1814
f 1006/1720/1762 3072/1788/1818 3043/1719/1761
f 3043/1719/1761 3072/1788/1818 3738/1787/1817
f 3072/1788/1818 1019/1789/1819 3738/1787/1817
f 3738/1787/1817 1019/1789/1819 3073/1790/1820
f 3738/1787/1817 3073/1790/1820 3070/1783/1814
f 3070/1783/1814 3073/1790/1820 1018/1784/1815
f 1018/1784/1815 3073/1790/1820 3076/1791/1821
f 3076/1791/1821 3073/1790/1820 3739/1792/1822
f 3073/1790/1820 1019/1789/1819 3739/1792/1822
f 3739/1792/1822 1019/1789/1819 3074/1793/1823
f 3739/1792/1822 3074/1793/1823 3075/1794/1824
f 3075/1794/1824 3074/1793/1823 1020/1795/1825
f 3076/1791/1821 3739/1792/1822 1021/1796/1826
f 1021/1796/1826 3739/1792/1822 3075/1794/1824
f 1015/1786/1803 3071/1785/1816 3066/1797/1807
f 3066/1797/1807 3071/1785/1816 3740/1798/1827
f 3071/1785/1816 1018/1784/1815 3740/1798/1827
f 3740/1798/1827 1018/1784/1815 3076/1791/1821
f 3740/1798/1827 3076/1791/1821 3077/1799/1828
f 3077/1799/1828 3076/1791/1821 1021/1796/1826
f 3066/1797/1807 3740/1798/1827 1016/1800/1809
f 1016/1800/1809 3740/1798/1827 3077/1799/1828
f 3053/1740/1780 3741/1801/1829 1006/1720/1762
f 1006/1720/1762 3741/1801/1829 3072/1788/1818
f 3053/1740/1780 1009/1738/1778 3741/1801/1829
f 3741/1801/1829 1009/1738/1778 3078/1802/1830
f 3741/1801/1829 3078/1802/1830 3079/1803/1831
f 3079/1803/1831 3078/1802/1830 1022/1804/1832
f 3072/1788/1818 3741/1801/1829 1019/1789/1819
f 1019/1789/1819 3741/1801/1829 3079/1803/1831
f 1009/1738/1778 3051/1737/1777 3078/1802/1830
f 3078/1802/1830 3051/1737/1777 3742/1805/1833
f 3051/1737/1777 822/1095/1202 3742/1805/1833
f 3742/1805/1833 822/1095/1202 2780/1122/1229
f 3742/1805/1833 2780/1122/1229 3080/1806/1834
f 3080/1806/1834 2780/1122/1229 827/1119/1226
f 3078/1802/1830 3742/1805/1833 1022/1804/1832
f 1022/1804/1832 3742/1805/1833 3080/1806/1834
f 1022/1804/1832 3080/1806/1834 3082/1807/1835
f 3082/1807/1835 3080/1806/1834 3743/1808/1836
f 3080/1806/1834 827/1119/1226 3743/1808/1836
f 3743/1808/1836 827/1119/1226 2777/1117/1224
f 3743/1808/1836 2777/1117/1224 3081/1809/1837
f 3081/1809/1837 2777/1117/1224 826/1118/1225
f 3082/1807/1835 3743/1808/1836 1023/1810/1838
f 1023/1810/1838 3743/1808/1836 3081/1809/1837
f 1019/1789/1819 3079/1803/1831 3074/1793/1823
f 3074/1793/1823 3079/1803/1831 3744/1811/1839
f 3079/1803/1831 1022/1804/1832 3744/1811/1839
f 3744/1811/1839 1022/1804/1832 3082/1807/1835
f 3744/1811/1839 3082/1807/1835 3083/1812/1840
f 3083/1812/1840 3082/1807/1835 1023/1810/1838
f 3074/1793/1823 3744/1811/1839 1020/1795/1825
f 1020/1795/1825 3744/1811/1839 3083/1812/1840
f 923/1354/1447 3061/1813/1796 2889/1352/1453
f 2889/1352/1453 3061/1813/1796 3745/1814/1841
f 3061/1813/1796 1013/1815/1794 3745/1814/1841
f 3745/1814/1841 1013/1815/1794 3084/1816/1842
f 3745/1814/1841 3084/1816/1842 3085/1817/1843
f 3085/1817/1843 3084/1816/1842 1024/1818/1844
f 2889/1352/1453 3745/1814/1841 925/1356/1455
f 925/1356/1455 3745/1814/1841 3085/1817/1843
f 3059/1819/1792 3746/1820/1845 1013/1815/1794
f 1013/1815/1794 3746/1820/1845 3084/1816/1842
f 1012/1821/1793 3086/1822/1846 3059/1819/1792
f 3059/1819/1792 3086/1822/1846 3746/1820/1845
f 3086/1822/1846 1025/1823/1847 3746/1820/1845
f 3746/1820/1845 1025/1823/1847 3087/1824/1848
f 3746/1820/1845 3087/1824/1848 3084/1816/1842
f 3084/1816/1842 3087/1824/1848 1024/1818/1844
f 1024/1818/1844 3087/1824/1848 3090/1825/1849
f 3090/1825/1849 3087/1824/1848 3747/1826/1850
f 3087/1824/1848 1025/1823/1847 3747/1826/1850
f 3747/1826/1850 1025/1823/1847 3088/1827/1851
f 3747/1826/1850 3088/1827/1851 3089/1828/1852
f 3089/1828/1852 3088/1827/1851 1026/1829/1853
f 3090/1825/1849 3747/1826/1850 1027/1830/1854
f 1027/1830/1854 3747/1826/1850 3089/1828/1852
f 3085/1817/1843 3748/1831/1855 925/1356/1455
f 925/1356/1455 3748/1831/1855 2894/1364/1462
f 1024/1818/1844 3090/1825/1849 3085/1817/1843
f 3085/1817/1843 3090/1825/1849 3748/1831/1855
f 3090/1825/1849 1027/1830/1854 3748/1831/1855
f 3748/1831/1855 1027/1830/1854 3091/1832/1856
f 3748/1831/1855 3091/1832/1856 2894/1364/1462
f 2894/1364/1462 3091/1832/1856 927/1363/1461
f 3069/1833/1812 3749/1834/1857 1012/1821/1793
f 1012/1821/1793 3749/1834/1857 3086/1822/1846
f 1017/1835/1810 3092/1836/1858 3069/1833/1812
f 3069/1833/1812 3092/1836/1858 3749/1834/1857
f 3092/1836/1858 1028/1837/1859 3749/1834/1857
f 3749/1834/1857 1028/1837/1859 3093/1838/1860
f 3749/1834/1857 3093/1838/1860 3086/1822/1846
f 3086/1822/1846 3093/1838/1860 1025/1823/1847
f 3067/1839/1808 3750/1840/1861 1017/1835/1810
f 1017/1835/1810 3750/1840/1861 3092/1836/1858
f 1016/1841/1809 3094/1842/1862 3067/1839/1808
f 3067/1839/1808 3094/1842/1862 3750/1840/1861
f 3094/1842/1862 1029/1843/1863 3750/1840/1861
f 3750/1840/1861 1029/1843/1863 3095/1844/1864
f 3750/1840/1861 3095/1844/1864 3092/1836/1858
f 3092/1836/1858 3095/1844/1864 1028/1837/1859
f 1028/1837/1859 3095/1844/1864 3098/1845/1865
f 3098/1845/1865 3095/1844/1864 3751/1846/1866
f 3095/1844/1864 1029/1843/1863 3751/1846/1866
f 3751/1846/1866 1029/1843/1863 3096/1847/1867
f 3751/1846/1866 3096/1847/1867 3097/1848/1868
f 3097/1848/1868 3096/1847/1867 1030/1849/1869
f 3098/1845/1865 3751/1846/1866 1031/1850/1870
f 1031/1850/1870 3751/1846/1866 3097/1848/1868
f 1025/1823/1847 3093/1838/1860 3088/1827/1851
f 3088/1827/1851 3093/1838/1860 3752/1851/1871
f 3093/1838/1860 1028/1837/1859 3752/1851/1871
f 3752/1851/1871 1028/1837/1859 3098/1845/1865
f 3752/1851/1871 3098/1845/1865 3099/1852/1872
f 3099/1852/1872 3098/1845/1865 1031/1850/1870
f 3088/1827/1851 3752/1851/1871 1026/1829/1853
f 1026/1829/1853 3752/1851/1871 3099/1852/1872
f 3077/1799/1828 3753/1853/1873 1016/1800/1809
f 1016/1800/1809 3753/1853/1873 3094/1854/1862
f 1021/1796/1826 3100/1855/1874 3077/1799/1828
f 3077/1799/1828 3100/1855/1874 3753/1853/1873
f 3100/1855/1874 1032/1856/1875 3753/1853/1873
f 3753/1853/1873 1032/1856/1875 3101/1857/1876
f 3753/1853/1873 3101/1857/1876 3094/1854/1862
f 3094/1854/1862 3101/1857/1876 1029/1858/1863
f 3075/1794/1824 3754/1859/1877 1021/1796/1826
f 1021/1796/1826 3754/1859/1877 3100/1855/1874
f 1020/1795/1825 3102/1860/1878 3075/1794/1824
f 3075/1794/1824 3102/1860/1878 3754/1859/1877
f 3102/1860/1878 1033/1861/1879 3754/1859/1877
f 3754/1859/1877 1033/1861/1879 3103/1862/1880
f 3754/1859/1877 3103/1862/1880 3100/1855/1874
f 3100/1855/1874 3103/1862/1880 1032/1856/1875
f 1032/1856/1875 3103/1862/1880 3106/1863/1881
f 3106/1863/1881 3103/1862/1880 3755/1864/1882
f 3103/1862/1880 1033/1861/1879 3755/1864/1882
f 3755/1864/1882 1033/1861/1879 3104/1865/1883
f 3755/1864/1882 3104/1865/1883 3105/1866/1884
f 3105/1866/1884 3104/1865/1883 1034/1867/1885
f 3106/1863/1881 3755/1864/1882 1035/1868/1886
f 1035/1868/1886 3755/1864/1882 3105/1866/1884
f 1029/1858/1863 3101/1857/1876 3096/1869/1867
f 3096/1869/1867 3101/1857/1876 3756/1870/1887
f 3101/1857/1876 1032/1856/1875 3756/1870/1887
f 3756/1870/1887 1032/1856/1875 3106/1863/1881
f 3756/1870/1887 3106/1863/1881 3107/1871/1888
f 3107/1871/1888 3106/1863/1881 1035/1868/1886
f 3096/1869/1867 3756/1870/1887 1030/1872/1869
f 1030/1872/1869 3756/1870/1887 3107/1871/1888
f 3083/1812/1840 3757/1873/1889 1020/1795/1825
f 1020/1795/1825 3757/1873/1889 3102/1860/1878
f 3083/1812/1840 1023/1810/1838 3757/1873/1889
f 3757/1873/1889 1023/1810/1838 3108/1874/1890
f 3757/1873/1889 3108/1874/1890 3109/1875/1891
f 3109/1875/1891 3108/1874/1890 1036/1876/1892
f 3102/1860/1878 3757/1873/1889 1033/1861/1879
f 1033/1861/1879 3757/1873/1889 3109/1875/1891
f 1023/1810/1838 3081/1809/1837 3108/1874/1890
f 3108/1874/1890 3081/1809/1837 3758/1877/1893
f 3081/1809/1837 826/1118/1225 3758/1877/1893
f 3758/1877/1893 826/1118/1225 2790/1142/1249
f 3758/1877/1893 2790/1142/1249 3110/1878/1894
f 3110/1878/1894 2790/1142/1249 831/1139/1246
f 3108/1874/1890 3758/1877/1893 1036/1876/1892
f 1036/1876/1892 3758/1877/1893 3110/1878/1894
f 1036/1876/1892 3110/1878/1894 3112/1879/1895
f 3112/1879/1895 3110/1878/1894 3759/1880/1896
f 3110/1878/1894 831/1139/1246 3759/1880/1896
f 3759/1880/1896 831/1139/1246 2787/1137/1244
f 3759/1880/1896 2787/1137/1244 3111/1881/1897
f 3111/1881/1897 2787/1137/1244 830/1138/1245
f 3112/1879/1895 3759/1880/1896 1037/1882/1898
f 1037/1882/1898 3759/1880/1896 3111/1881/1897
f 1033/1861/1879 3109/1875/1891 3104/1865/1883
f 3104/1865/1883 3109/1875/1891 3760/1883/1899
f 3109/1875/1891 1036/1876/1892 3760/1883/1899
f 3760/1883/1899 1036/1876/1892 3112/1879/1895
f 3760/1883/1899 3112/1879/1895 3113/1884/1900
f 3113/1884/1900 3112/1879/1895 1037/1882/1898
f 3104/1865/1883 3760/1883/1899 1034/1867/1885
f 1034/1867/1885 3760/1883/1899 3113/1884/1900
f 927/1372/1461 3091/1885/1856 2896/1370/1467
f 2896/1370/1467 3091/1885/1856 3761/1886/1901
f 3091/1885/1856 1027/1887/1854 3761/1886/1901
f 3761/1886/1901 1027/1887/1854 3114/1888/1902
f 3761/1886/1901 3114/1888/1902 3115/1889/1903
f 3115/1889/1903 3114/1888/1902 1038/1890/1904
f 2896/1370/1467 3761/1886/1901 929/1374/1469
f 929/1374/1469 3761/1886/1901 3115/1889/1903
f 3089/1891/1852 3762/1892/1905 1027/1887/1854
f 1027/1887/1854 3762/1892/1905 3114/1888/1902
f 1026/1893/1853 3116/1894/1906 3089/1891/1852
f 3089/1891/1852 3116/1894/1906 3762/1892/1905
f 3116/1894/1906 1039/1895/1907 3762/1892/1905
f 3762/1892/1905 1039/1895/1907 3117/1896/1908
f 3762/1892/1905 3117/1896/1908 3114/1888/1902
f 3114/1888/1902 3117/1896/1908 1038/1890/1904
f 1038/1890/1904 3117/1896/1908 3120/1897/1909
f 3120/1897/1909 3117/1896/1908 3763/1898/1910
f 3117/1896/1908 1039/1895/1907 3763/1898/1910
f 3763/1898/1910 1039/1895/1907 3118/1899/1911
f 3763/1898/1910 3118/1899/1911 3119/1900/1912
f 3119/1900/1912 3118/1899/1911 1040/1901/1913
f 3120/1897/1909 3763/1898/1910 1041/1902/1914
f 1041/1902/1914 3763/1898/1910 3119/1900/1912
f 3115/1889/1903 3764/1903/1915 929/1374/1469
f 929/1374/1469 3764/1903/1915 2901/1382/1476
f 1038/1890/1904 3120/1897/1909 3115/1889/1903
f 3115/1889/1903 3120/1897/1909 3764/1903/1915
f 3120/1897/1909 1041/1902/1914 3764/1903/1915
f 3764/1903/1915 1041/1902/1914 3121/1904/1916
f 3764/1903/1915 3121/1904/1916 2901/1382/1476
f 2901/1382/1476 3121/1904/1916 931/1381/1475
f 3099/1905/1872 3765/1906/1917 1026/1893/1853
f 1026/1893/1853 3765/1906/1917 3116/1894/1906
f 1031/1907/1870 3122/1908/1918 3099/1905/1872
f 3099/1905/1872 3122/1908/1918 3765/1906/1917
f 3122/1908/1918 1042/1909/1919 3765/1906/1917
f 3765/1906/1917 1042/1909/1919 3123/1910/1920
f 3765/1906/1917 3123/1910/1920 3116/1894/1906
f 3116/1894/1906 3123/1910/1920 1039/1895/1907
f 3097/1911/1868 3766/1912/1921 1031/1907/1870
f 1031/1907/1870 3766/1912/1921 3122/1908/1918
f 1030/1913/1869 3124/1914/1922 3097/1911/1868
f 3097/1911/1868 3124/1914/1922 3766/1912/1921
f 3124/1914/1922 1043/1915/1923 3766/1912/1921
f 3766/1912/1921 1043/1915/1923 3125/1916/1924
f 3766/1912/1921 3125/1916/1924 3122/1908/1918
f 3122/1908/1918 3125/1916/1924 1042/1909/1919
f 1042/1909/1919 3125/1916/1924 3128/1917/1925
f 3128/1917/1925 3125/1916/1924 3767/1918/1926
f 3125/1916/1924 1043/1915/1923 3767/1918/1926
f 3767/1918/1926 1043/1915/1923 3126/1919/1927
f 3767/1918/1926 3126/1919/1927 3127/1920/1928
f 3127/1920/1928 3126/1919/1927 1044/1921/1929
f 3128/1917/1925 3767/1918/1926 1045/1922/1930
f 1045/1922/1930 3767/1918/1926 3127/1920/1928
f 1039/1895/1907 3123/1910/1920 3118/1899/1911
f 3118/1899/1911 3123/1910/1920 3768/1923/1931
f 3123/1910/1920 1042/1909/1919 3768/1923/1931
f 3768/1923/1931 1042/1909/1919 3128/1917/1925
f 3768/1923/1931 3128/1917/1925 3129/1924/1932
f 3129/1924/1932 3128/1917/1925 1045/1922/1930
f 3118/1899/1911 3768/1923/1931 1040/1901/1913
f 1040/1901/1913 3768/1923/1931 3129/1924/1932
f 3107/1871/1888 3769/1925/1933 1030/1872/1869
f 1030/1872/1869 3769/1925/1933 3124/1926/1922
f 1035/1868/1886 3130/1927/1934 3107/1871/1888
f 3107/1871/1888 3130/1927/1934 3769/1925/1933
f 3130/1927/1934 1046/1928/1935 3769/1925/1933
f 3769/1925/1933 1046/1928/1935 3131/1929/1936
f 3769/1925/1933 3131/1929/1936 3124/1926/1922
f 3124/1926/1922 3131/1929/1936 1043/1930/1923
f 3105/1866/1884 3770/1931/1937 1035/1868/1886
f 1035/1868/1886 3770/1931/1937 3130/1927/1934
f 1034/1867/1885 3132/1932/1938 3105/1866/1884
f 3105/1866/1884 3132/1932/1938 3770/1931/1937
f 3132/1932/1938 1047/1933/1939 3770/1931/1937
f 3770/1931/1937 1047/1933/1939 3133/1934/1940
f 3770/1931/1937 3133/1934/1940 3130/1927/1934
f 3130/1927/1934 3133/1934/1940 1046/1928/1935
f 1046/1928/1935 3133/1934/1940 3136/1935/1941
f 3136/1935/1941 3133/1934/1940 3771/1936/1942
f 3133/1934/1940 1047/1933/1939 3771/1936/1942
f 3771/1936/1942 1047/1933/1939 3134/1937/1943
f 3771/1936/1942 3134/1937/1943 3135/1938/1944
f 3135/1938/1944 3134/1937/1943 1048/1939/1945
f 3136/1935/1941 3771/1936/1942 1049/1940/1946
f 1049/1940/1946 3771/1936/1942 3135/1938/1944
f 1043/1930/1923 3131/1929/1936 3126/1941/1927
f 3126/1941/1927 3131/1929/1936 3772/1942/1947
f 3131/1929/1936 1046/1928/1935 3772/1942/1947
f 3772/1942/1947 1046/1928/1935 3136/1935/1941
f 3772/1942/1947 3136/1935/1941 3137/1943/1948
f 3137/1943/1948 3136/1935/1941 1049/1940/1946
f 3126/1941/1927 3772/1942/1947 1044/1944/1929
f 1044/1944/1929 3772/1942/1947 3137/1943/1948
f 3113/1884/1900 3773/1945/1949 1034/1867/1885
f 1034/1867/1885 3773/1945/1949 3132/1932/1938
f 3113/1884/1900 1037/1882/1898 3773/1945/1949
f 3773/1945/1949 1037/1882/1898 3138/1946/1950
f 3773/1945/1949 3138/1946/1950 3139/1947/1951
f 3139/1947/1951 3138/1946/1950 1050/1948/1952
f 3132/1932/1938 3773/1945/1949 1047/1933/1939
f 1047/1933/1939 3773/1945/1949 3139/1947/1951
f 1037/1882/1898 3111/1881/1897 3138/1946/1950
f 3138/1946/1950 3111/1881/1897 3774/1949/1953
f 3111/1881/1897 830/1138/1245 3774/1949/1953
f 3774/1949/1953 830/1138/1245 2800/1162/1269
f 3774/1949/1953 2800/1162/1269 3140/1950/1954
f 3140/1950/1954 2800/1162/1269 835/1159/1266
f 3138/1946/1950 3774/1949/1953 1050/1948/1952
f 1050/1948/1952 3774/1949/1953 3140/1950/1954
f 1050/1948/1952 3140/1950/1954 3142/1951/1955
f 3142/1951/1955 3140/1950/1954 3775/1952/1956
f 3140/1950/1954 835/1159/1266 3775/1952/1956
f 3775/1952/1956 835/1159/1266 2797/1157/1264
f 3775/1952/1956 2797/1157/1264 3141/1953/1957
f 3141/1953/1957 2797/1157/1264 834/1158/1265
f 3142/1951/1955 3775/1952/1956 1051/1954/1958
f 1051/1954/1958 3775/1952/1956 3141/1953/1957
f 1047/1933/1939 3139/1947/1951 3134/1937/1943
f 3134/1937/1943 3139/1947/1951 3776/1955/1959
f 3139/1947/1951 1050/1948/1952 3776/1955/1959
f 3776/1955/1959 1050/1948/1952 3142/1951/1955
f 3776/1955/1959 3142/1951/1955 3143/1956/1960
f 3143/1956/1960 3142/1951/1955 1051/1954/1958
f 3134/1937/1943 3776/1955/1959 1048/1939/1945
f 1048/1939/1945 3776/1955/1959 3143/1956/1960
f 931/1390/1475 3121/1957/1916 2903/1388/1481
f 2903/1388/1481 3121/1957/1916 3777/1958/1961
f 3121/1957/1916 1041/1959/1914 3777/1958/1961
f 3777/1958/1961 1041/1959/1914 3144/1960/1962
f 3777/1958/1961 3144/1960/1962 3145/1961/1963
f 3145/1961/1963 3144/1960/1962 1052/1962/1964
f 2903/1388/1481 3777/1958/1961 933/1392/1483
f 933/1392/1483 3777/1958/1961 3145/1961/1963
f 3119/1963/1912 3778/1964/1965 1041/1959/1914
f 1041/1959/1914 3778/1964/1965 3144/1960/1962
f 1040/1965/1913 3146/1966/1966 3119/1963/1912
f 3119/1963/1912 3146/1966/1966 3778/1964/1965
f 3146/1966/1966 1053/1967/1967 3778/1964/1965
f 3778/1964/1965 1053/1967/1967 3147/1968/1968
f 3778/1964/1965 3147/1968/1968 3144/1960/1962
f 3144/1960/1962 3147/1968/1968 1052/1962/1964
f 1052/1962/1964 3147/1968/1968 3150/1969/1969
f 3150/1969/1969 3147/1968/1968 3779/1970/1970
f 3147/1968/1968 1053/1967/1967 3779/1970/1970
f 3779/1970/1970 1053/1967/1967 3148/1971/1971
f 3779/1970/1970 3148/1971/1971 3149/1972/1972
f 3149/1972/1972 3148/1971/1971 1054/1973/1973
f 3150/1969/1969 3779/1970/1970 1055/1974/1974
f 1055/1974/1974 3779/1970/1970 3149/1972/1972
f 3145/1961/1963 3780/1975/1975 933/1392/1483
f 933/1392/1483 3780/1975/1975 2908/1400/1490
f 1052/1962/1964 3150/1969/1969 3145/1961/1963
f 3145/1961/1963 3150/1969/1969 3780/1975/1975
f 3150/1969/1969 1055/1974/1974 3780/1975/1975
f 3780/1975/1975 1055/1974/1974 3151/1976/1976
f 3780/1975/1975 3151/1976/1976 2908/1400/1490
f 2908/1400/1490 3151/1976/1976 935/1399/1489
f 3129/1977/1932 3781/1978/1977 1040/1965/1913
f 1040/1965/1913 3781/1978/1977 3146/1966/1966
f 1045/1979/1930 3152/1980/1978 3129/1977/1932
f 3129/1977/1932 3152/1980/1978 3781/1978/1977
f 3152/1980/1978 1056/1981/1979 3781/1978/1977
f 3781/1978/1977 1056/1981/1979 3153/1982/1980
f 3781/1978/1977 3153/1982/1980 3146/1966/1966
f 3146/1966/1966 3153/1982/1980 1053/1967/1967
f 3127/1983/1928 3782/1984/1981 1045/1979/1930
f 1045/1979/1930 3782/1984/1981 3152/1980/1978
f 1044/1985/1929 3154/1986/1982 3127/1983/1928
f 3127/1983/1928 3154/1986/1982 3782/1984/1981
f 3154/1986/1982 1057/1987/1983 3782/1984/1981
f 3782/1984/1981 1057/1987/1983 3155/1988/1984
f 3782/1984/1981 3155/1988/1984 3152/1980/1978
f 3152/1980/1978 3155/1988/1984 1056/1981/1979
f 1056/1981/1979 3155/1988/1984 3158/1989/1985
f 3158/1989/1985 3155/1988/1984 3783/1990/1986
f 3155/1988/1984 1057/1987/1983 3783/1990/1986
f 3783/1990/1986 1057/1987/1983 3156/1991/1987
f 3783/1990/1986 3156/1991/1987 3157/1992/1988
f 3157/1992/1988 3156/1991/1987 1058/1993/1989
f 3158/1989/1985 3783/1990/1986 1059/1994/1990
f 1059/1994/1990 3783/1990/1986 3157/1992/1988
f 1053/1967/1967 3153/1982/1980 3148/1971/1971
f 3148/1971/1971 3153/1982/1980 3784/1995/1991
f 3153/1982/1980 1056/1981/1979 3784/1995/1991
f 3784/1995/1991 1056/1981/1979 3158/1989/1985
f 3784/1995/1991 3158/1989/1985 3159/1996/1992
f 3159/1996/1992 3158/1989/1985 1059/1994/1990
f 3148/1971/1971 3784/1995/1991 1054/1973/1973
f 1054/1973/1973 3784/1995/1991 3159/1996/1992
f 3137/1943/1948 3785/1997/1993 1044/1944/1929
f 1044/1944/1929 3785/1997/1993 3154/1998/1982
f 1049/1940/1946 3160/1999/1994 3137/1943/1948
f 3137/1943/1948 3160/1999/1994 3785/1997/1993
f 3160/1999/1994 1060/2000/1995 3785/1997/1993
f 3785/1997/1993 1060/2000/1995 3161/2001/1996
f 3785/1997/1993 3161/2001/1996 3154/1998/1982
f 3154/1998/1982 3161/2001/1996 1057/2002/1983
f 3135/1938/1944 3786/2003/1997 1049/1940/1946
f 1049/1940/1946 3786/2003/1997 3160/1999/1994
f 1048/1939/1945 3162/2004/1998 3135/1938/1944
f 3135/1938/1944 3162/2004/1998 3786/2003/1997
f 3162/2004/1998 1061/2005/1999 3786/2003/1997
f 3786/2003/1997 1061/2005/1999 3163/2006/2000
f 3786/2003/1997 3163/2006/2000 3160/1999/1994
f 3160/1999/1994 3163/2006/2000 1060/2000/1995
f 1060/2000/1995 3163/2006/2000 3166/2007/2001
f 3166/2007/2001 3163/2006/2000 3787/2008/2002
f 3163/2006/2000 1061/2005/1999 3787/2008/2002
f 3787/2008/2002 1061/2005/1999 3164/2009/2003
f 3787/2008/2002 3164/2009/2003 3165/2010/2004
f 3165/2010/2004 3164/2009/2003 1062/2011/2005
f 3166/2007/2001 3787/2008/2002 1063/2012/2006
f 1063/2012/2006 3787/2008/2002 3165/2010/2004
f 1057/2002/1983 3161/2001/1996 3156/2013/1987
f 3156/2013/1987 3161/2001/1996 3788/2014/2007
f 3161/2001/1996 1060/2000/1995 3788/2014/2007
f 3788/2014/2007 1060/2000/1995 3166/2007/2001
f 3788/2014/2007 3166/2007/2001 3167/2015/2008
f 3167/2015/2008 3166/2007/2001 1063/2012/2006
f 3156/2013/1987 3788/2014/2007 1058/2016/1989
f 1058/2016/1989 3788/2014/2007 3167/2015/2008
f 3143/1956/1960 3789/2017/2009 1048/1939/1945
f 1048/1939/1945 3789/2017/2009 3162/2004/1998
f 3143/1956/1960 1051/1954/1958 3789/2017/2009
f 3789/2017/2009 1051/1954/1958 3168/2018/2010
f 3789/2017/2009 3168/2018/2010 3169/2019/2011
f 3169/2019/2011 3168/2018/2010 1064/2020/2012
f 3162/2004/1998 3789/2017/2009 1061/2005/1999
f 1061/2005/1999 3789/2017/2009 3169/2019/2011
f 1051/1954/1958 3141/1953/1957 3168/2018/2010
f 3168/2018/2010 3141/1953/1957 3790/2021/2013
f 3141/1953/1957 834/1158/1265 3790/2021/2013
f 3790/2021/2013 834/1158/1265 2810/1182/1289
f 3790/2021/2013 2810/1182/1289 3170/2022/2014
f 3170/2022/2014 2810/1182/1289 839/1179/1286
f 3168/2018/2010 3790/2021/2013 1064/2020/2012
f 1064/2020/2012 3790/2021/2013 3170/2022/2014
f 1064/2020/2012 3170/2022/2014 3172/2023/2015
f 3172/2023/2015 3170/2022/2014 3791/2024/2016
f 3170/2022/2014 839/1179/1286 3791/2024/2016
f 3791/2024/2016 839/1179/1286 2807/1177/1284
f 3791/2024/2016 2807/1177/1284 3171/2025/2017
f 3171/2025/2017 2807/1177/1284 838/1178/1285
f 3172/2023/2015 3791/2024/2016 1065/2026/2018
f 1065/2026/2018 3791/2024/2016 3171/2025/2017
f 1061/2005/1999 3169/2019/2011 3164/2009/2003
f 3164/2009/2003 3169/2019/2011 3792/2027/2019
f 3169/2019/2011 1064/2020/2012 3792/2027/2019
f 3792/2027/2019 1064/2020/2012 3172/2023/2015
f 3792/2027/2019 3172/2023/2015 3173/2028/2020
f 3173/2028/2020 3172/2023/2015 1065/2026/2018
f 3164/2009/2003 3792/2027/2019 1062/2011/2005
f 1062/2011/2005 3792/2027/2019 3173/2028/2020
f 935/1408/1489 3151/2029/1976 2910/1406/1495
f 2910/1406/1495 3151/2029/1976 3793/2030/2021
f 3151/2029/1976 1055/2031/1974 3793/2030/2021
f 3793/2030/2021 1055/2031/1974 3174/2032/2022
f 3793/2030/2021 3174/2032/2022 3175/2033/2023
f 3175/2033/2023 3174/2032/2022 1066/2034/2024
f 2910/1406/1495 3793/2030/2021 937/1410/1497
f 937/1410/1497 3793/2030/2021 3175/2033/2023
f 3149/2035/1972 3794/2036/2025 1055/2031/1974
f 1055/2031/1974 3794/2036/2025 3174/2032/2022
f 1054/2037/1973 3176/2038/2026 3149/2035/1972
f 3149/2035/1972 3176/2038/2026 3794/2036/2025
f 3176/2038/2026 1067/2039/2027 3794/2036/2025
f 3794/2036/2025 1067/2039/2027 3177/2040/2028
f 3794/2036/2025 3177/2040/2028 3174/2032/2022
f 3174/2032/2022 3177/2040/2028 1066/2034/2024
f 1066/2034/2024 3177/2040/2028 3180/2041/2029
f 3180/2041/2029 3177/2040/2028 3795/2042/2030
f 3177/2040/2028 1067/2039/2027 3795/2042/2030
f 3795/2042/2030 1067/2039/2027 3178/2043/2031
f 3795/2042/2030 3178/2043/2031 3179/2044/2032
f 3179/2044/2032 3178/2043/2031 1068/2045/2033
f 3180/2041/2029 3795/2042/2030 1069/2046/2034
f 1069/2046/2034 3795/2042/2030 3179/2044/2032
f 3175/2033/2023 3796/2047/2035 937/1410/1497
f 937/1410/1497 3796/2047/2035 2915/1418/1504
f 1066/2034/2024 3180/2041/2029 3175/2033/2023
f 3175/2033/2023 3180/2041/2029 3796/2047/2035
f 3796/2047/2035 3180/2041/2029 3181/2048/2036
f 3181/2048/2036 3180/2041/2029 1069/2046/2034
f 3796/2047/2035 3181/2048/2036 2915/1418/1504
f 2915/1418/1504 3181/2048/2036 939/1417/1503
f 3159/2049/1992 3797/2050/2037 1054/2037/1973
f 1054/2037/1973 3797/2050/2037 3176/2038/2026
f 1059/2051/1990 3182/2052/2038 3159/2049/1992
f 3159/2049/1992 3182/2052/2038 3797/2050/2037
f 3182/2052/2038 1070/2053/2039 3797/2050/2037
f 3797/2050/2037 1070/2053/2039 3183/2054/2040
f 3797/2050/2037 3183/2054/2040 3176/2038/2026
f 3176/2038/2026 3183/2054/2040 1067/2039/2027
f 3157/2055/1988 3798/2056/2041 1059/2051/1990
f 1059/2051/1990 3798/2056/2041 3182/2052/2038
f 1058/2057/1989 3184/2058/2042 3157/2055/1988
f 3157/2055/1988 3184/2058/2042 3798/2056/2041
f 3184/2058/2042 1071/2059/2043 3798/2056/2041
f 3798/2056/2041 1071/2059/2043 3185/2060/2044
f 3798/2056/2041 3185/2060/2044 3182/2052/2038
f 3182/2052/2038 3185/2060/2044 1070/2053/2039
f 1070/2053/2039 3185/2060/2044 3188/2061/2045
f 3188/2061/2045 3185/2060/2044 3799/2062/2046
f 3185/2060/2044 1071/2059/2043 3799/2062/2046
f 3799/2062/2046 1071/2059/2043 3186/2063/2047
f 3799/2062/2046 3186/2063/2047 3187/2064/2048
f 3187/2064/2048 3186/2063/2047 1072/2065/2049
f 3188/2061/2045 3799/2062/2046 1073/2066/2050
f 1073/2066/2050 3799/2062/2046 3187/2064/2048
f 1067/2039/2027 3183/2054/2040 3178/2043/2031
f 3178/2043/2031 3183/2054/2040 3800/2067/2051
f 3183/2054/2040 1070/2053/2039 3800/2067/2051
f 3800/2067/2051 1070/2053/2039 3188/2061/2045
f 3800/2067/2051 3188/2061/2045 3189/2068/2052
f 3189/2068/2052 3188/2061/2045 1073/2066/2050
f 3178/2043/2031 3800/2067/2051 1068/2045/2033
f 1068/2045/2033 3800/2067/2051 3189/2068/2052
f 3167/2015/2008 3801/2069/2053 1058/2016/1989
f 1058/2016/1989 3801/2069/2053 3184/2070/2042
f 1063/2012/2006 3190/2071/2054 3167/2015/2008
f 3167/2015/2008 3190/2071/2054 3801/2069/2053
f 3190/2071/2054 1074/2072/2055 3801/2069/2053
f 3801/2069/2053 1074/2072/2055 3191/2073/2056
f 3801/2069/2053 3191/2073/2056 3184/2070/2042
f 3184/2070/2042 3191/2073/2056 1071/2074/2043
f 3165/2010/2004 3802/2075/2057 1063/2012/2006
f 1063/2012/2006 3802/2075/2057 3190/2071/2054
f 1062/2011/2005 3192/2076/2058 3165/2010/2004
f 3165/2010/2004 3192/2076/2058 3802/2075/2057
f 3192/2076/2058 1075/2077/2059 3802/2075/2057
f 3802/2075/2057 1075/2077/2059 3193/2078/2060
f 3802/2075/2057 3193/2078/2060 3190/2071/2054
f 3190/2071/2054 3193/2078/2060 1074/2072/2055
f 1074/2072/2055 3193/2078/2060 3196/2079/2061
f 3196/2079/2061 3193/2078/2060 3803/2080/2062
f 3193/2078/2060 1075/2077/2059 3803/2080/2062
f 3803/2080/2062 1075/2077/2059 3194/2081/2063
f 3803/2080/2062 3194/2081/2063 3195/2082/2064
f 3195/2082/2064 3194/2081/2063 1076/2083/2065
f 3196/2079/2061 3803/2080/2062 1077/2084/2066
f 1077/2084/2066 3803/2080/2062 3195/2082/2064
f 1071/2074/2043 3191/2073/2056 3186/2085/2047
f 3186/2085/2047 3191/2073/2056 3804/2086/2067
f 3191/2073/2056 1074/2072/2055 3804/2086/2067
f 3804/2086/2067 1074/2072/2055 3196/2079/2061
f 3804/2086/2067 3196/2079/2061 3197/2087/2068
f 3197/2087/2068 3196/2079/2061 1077/2084/2066
f 3186/2085/2047 3804/2086/2067 1072/2088/2049
f 1072/2088/2049 3804/2086/2067 3197/2087/2068
f 3173/2028/2020 3805/2089/2069 1062/2011/2005
f 1062/2011/2005 3805/2089/2069 3192/2076/2058
f 3173/2028/2020 1065/2026/2018 3805/2089/2069
f 3805/2089/2069 1065/2026/2018 3198/2090/2070
f 3805/2089/2069 3198/2090/2070 3199/2091/2071
f 3199/2091/2071 3198/2090/2070 1078/2092/2072
f 3192/2076/2058 3805/2089/2069 1075/2077/2059
f 1075/2077/2059 3805/2089/2069 3199/2091/2071
f 1065/2026/2018 3171/2025/2017 3198/2090/2070
f 3198/2090/2070 3171/2025/2017 3806/2093/2073
f 3171/2025/2017 838/1178/1285 3806/2093/2073
f 3806/2093/2073 838/1178/1285 2820/1202/1309
f 3806/2093/2073 2820/1202/1309 3200/2094/2074
f 3200/2094/2074 2820/1202/1309 843/1199/1306
f 3198/2090/2070 3806/2093/2073 1078/2092/2072
f 1078/2092/2072 3806/2093/2073 3200/2094/2074
f 1078/2092/2072 3200/2094/2074 3202/2095/2075
f 3202/2095/2075 3200/2094/2074 3807/2096/2076
f 3200/2094/2074 843/1199/1306 3807/2096/2076
f 3807/2096/2076 843/1199/1306 2817/1198/1305
f 3807/2096/2076 2817/1198/1305 3201/2097/2077
f 3201/2097/2077 2817/1198/1305 842/1197/1304
f 3202/2095/2075 3807/2096/2076 1079/2098/2078
f 1079/2098/2078 3807/2096/2076 3201/2097/2077
f 1075/2077/2059 3199/2091/2071 3194/2081/2063
f 3194/2081/2063 3199/2091/2071 3808/2099/2079
f 3199/2091/2071 1078/2092/2072 3808/2099/2079
f 3808/2099/2079 1078/2092/2072 3202/2095/2075
f 3808/2099/2079 3202/2095/2075 3203/2100/2080
f 3203/2100/2080 3202/2095/2075 1079/2098/2078
f 3194/2081/2063 3808/2099/2079 1076/2083/2065
f 1076/2083/2065 3808/2099/2079 3203/2100/2080
f 939/1426/1503 3181/2101/2036 2917/1424/1509
f 2917/1424/1509 3181/2101/2036 3809/2102/2081
f 3181/2101/2036 1069/2103/2034 3809/2102/2081
f 3809/2102/2081 1069/2103/2034 3204/2104/2082
f 3204/2104/2082 1241/2105/2083 3809/2102/2081
f 3809/2102/2081 1241/2105/2083 3205/2106/2084
f 3809/2102/2081 3205/2106/2084 2917/1424/1509
f 2917/1424/1509 3205/2106/2084 1242/1428/1511
f 1069/2103/2034 3179/2107/2032 3204/2104/2082
f 3204/2104/2082 3179/2107/2032 3810/2108/2085
f 3179/2107/2032 1068/2109/2033 3810/2108/2085
f 3810/2108/2085 1068/2109/2033 3206/2110/2086
f 3206/2110/2086 1240/2111/2087 3810/2108/2085
f 3810/2108/2085 1240/2111/2087 3207/2112/2088
f 3810/2108/2085 3207/2112/2088 3204/2104/2082
f 3204/2104/2082 3207/2112/2088 1241/2105/2083
f 3208/2113/2089 3811/2114/2090 1080/2115/2091
f 1080/2115/2091 3811/2114/2090 3211/2116/2092
f 1081/2117/2093 3209/2118/2094 3208/2113/2089
f 3208/2113/2089 3209/2118/2094 3811/2114/2090
f 3811/2114/2090 3209/2118/2094 3210/2119/2095
f 3210/2119/2095 3209/2118/2094 1082/2120/2096
f 3211/2116/2092 3811/2114/2090 1083/2121/2097
f 1083/2121/2097 3811/2114/2090 3210/2119/2095
f 3212/2122/2098 3812/2123/2099 941/1441/1523
f 941/1441/1523 3812/2123/2099 2923/1436/1518
f 1080/2115/2091 3211/2116/2092 3212/2122/2098
f 3212/2122/2098 3211/2116/2092 3812/2123/2099
f 3211/2116/2092 1083/2121/2097 3812/2123/2099
f 3812/2123/2099 1083/2121/2097 3213/2124/2100
f 3812/2123/2099 3213/2124/2100 2923/1436/1518
f 2923/1436/1518 3213/2124/2100 943/1435/1517
f 1068/2109/2033 3189/2125/2052 3206/2110/2086
f 3206/2110/2086 3189/2125/2052 3813/2126/2101
f 3189/2125/2052 1073/2127/2050 3813/2126/2101
f 3813/2126/2101 1073/2127/2050 3214/2128/2102
f 3214/2128/2102 1239/2129/2103 3813/2126/2101
f 3813/2126/2101 1239/2129/2103 3215/2130/2104
f 3813/2126/2101 3215/2130/2104 3206/2110/2086
f 3206/2110/2086 3215/2130/2104 1240/2111/2087
f 1073/2127/2050 3187/2131/2048 3214/2128/2102
f 3214/2128/2102 3187/2131/2048 3814/2132/2105
f 3187/2131/2048 1072/2133/2049 3814/2132/2105
f 3814/2132/2105 1072/2133/2049 3216/2134/2106
f 3216/2134/2106 1238/2135/2107 3814/2132/2105
f 3814/2132/2105 1238/2135/2107 3217/2136/2108
f 3814/2132/2105 3217/2136/2108 3214/2128/2102
f 3214/2128/2102 3217/2136/2108 1239/2129/2103
f 3218/2137/2109 3815/2138/2110 1084/2139/2111
f 1084/2139/2111 3815/2138/2110 3221/2140/2112
f 1085/2141/2113 3219/2142/2114 3218/2137/2109
f 3218/2137/2109 3219/2142/2114 3815/2138/2110
f 3815/2138/2110 3219/2142/2114 3220/2143/2115
f 3220/2143/2115 3219/2142/2114 1086/2144/2116
f 3221/2140/2112 3815/2138/2110 1087/2145/2117
f 1087/2145/2117 3815/2138/2110 3220/2143/2115
f 3222/2146/2118 3816/2147/2119 1081/2117/2093
f 1081/2117/2093 3816/2147/2119 3209/2118/2094
f 1084/2139/2111 3221/2140/2112 3222/2146/2118
f 3222/2146/2118 3221/2140/2112 3816/2147/2119
f 3816/2147/2119 3221/2140/2112 3223/2148/2120
f 3223/2148/2120 3221/2140/2112 1087/2145/2117
f 3209/2118/2094 3816/2147/2119 1082/2120/2096
f 1082/2120/2096 3816/2147/2119 3223/2148/2120
f 1072/2088/2049 3197/2087/2068 3216/2149/2106
f 3216/2149/2106 3197/2087/2068 3817/2150/2121
f 3197/2087/2068 1077/2084/2066 3817/2150/2121
f 3817/2150/2121 1077/2084/2066 3224/2151/2122
f 3224/2151/2122 1237/2152/2123 3817/2150/2121
f 3817/2150/2121 1237/2152/2123 3225/2153/2124
f 3817/2150/2121 3225/2153/2124 3216/2149/2106
f 3216/2149/2106 3225/2153/2124 1238/2154/2107
f 1077/2084/2066 3195/2082/2064 3224/2151/2122
f 3224/2151/2122 3195/2082/2064 3818/2155/2125
f 3195/2082/2064 1076/2083/2065 3818/2155/2125
f 3818/2155/2125 1076/2083/2065 3226/2156/2126
f 3226/2156/2126 1236/2157/2127 3818/2155/2125
f 3818/2155/2125 1236/2157/2127 3227/2158/2128
f 3818/2155/2125 3227/2158/2128 3224/2151/2122
f 3224/2151/2122 3227/2158/2128 1237/2152/2123
f 3228/2159/2129 3819/2160/2130 1088/2161/2131
f 1088/2161/2131 3819/2160/2130 3231/2162/2132
f 1089/2163/2133 3229/2164/2134 3228/2159/2129
f 3228/2159/2129 3229/2164/2134 3819/2160/2130
f 3819/2160/2130 3229/2164/2134 3230/2165/2135
f 3230/2165/2135 3229/2164/2134 1090/2166/2136
f 3231/2162/2132 3819/2160/2130 1091/2167/2137
f 1091/2167/2137 3819/2160/2130 3230/2165/2135
f 3232/2168/2138 3820/2169/2139 1085/2170/2113
f 1085/2170/2113 3820/2169/2139 3219/2171/2114
f 1088/2161/2131 3231/2162/2132 3232/2168/2138
f 3232/2168/2138 3231/2162/2132 3820/2169/2139
f 3820/2169/2139 3231/2162/2132 3233/2172/2140
f 3233/2172/2140 3231/2162/2132 1091/2167/2137
f 3219/2171/2114 3820/2169/2139 1086/2173/2116
f 1086/2173/2116 3820/2169/2139 3233/2172/2140
f 1076/2083/2065 3203/2100/2080 3226/2156/2126
f 3226/2156/2126 3203/2100/2080 3821/2174/2141
f 3203/2100/2080 1079/2098/2078 3821/2174/2141
f 3821/2174/2141 1079/2098/2078 3234/2175/2142
f 3234/2175/2142 1235/2176/2143 3821/2174/2141
f 3821/2174/2141 1235/2176/2143 3235/2177/2144
f 3821/2174/2141 3235/2177/2144 3226/2156/2126
f 3226/2156/2126 3235/2177/2144 1236/2157/2127
f 1079/2098/2078 3201/2097/2077 3234/2175/2142
f 3234/2175/2142 3201/2097/2077 3822/2178/2145
f 3201/2097/2077 842/1197/1304 3822/2178/2145
f 3822/2178/2145 842/1197/1304 2837/1236/1343
f 2837/1236/1343 1234/1237/1344 3822/2178/2145
f 3822/2178/2145 1234/1237/1344 3236/2179/2146
f 3822/2178/2145 3236/2179/2146 3234/2175/2142
f 3234/2175/2142 3236/2179/2146 1235/2176/2143
f 1092/2180/2147 3237/2181/2148 3239/2182/2149
f 3239/2182/2149 3237/2181/2148 3823/2183/2150
f 3237/2181/2148 859/1231/1338 3823/2183/2150
f 3823/2183/2150 859/1231/1338 2833/1230/1337
f 3823/2183/2150 2833/1230/1337 3238/2184/2151
f 3238/2184/2151 2833/1230/1337 858/1229/1336
f 3239/2182/2149 3823/2183/2150 1093/2185/2152
f 1093/2185/2152 3823/2183/2150 3238/2184/2151
f 3240/2186/2153 3824/2187/2154 1089/2163/2133
f 1089/2163/2133 3824/2187/2154 3229/2164/2134
f 3240/2186/2153 1092/2180/2147 3824/2187/2154
f 3824/2187/2154 1092/2180/2147 3239/2182/2149
f 3824/2187/2154 3239/2182/2149 3241/2188/2155
f 3241/2188/2155 3239/2182/2149 1093/2185/2152
f 3229/2164/2134 3824/2187/2154 1090/2166/2136
f 1090/2166/2136 3824/2187/2154 3241/2188/2155
f 943/1449/1517 3213/2189/2100 2926/1447/1528
f 2926/1447/1528 3213/2189/2100 3825/2190/2156
f 3213/2189/2100 1083/2191/2097 3825/2190/2156
f 3825/2190/2156 1083/2191/2097 3242/2192/2157
f 3825/2190/2156 3242/2192/2157 3243/2193/2158
f 3243/2193/2158 3242/2192/2157 1094/2194/2159
f 2926/1447/1528 3825/2190/2156 945/1451/1530
f 945/1451/1530 3825/2190/2156 3243/2193/2158
f 3210/2195/2095 3826/2196/2160 1083/2191/2097
f 1083/2191/2097 3826/2196/2160 3242/2192/2157
f 1082/2197/2096 3244/2198/2161 3210/2195/2095
f 3210/2195/2095 3244/2198/2161 3826/2196/2160
f 3826/2196/2160 3244/2198/2161 3245/2199/2162
f 3245/2199/2162 3244/2198/2161 1095/2200/2163
f 3242/2192/2157 3826/2196/2160 1094/2194/2159
f 1094/2194/2159 3826/2196/2160 3245/2199/2162
f 1247/2201/2164 3246/2202/2165 3249/2203/2166
f 3249/2203/2166 3246/2202/2165 3827/2204/2167
f 3246/2202/2165 1248/2205/2168 3827/2204/2167
f 3827/2204/2167 1248/2205/2168 3247/2206/2169
f 3827/2204/2167 3247/2206/2169 3248/2207/2170
f 3248/2207/2170 3247/2206/2169 956/2208/2171
f 3249/2203/2166 3827/2204/2167 955/2209/2172
f 955/2209/2172 3827/2204/2167 3248/2207/2170
f 1246/1464/1542 3250/2210/2173 2932/1459/1537
f 2932/1459/1537 3250/2210/2173 3828/2211/2174
f 3250/2210/2173 1247/2201/2164 3828/2211/2174
f 3828/2211/2174 1247/2201/2164 3249/2203/2166
f 3828/2211/2174 3249/2203/2166 3251/2212/2175
f 3251/2212/2175 3249/2203/2166 955/2209/2172
f 2932/1459/1537 3828/2211/2174 947/1458/1536
f 947/1458/1536 3828/2211/2174 3251/2212/2175
f 3223/2213/2120 3829/2214/2176 1082/2197/2096
f 1082/2197/2096 3829/2214/2176 3244/2198/2161
f 1087/2215/2117 3252/2216/2177 3223/2213/2120
f 3223/2213/2120 3252/2216/2177 3829/2214/2176
f 3829/2214/2176 3252/2216/2177 3253/2217/2178
f 3253/2217/2178 3252/2216/2177 1096/2218/2179
f 3244/2198/2161 3829/2214/2176 1095/2200/2163
f 1095/2200/2163 3829/2214/2176 3253/2217/2178
f 3220/2219/2115 3830/2220/2180 1087/2215/2117
f 1087/2215/2117 3830/2220/2180 3252/2216/2177
f 1086/2221/2116 3254/2222/2181 3220/2219/2115
f 3220/2219/2115 3254/2222/2181 3830/2220/2180
f 3830/2220/2180 3254/2222/2181 3255/2223/2182
f 3255/2223/2182 3254/2222/2181 1097/2224/2183
f 3252/2216/2177 3830/2220/2180 1096/2218/2179
f 1096/2218/2179 3830/2220/2180 3255/2223/2182
f 1249/2225/2184 3256/2226/2185 3259/2227/2186
f 3259/2227/2186 3256/2226/2185 3831/2228/2187
f 3256/2226/2185 1250/2229/2188 3831/2228/2187
f 3831/2228/2187 1250/2229/2188 3257/2230/2189
f 3831/2228/2187 3257/2230/2189 3258/2231/2190
f 3258/2231/2190 3257/2230/2189 962/2232/2191
f 3259/2227/2186 3831/2228/2187 961/2233/2192
f 961/2233/2192 3831/2228/2187 3258/2231/2190
f 1248/2205/2168 3260/2234/2193 3247/2206/2169
f 3247/2206/2169 3260/2234/2193 3832/2235/2194
f 3260/2234/2193 1249/2225/2184 3832/2235/2194
f 3832/2235/2194 1249/2225/2184 3259/2227/2186
f 3832/2235/2194 3259/2227/2186 3261/2236/2195
f 3261/2236/2195 3259/2227/2186 961/2233/2192
f 3247/2206/2169 3832/2235/2194 956/2208/2171
f 956/2208/2171 3832/2235/2194 3261/2236/2195
f 3233/2172/2140 3833/2237/2196 1086/2173/2116
f 1086/2173/2116 3833/2237/2196 3254/2238/2181
f 1091/2167/2137 3262/2239/2197 3233/2172/2140
f 3233/2172/2140 3262/2239/2197 3833/2237/2196
f 3833/2237/2196 3262/2239/2197 3263/2240/2198
f 3263/2240/2198 3262/2239/2197 1098/2241/2199
f 3254/2238/2181 3833/2237/2196 1097/2242/2183
f 1097/2242/2183 3833/2237/2196 3263/2240/2198
f 3230/2165/2135 3834/2243/2200 1091/2167/2137
f 1091/2167/2137 3834/2243/2200 3262/2239/2197
f 1090/2166/2136 3264/2244/2201 3230/2165/2135
f 3230/2165/2135 3264/2244/2201 3834/2243/2200
f 3834/2243/2200 3264/2244/2201 3265/2245/2202
f 3265/2245/2202 3264/2244/2201 1099/2246/2203
f 3262/2239/2197 3834/2243/2200 1098/2241/2199
f 1098/2241/2199 3834/2243/2200 3265/2245/2202
f 1251/2247/2204 3266/2248/2205 3269/2249/2206
f 3269/2249/2206 3266/2248/2205 3835/2250/2207
f 3266/2248/2205 1252/2251/2208 3835/2250/2207
f 3835/2250/2207 1252/2251/2208 3267/2252/2209
f 3835/2250/2207 3267/2252/2209 3268/2253/2210
f 3268/2253/2210 3267/2252/2209 977/2254/2211
f 3269/2249/2206 3835/2250/2207 981/2255/2212
f 981/2255/2212 3835/2250/2207 3268/2253/2210
f 1250/2256/2188 3270/2257/2213 3257/2258/2189
f 3257/2258/2189 3270/2257/2213 3836/2259/2214
f 3270/2257/2213 1251/2247/2204 3836/2259/2214
f 3836/2259/2214 1251/2247/2204 3269/2249/2206
f 3836/2259/2214 3269/2249/2206 3271/2260/2215
f 3271/2260/2215 3269/2249/2206 981/2255/2212
f 3257/2258/2189 3836/2259/2214 962/2261/2191
f 962/2261/2191 3836/2259/2214 3271/2260/2215
f 3241/2188/2155 3837/2262/2216 1090/2166/2136
f 1090/2166/2136 3837/2262/2216 3264/2244/2201
f 3241/2188/2155 1093/2185/2152 3837/2262/2216
f 3837/2262/2216 1093/2185/2152 3272/2263/2217
f 3272/2263/2217 1100/2264/2218 3837/2262/2216
f 3837/2262/2216 1100/2264/2218 3273/2265/2219
f 3264/2244/2201 3837/2262/2216 1099/2246/2203
f 1099/2246/2203 3837/2262/2216 3273/2265/2219
f 1093/2185/2152 3238/2184/2151 3272/2263/2217
f 3272/2263/2217 3238/2184/2151 3838/2266/2220
f 858/1229/1336 3274/2267/2221 3238/2184/2151
f 3238/2184/2151 3274/2267/2221 3838/2266/2220
f 1102/2268/2222 3275/2269/2223 3274/2267/2221
f 3274/2267/2221 3275/2269/2223 3838/2266/2220
f 1104/2270/2224 3276/2271/2225 3275/2269/2223
f 3275/2269/2223 3276/2271/2225 3838/2266/2220
f 3277/2272/2226 3838/2266/2220 1106/2273/2227
f 1106/2273/2227 3838/2266/2220 3276/2271/2225
f 1108/2274/2228 3278/2275/2229 3277/2272/2226
f 3277/2272/2226 3278/2275/2229 3838/2266/2220
f 1110/2276/2230 3279/2277/2231 3278/2275/2229
f 3278/2275/2229 3279/2277/2231 3838/2266/2220
f 875/2278/2232 3280/2279/2233 3279/2277/2231
f 3279/2277/2231 3280/2279/2233 3838/2266/2220
f 1100/2264/2218 3272/2263/2217 3280/2279/2233
f 3280/2279/2233 3272/2263/2217 3838/2266/2220
f 3281/2280/2234 3839/2281/2235 1253/2282/2236
f 1253/2282/2236 3839/2281/2235 3283/2283/2237
f 1254/1251/1358 2847/1253/1360 3281/2280/2234
f 3281/2280/2234 2847/1253/1360 3839/2281/2235
f 2847/1253/1360 873/1259/1366 3839/2281/2235
f 3839/2281/2235 873/1259/1366 3282/2284/2238
f 3839/2281/2235 3282/2284/2238 3283/2283/2237
f 3283/2283/2237 3282/2284/2238 978/2285/2239
f 1252/2251/2208 3284/2286/2240 3267/2252/2209
f 3267/2252/2209 3284/2286/2240 3840/2287/2241
f 1253/2282/2236 3283/2283/2237 3284/2286/2240
f 3284/2286/2240 3283/2283/2237 3840/2287/2241
f 3840/2287/2241 3283/2283/2237 3285/2288/2242
f 3285/2288/2242 3283/2283/2237 978/2285/2239
f 3267/2252/2209 3840/2287/2241 977/2254/2211
f 977/2254/2211 3840/2287/2241 3285/2288/2242
s 203
f 265/2289/2243 3286/2290/2244 3289/2291/2245
f 3289/2291/2245 3286/2290/2244 3841/2292/2246
f 3286/2290/2244 457/2293/2247 3841/2292/2246
f 3841/2292/2246 457/2293/2247 3287/2294/2248
f 3841/2292/2246 3287/2294/2248 3288/2295/2249
f 3288/2295/2249 3287/2294/2248 543/2296/2250
f 3289/2291/2245 3841/2292/2246 454/2297/2251
f 454/2297/2251 3841/2292/2246 3288/2295/2249
f 454/2297/2251 3288/2295/2249 3292/2298/2252
f 3292/2298/2252 3288/2295/2249 3842/2299/2253
f 3288/2295/2249 543/2296/2250 3842/2299/2253
f 3842/2299/2253 543/2296/2250 3290/2300/2254
f 3842/2299/2253 3290/2300/2254 3291/2301/2255
f 3291/2301/2255 3290/2300/2254 455/2302/2256
f 3292/2298/2252 3842/2299/2253 266/2303/2257
f 266/2303/2257 3842/2299/2253 3291/2301/2255
f 543/2296/2250 3293/2304/2258 3290/2300/2254
f 3290/2300/2254 3293/2304/2258 3843/2305/2259
f 3293/2304/2258 456/2306/2260 3843/2305/2259
f 3843/2305/2259 456/2306/2260 3294/2307/2261
f 3843/2305/2259 3294/2307/2261 3295/2308/2262
f 3295/2308/2262 3294/2307/2261 276/2309/2263
f 3290/2300/2254 3843/2305/2259 455/2302/2256
f 455/2302/2256 3843/2305/2259 3295/2308/2262
f 457/2293/2247 3296/2310/2264 3287/2294/2248
f 3287/2294/2248 3296/2310/2264 3844/2311/2265
f 3296/2310/2264 275/2312/2266 3844/2311/2265
f 3844/2311/2265 275/2312/2266 3297/2313/2267
f 3844/2311/2265 3297/2313/2267 3293/2304/2258
f 3293/2304/2258 3297/2313/2267 456/2306/2260
f 3287/2294/2248 3844/2311/2265 543/2296/2250
f 543/2296/2250 3844/2311/2265 3293/2304/2258
f 3291/2301/2255 3845/2314/2268 266/2303/2257
f 266/2303/2257 3845/2314/2268 3300/2315/2269
f 455/2302/2256 3298/2316/2270 3291/2301/2255
f 3291/2301/2255 3298/2316/2270 3845/2314/2268
f 3298/2316/2270 544/2317/2271 3845/2314/2268
f 3845/2314/2268 544/2317/2271 3299/2318/2272
f 3845/2314/2268 3299/2318/2272 3300/2315/2269
f 3300/2315/2269 3299/2318/2272 458/2319/2273
f 3299/2318/2272 3846/2320/2274 458/2319/2273
f 458/2319/2273 3846/2320/2274 3303/2321/2275
f 544/2317/2271 3301/2322/2276 3299/2318/2272
f 3299/2318/2272 3301/2322/2276 3846/2320/2274
f 3301/2322/2276 459/2323/2277 3846/2320/2274
f 3846/2320/2274 459/2323/2277 3302/2324/2278
f 3846/2320/2274 3302/2324/2278 3303/2321/2275
f 3303/2321/2275 3302/2324/2278 267/2325/2279
f 3304/2326/2280 3847/2327/2281 544/2317/2271
f 544/2317/2271 3847/2327/2281 3301/2322/2276
f 460/2328/2282 3305/2329/2283 3304/2326/2280
f 3304/2326/2280 3305/2329/2283 3847/2327/2281
f 3305/2329/2283 277/2330/2284 3847/2327/2281
f 3847/2327/2281 277/2330/2284 3306/2331/2285
f 3847/2327/2281 3306/2331/2285 3301/2322/2276
f 3301/2322/2276 3306/2331/2285 459/2323/2277
f 3295/2308/2262 3848/2332/2286 455/2302/2256
f 455/2302/2256 3848/2332/2286 3298/2316/2270
f 276/2309/2263 3307/2333/2287 3295/2308/2262
f 3295/2308/2262 3307/2333/2287 3848/2332/2286
f 3307/2333/2287 460/2328/2282 3848/2332/2286
f 3848/2332/2286 460/2328/2282 3304/2326/2280
f 3848/2332/2286 3304/2326/2280 3298/2316/2270
f 3298/2316/2270 3304/2326/2280 544/2317/2271
f 267/2325/2279 3302/2324/2278 3310/2334/2288
f 3310/2334/2288 3302/2324/2278 3849/2335/2289
f 3302/2324/2278 459/2323/2277 3849/2335/2289
f 3849/2335/2289 459/2323/2277 3308/2336/2290
f 3849/2335/2289 3308/2336/2290 3309/2337/2291
f 3309/2337/2291 3308/2336/2290 545/2338/2292
f 3310/2334/2288 3849/2335/2289 461/2339/2293
f 461/2339/2293 3849/2335/2289 3309/2337/2291
f 461/2339/2293 3309/2337/2291 3313/2340/2294
f 3313/2340/2294 3309/2337/2291 3850/2341/2295
f 3309/2337/2291 545/2338/2292 3850/2341/2295
f 3850/2341/2295 545/2338/2292 3311/2342/2296
f 3850/2341/2295 3311/2342/2296 3312/2343/2297
f 3312/2343/2297 3311/2342/2296 462/2344/2298
f 3313/2340/2294 3850/2341/2295 268/2345/2299
f 268/2345/2299 3850/2341/2295 3312/2343/2297
f 545/2338/2292 3314/2346/2300 3311/2342/2296
f 3311/2342/2296 3314/2346/2300 3851/2347/2301
f 3314/2346/2300 463/2348/2302 3851/2347/2301
f 3851/2347/2301 463/2348/2302 3315/2349/2303
f 3851/2347/2301 3315/2349/2303 3316/2350/2304
f 3316/2350/2304 3315/2349/2303 278/2351/2305
f 3311/2342/2296 3851/2347/2301 462/2344/2298
f 462/2344/2298 3851/2347/2301 3316/2350/2304
f 459/2323/2277 3306/2331/2285 3308/2336/2290
f 3308/2336/2290 3306/2331/2285 3852/2352/2306
f 3306/2331/2285 277/2330/2284 3852/2352/2306
f 3852/2352/2306 277/2330/2284 3317/2353/2307
f 3852/2352/2306 3317/2353/2307 3314/2346/2300
f 3314/2346/2300 3317/2353/2307 463/2348/2302
f 3308/2336/2290 3852/2352/2306 545/2338/2292
f 545/2338/2292 3852/2352/2306 3314/2346/2300
f 3312/2343/2297 3853/2354/2308 268/2345/2299
f 268/2345/2299 3853/2354/2308 3320/2355/2309
f 462/2344/2298 3318/2356/2310 3312/2343/2297
f 3312/2343/2297 3318/2356/2310 3853/2354/2308
f 3318/2356/2310 546/2357/2311 3853/2354/2308
f 3853/2354/2308 546/2357/2311 3319/2358/2312
f 3853/2354/2308 3319/2358/2312 3320/2355/2309
f 3320/2355/2309 3319/2358/2312 464/2359/2313
f 3319/2358/2312 3854/2360/2314 464/2359/2313
f 464/2359/2313 3854/2360/2314 3323/2361/2315
f 546/2357/2311 3321/2362/2316 3319/2358/2312
f 3319/2358/2312 3321/2362/2316 3854/2360/2314
f 3321/2362/2316 465/2363/2317 3854/2360/2314
f 3854/2360/2314 465/2363/2317 3322/2364/2318
f 3854/2360/2314 3322/2364/2318 3323/2361/2315
f 3323/2361/2315 3322/2364/2318 269/2365/2319
f 3324/2366/2320 3855/2367/2321 546/2357/2311
f 546/2357/2311 3855/2367/2321 3321/2362/2316
f 466/2368/2322 3325/2369/2323 3324/2366/2320
f 3324/2366/2320 3325/2369/2323 3855/2367/2321
f 3325/2369/2323 279/2370/2324 3855/2367/2321
f 3855/2367/2321 279/2370/2324 3326/2371/2325
f 3855/2367/2321 3326/2371/2325 3321/2362/2316
f 3321/2362/2316 3326/2371/2325 465/2363/2317
f 3316/2350/2304 3856/2372/2326 462/2344/2298
f 462/2344/2298 3856/2372/2326 3318/2356/2310
f 278/2351/2305 3327/2373/2327 3316/2350/2304
f 3316/2350/2304 3327/2373/2327 3856/2372/2326
f 3327/2373/2327 466/2368/2322 3856/2372/2326
f 3856/2372/2326 466/2368/2322 3324/2366/2320
f 3856/2372/2326 3324/2366/2320 3318/2356/2310
f 3318/2356/2310 3324/2366/2320 546/2357/2311
f 269/2365/2319 3322/2364/2318 3330/2374/2328
f 3330/2374/2328 3322/2364/2318 3857/2375/2329
f 3322/2364/2318 465/2363/2317 3857/2375/2329
f 3857/2375/2329 465/2363/2317 3328/2376/2330
f 3857/2375/2329 3328/2376/2330 3329/2377/2331
f 3329/2377/2331 3328/2376/2330 547/2378/2332
f 3330/2374/2328 3857/2375/2329 467/2379/2333
f 467/2379/2333 3857/2375/2329 3329/2377/2331
f 467/2379/2333 3329/2377/2331 3333/2380/2334
f 3333/2380/2334 3329/2377/2331 3858/2381/2335
f 3329/2377/2331 547/2378/2332 3858/2381/2335
f 3858/2381/2335 547/2378/2332 3331/2382/2336
f 3858/2381/2335 3331/2382/2336 3332/2383/2337
f 3332/2383/2337 3331/2382/2336 468/2384/2338
f 3333/2380/2334 3858/2381/2335 270/2385/2339
f 270/2385/2339 3858/2381/2335 3332/2383/2337
f 547/2378/2332 3334/2386/2340 3331/2382/2336
f 3331/2382/2336 3334/2386/2340 3859/2387/2341
f 3334/2386/2340 469/2388/2342 3859/2387/2341
f 3859/2387/2341 469/2388/2342 3335/2389/2343
f 3859/2387/2341 3335/2389/2343 3336/2390/2344
f 3336/2390/2344 3335/2389/2343 280/2391/2345
f 3331/2382/2336 3859/2387/2341 468/2384/2338
f 468/2384/2338 3859/2387/2341 3336/2390/2344
f 465/2363/2317 3326/2371/2325 3328/2376/2330
f 3328/2376/2330 3326/2371/2325 3860/2392/2346
f 3326/2371/2325 279/2370/2324 3860/2392/2346
f 3860/2392/2346 279/2370/2324 3337/2393/2347
f 3860/2392/2346 3337/2393/2347 3334/2386/2340
f 3334/2386/2340 3337/2393/2347 469/2388/2342
f 3328/2376/2330 3860/2392/2346 547/2378/2332
f 547/2378/2332 3860/2392/2346 3334/2386/2340
f 3332/2383/2337 3861/2394/2348 270/2385/2339
f 270/2385/2339 3861/2394/2348 3340/2395/2349
f 468/2384/2338 3338/2396/2350 3332/2383/2337
f 3332/2383/2337 3338/2396/2350 3861/2394/2348
f 3338/2396/2350 548/2397/2351 3861/2394/2348
f 3861/2394/2348 548/2397/2351 3339/2398/2352
f 3861/2394/2348 3339/2398/2352 3340/2395/2349
f 3340/2395/2349 3339/2398/2352 470/2399/2353
f 3339/2398/2352 3862/2400/2354 470/2399/2353
f 470/2399/2353 3862/2400/2354 3343/2401/2355
f 548/2397/2351 3341/2402/2356 3339/2398/2352
f 3339/2398/2352 3341/2402/2356 3862/2400/2354
f 3341/2402/2356 471/2403/2357 3862/2400/2354
f 3862/2400/2354 471/2403/2357 3342/2404/2358
f 3862/2400/2354 3342/2404/2358 3343/2401/2355
f 3343/2401/2355 3342/2404/2358 271/2405/2359
f 3344/2406/2360 3863/2407/2361 548/2397/2351
f 548/2397/2351 3863/2407/2361 3341/2402/2356
f 472/2408/2362 3345/2409/2363 3344/2406/2360
f 3344/2406/2360 3345/2409/2363 3863/2407/2361
f 3345/2409/2363 281/2410/2364 3863/2407/2361
f 3863/2407/2361 281/2410/2364 3346/2411/2365
f 3863/2407/2361 3346/2411/2365 3341/2402/2356
f 3341/2402/2356 3346/2411/2365 471/2403/2357
f 3336/2390/2344 3864/2412/2366 468/2384/2338
f 468/2384/2338 3864/2412/2366 3338/2396/2350
f 280/2391/2345 3347/2413/2367 3336/2390/2344
f 3336/2390/2344 3347/2413/2367 3864/2412/2366
f 3347/2413/2367 472/2408/2362 3864/2412/2366
f 3864/2412/2366 472/2408/2362 3344/2406/2360
f 3864/2412/2366 3344/2406/2360 3338/2396/2350
f 3338/2396/2350 3344/2406/2360 548/2397/2351
f 271/2405/2359 3342/2404/2358 3350/2414/2368
f 3350/2414/2368 3342/2404/2358 3865/2415/2369
f 3342/2404/2358 471/2403/2357 3865/2415/2369
f 3865/2415/2369 471/2403/2357 3348/2416/2370
f 3865/2415/2369 3348/2416/2370 3349/2417/2371
f 3349/2417/2371 3348/2416/2370 549/2418/2372
f 3350/2414/2368 3865/2415/2369 473/2419/2373
f 473/2419/2373 3865/2415/2369 3349/2417/2371
f 473/2419/2373 3349/2417/2371 3353/2420/2374
f 3353/2420/2374 3349/2417/2371 3866/2421/2375
f 3349/2417/2371 549/2418/2372 3866/2421/2375
f 3866/2421/2375 549/2418/2372 3351/2422/2376
f 3866/2421/2375 3351/2422/2376 3352/2423/2377
f 3352/2423/2377 3351/2422/2376 474/2424/2378
f 3353/2420/2374 3866/2421/2375 272/2425/2379
f 272/2425/2379 3866/2421/2375 3352/2423/2377
f 549/2418/2372 3354/2426/2380 3351/2422/2376
f 3351/2422/2376 3354/2426/2380 3867/2427/2381
f 3354/2426/2380 475/2428/2382 3867/2427/2381
f 3867/2427/2381 475/2428/2382 3355/2429/2383
f 3867/2427/2381 3355/2429/2383 3356/2430/2384
f 3356/2430/2384 3355/2429/2383 282/2431/2385
f 3351/2422/2376 3867/2427/2381 474/2424/2378
f 474/2424/2378 3867/2427/2381 3356/2430/2384
f 471/2403/2357 3346/2411/2365 3348/2416/2370
f 3348/2416/2370 3346/2411/2365 3868/2432/2386
f 3346/2411/2365 281/2410/2364 3868/2432/2386
f 3868/2432/2386 281/2410/2364 3357/2433/2387
f 3868/2432/2386 3357/2433/2387 3354/2426/2380
f 3354/2426/2380 3357/2433/2387 475/2428/2382
f 3348/2416/2370 3868/2432/2386 549/2418/2372
f 549/2418/2372 3868/2432/2386 3354/2426/2380
f 3352/2423/2377 3869/2434/2388 272/2425/2379
f 272/2425/2379 3869/2434/2388 3360/2435/2389
f 474/2424/2378 3358/2436/2390 3352/2423/2377
f 3352/2423/2377 3358/2436/2390 3869/2434/2388
f 3358/2436/2390 550/2437/2391 3869/2434/2388
f 3869/2434/2388 550/2437/2391 3359/2438/2392
f 3869/2434/2388 3359/2438/2392 3360/2435/2389
f 3360/2435/2389 3359/2438/2392 476/2439/2393
f 3359/2438/2392 3870/2440/2394 476/2439/2393
f 476/2439/2393 3870/2440/2394 3363/2441/2395
f 550/2437/2391 3361/2442/2396 3359/2438/2392
f 3359/2438/2392 3361/2442/2396 3870/2440/2394
f 3361/2442/2396 477/2443/2397 3870/2440/2394
f 3870/2440/2394 477/2443/2397 3362/2444/2398
f 3870/2440/2394 3362/2444/2398 3363/2441/2395
f 3363/2441/2395 3362/2444/2398 273/2445/2399
f 3364/2446/2400 3871/2447/2401 550/2437/2391
f 550/2437/2391 3871/2447/2401 3361/2442/2396
f 478/2448/2402 3365/2449/2403 3364/2446/2400
f 3364/2446/2400 3365/2449/2403 3871/2447/2401
f 3365/2449/2403 283/2450/2404 3871/2447/2401
f 3871/2447/2401 283/2450/2404 3366/2451/2405
f 3871/2447/2401 3366/2451/2405 3361/2442/2396
f 3361/2442/2396 3366/2451/2405 477/2443/2397
f 3356/2430/2384 3872/2452/2406 474/2424/2378
f 474/2424/2378 3872/2452/2406 3358/2436/2390
f 282/2431/2385 3367/2453/2407 3356/2430/2384
f 3356/2430/2384 3367/2453/2407 3872/2452/2406
f 3367/2453/2407 478/2448/2402 3872/2452/2406
f 3872/2452/2406 478/2448/2402 3364/2446/2400
f 3872/2452/2406 3364/2446/2400 3358/2436/2390
f 3358/2436/2390 3364/2446/2400 550/2437/2391
f 273/2445/2399 3362/2444/2398 3370/2454/2408
f 3370/2454/2408 3362/2444/2398 3873/2455/2409
f 3362/2444/2398 477/2443/2397 3873/2455/2409
f 3873/2455/2409 477/2443/2397 3368/2456/2410
f 3873/2455/2409 3368/2456/2410 3369/2457/2411
f 3369/2457/2411 3368/2456/2410 551/2458/2412
f 3370/2454/2408 3873/2455/2409 479/2459/2413
f 479/2459/2413 3873/2455/2409 3369/2457/2411
f 479/2459/2413 3369/2457/2411 3373/2460/2414
f 3373/2460/2414 3369/2457/2411 3874/2461/2415
f 3369/2457/2411 551/2458/2412 3874/2461/2415
f 3874/2461/2415 551/2458/2412 3371/2462/2416
f 3874/2461/2415 3371/2462/2416 3372/2463/2417
f 3372/2463/2417 3371/2462/2416 480/2464/2418
f 3373/2460/2414 3874/2461/2415 274/2465/2419
f 274/2465/2419 3874/2461/2415 3372/2463/2417
f 551/2458/2412 3374/2466/2420 3371/2462/2416
f 3371/2462/2416 3374/2466/2420 3875/2467/2421
f 3374/2466/2420 481/2468/2422 3875/2467/2421
f 3875/2467/2421 481/2468/2422 3375/2469/2423
f 3875/2467/2421 3375/2469/2423 3376/2470/2424
f 3376/2470/2424 3375/2469/2423 284/2471/2425
f 3371/2462/2416 3875/2467/2421 480/2464/2418
f 480/2464/2418 3875/2467/2421 3376/2470/2424
f 477/2443/2397 3366/2451/2405 3368/2456/2410
f 3368/2456/2410 3366/2451/2405 3876/2472/2426
f 3366/2451/2405 283/2450/2404 3876/2472/2426
f 3876/2472/2426 283/2450/2404 3377/2473/2427
f 3876/2472/2426 3377/2473/2427 3374/2466/2420
f 3374/2466/2420 3377/2473/2427 481/2468/2422
f 3368/2456/2410 3876/2472/2426 551/2458/2412
f 551/2458/2412 3876/2472/2426 3374/2466/2420
f 3372/2463/2417 3877/2474/2428 274/2465/2419
f 274/2465/2419 3877/2474/2428 3380/2475/2429
f 480/2464/2418 3378/2476/2430 3372/2463/2417
f 3372/2463/2417 3378/2476/2430 3877/2474/2428
f 3378/2476/2430 552/2477/2431 3877/2474/2428
f 3877/2474/2428 552/2477/2431 3379/2478/2432
f 3877/2474/2428 3379/2478/2432 3380/2475/2429
f 3380/2475/2429 3379/2478/2432 482/2479/2433
f 3379/2478/2432 3878/2480/2434 482/2479/2433
f 482/2479/2433 3878/2480/2434 3382/2481/2435
f 552/2477/2431 3381/2482/2436 3379/2478/2432
f 3379/2478/2432 3381/2482/2436 3878/2480/2434
f 3381/2482/2436 457/2293/2247 3878/2480/2434
f 3878/2480/2434 457/2293/2247 3286/2290/2244
f 3878/2480/2434 3286/2290/2244 3382/2481/2435
f 3382/2481/2435 3286/2290/2244 265/2289/2243
f 3383/2483/2437 3879/2484/2438 552/2477/2431
f 552/2477/2431 3879/2484/2438 3381/2482/2436
f 483/2485/2439 3384/2486/2440 3383/2483/2437
f 3383/2483/2437 3384/2486/2440 3879/2484/2438
f 3384/2486/2440 275/2312/2266 3879/2484/2438
f 3879/2484/2438 275/2312/2266 3296/2310/2264
f 3879/2484/2438 3296/2310/2264 3381/2482/2436
f 3381/2482/2436 3296/2310/2264 457/2293/2247
f 3376/2470/2424 3880/2487/2441 480/2464/2418
f 480/2464/2418 3880/2487/2441 3378/2476/2430
f 284/2471/2425 3385/2488/2442 3376/2470/2424
f 3376/2470/2424 3385/2488/2442 3880/2487/2441
f 3385/2488/2442 483/2485/2439 3880/2487/2441
f 3880/2487/2441 483/2485/2439 3383/2483/2437
f 3880/2487/2441 3383/2483/2437 3378/2476/2430
f 3378/2476/2430 3383/2483/2437 552/2477/2431
f 275/2312/2266 3386/2489/2443 3297/2313/2267
f 3297/2313/2267 3386/2489/2443 3881/2490/2444
f 486/2491/2445 3387/2492/2446 3386/2489/2443
f 3386/2489/2443 3387/2492/2446 3881/2490/2444
f 3387/2492/2446 553/2493/2447 3881/2490/2444
f 3881/2490/2444 553/2493/2447 3388/2494/2448
f 3297/2313/2267 3881/2490/2444 456/2306/2260
f 456/2306/2260 3881/2490/2444 3388/2494/2448
f 456/2306/2260 3388/2494/2448 3294/2307/2261
f 3294/2307/2261 3388/2494/2448 3882/2495/2449
f 3388/2494/2448 553/2493/2447 3882/2495/2449
f 3882/2495/2449 553/2493/2447 3389/2496/2450
f 3882/2495/2449 3389/2496/2450 3390/2497/2451
f 3390/2497/2451 3389/2496/2450 484/2498/2452
f 3294/2307/2261 3882/2495/2449 276/2309/2263
f 276/2309/2263 3882/2495/2449 3390/2497/2451
f 3391/2499/2453 3883/2500/2454 553/2493/2447
f 553/2493/2447 3883/2500/2454 3389/2496/2450
f 485/2501/2455 3392/2502/2456 3391/2499/2453
f 3391/2499/2453 3392/2502/2456 3883/2500/2454
f 3392/2502/2456 286/2503/2457 3883/2500/2454
f 3883/2500/2454 286/2503/2457 3393/2504/2458
f 3883/2500/2454 3393/2504/2458 3389/2496/2450
f 3389/2496/2450 3393/2504/2458 484/2498/2452
f 3394/2505/2459 3884/2506/2460 486/2491/2445
f 486/2491/2445 3884/2506/2460 3387/2492/2446
f 285/2507/2461 3395/2508/2462 3394/2505/2459
f 3394/2505/2459 3395/2508/2462 3884/2506/2460
f 3395/2508/2462 485/2501/2455 3884/2506/2460
f 3884/2506/2460 485/2501/2455 3391/2499/2453
f 3884/2506/2460 3391/2499/2453 3387/2492/2446
f 3387/2492/2446 3391/2499/2453 553/2493/2447
f 3390/2497/2451 3885/2509/2463 276/2309/2263
f 276/2309/2263 3885/2509/2463 3307/2333/2287
f 484/2498/2452 3396/2510/2464 3390/2497/2451
f 3390/2497/2451 3396/2510/2464 3885/2509/2463
f 3396/2510/2464 554/2511/2465 3885/2509/2463
f 3885/2509/2463 554/2511/2465 3397/2512/2466
f 3885/2509/2463 3397/2512/2466 3307/2333/2287
f 3307/2333/2287 3397/2512/2466 460/2328/2282
f 3397/2512/2466 3886/2513/2467 460/2328/2282
f 460/2328/2282 3886/2513/2467 3305/2329/2283
f 3397/2512/2466 554/2511/2465 3886/2513/2467
f 3886/2513/2467 554/2511/2465 3398/2514/2468
f 3886/2513/2467 3398/2514/2468 3399/2515/2469
f 3399/2515/2469 3398/2514/2468 487/2516/2470
f 3886/2513/2467 3399/2515/2469 3305/2329/2283
f 3305/2329/2283 3399/2515/2469 277/2330/2284
f 554/2511/2465 3400/2517/2471 3398/2514/2468
f 3398/2514/2468 3400/2517/2471 3887/2518/2472
f 3400/2517/2471 488/2519/2473 3887/2518/2472
f 3887/2518/2472 488/2519/2473 3401/2520/2474
f 3887/2518/2472 3401/2520/2474 3402/2521/2475
f 3402/2521/2475 3401/2520/2474 287/2522/2476
f 3398/2514/2468 3887/2518/2472 487/2516/2470
f 487/2516/2470 3887/2518/2472 3402/2521/2475
f 484/2498/2452 3393/2504/2458 3396/2510/2464
f 3396/2510/2464 3393/2504/2458 3888/2523/2477
f 3393/2504/2458 286/2503/2457 3888/2523/2477
f 3888/2523/2477 286/2503/2457 3403/2524/2478
f 3888/2523/2477 3403/2524/2478 3400/2517/2471
f 3400/2517/2471 3403/2524/2478 488/2519/2473
f 3396/2510/2464 3888/2523/2477 554/2511/2465
f 554/2511/2465 3888/2523/2477 3400/2517/2471
f 277/2330/2284 3399/2515/2469 3317/2353/2307
f 3317/2353/2307 3399/2515/2469 3889/2525/2479
f 487/2516/2470 3404/2526/2480 3399/2515/2469
f 3399/2515/2469 3404/2526/2480 3889/2525/2479
f 3404/2526/2480 555/2527/2481 3889/2525/2479
f 3889/2525/2479 555/2527/2481 3405/2528/2482
f 3317/2353/2307 3889/2525/2479 463/2348/2302
f 463/2348/2302 3889/2525/2479 3405/2528/2482
f 463/2348/2302 3405/2528/2482 3315/2349/2303
f 3315/2349/2303 3405/2528/2482 3890/2529/2483
f 3405/2528/2482 555/2527/2481 3890/2529/2483
f 3890/2529/2483 555/2527/2481 3406/2530/2484
f 3890/2529/2483 3406/2530/2484 3407/2531/2485
f 3407/2531/2485 3406/2530/2484 489/2532/2486
f 3315/2349/2303 3890/2529/2483 278/2351/2305
f 278/2351/2305 3890/2529/2483 3407/2531/2485
f 3408/2533/2487 3891/2534/2488 555/2527/2481
f 555/2527/2481 3891/2534/2488 3406/2530/2484
f 490/2535/2489 3409/2536/2490 3408/2533/2487
f 3408/2533/2487 3409/2536/2490 3891/2534/2488
f 3409/2536/2490 288/2537/2491 3891/2534/2488
f 3891/2534/2488 288/2537/2491 3410/2538/2492
f 3891/2534/2488 3410/2538/2492 3406/2530/2484
f 3406/2530/2484 3410/2538/2492 489/2532/2486
f 3402/2521/2475 3892/2539/2493 487/2516/2470
f 487/2516/2470 3892/2539/2493 3404/2526/2480
f 287/2522/2476 3411/2540/2494 3402/2521/2475
f 3402/2521/2475 3411/2540/2494 3892/2539/2493
f 3411/2540/2494 490/2535/2489 3892/2539/2493
f 3892/2539/2493 490/2535/2489 3408/2533/2487
f 3892/2539/2493 3408/2533/2487 3404/2526/2480
f 3404/2526/2480 3408/2533/2487 555/2527/2481
f 3407/2531/2485 3893/2541/2495 278/2351/2305
f 278/2351/2305 3893/2541/2495 3327/2373/2327
f 489/2532/2486 3412/2542/2496 3407/2531/2485
f 3407/2531/2485 3412/2542/2496 3893/2541/2495
f 3412/2542/2496 556/2543/2497 3893/2541/2495
f 3893/2541/2495 556/2543/2497 3413/2544/2498
f 3893/2541/2495 3413/2544/2498 3327/2373/2327
f 3327/2373/2327 3413/2544/2498 466/2368/2322
f 3413/2544/2498 3894/2545/2499 466/2368/2322
f 466/2368/2322 3894/2545/2499 3325/2369/2323
f 3413/2544/2498 556/2543/2497 3894/2545/2499
f 3894/2545/2499 556/2543/2497 3414/2546/2500
f 3894/2545/2499 3414/2546/2500 3415/2547/2501
f 3415/2547/2501 3414/2546/2500 491/2548/2502
f 3894/2545/2499 3415/2547/2501 3325/2369/2323
f 3325/2369/2323 3415/2547/2501 279/2370/2324
f 556/2543/2497 3416/2549/2503 3414/2546/2500
f 3414/2546/2500 3416/2549/2503 3895/2550/2504
f 3416/2549/2503 492/2551/2505 3895/2550/2504
f 3895/2550/2504 492/2551/2505 3417/2552/2506
f 3895/2550/2504 3417/2552/2506 3418/2553/2507
f 3418/2553/2507 3417/2552/2506 289/2554/2508
f 3414/2546/2500 3895/2550/2504 491/2548/2502
f 491/2548/2502 3895/2550/2504 3418/2553/2507
f 489/2532/2486 3410/2538/2492 3412/2542/2496
f 3412/2542/2496 3410/2538/2492 3896/2555/2509
f 3410/2538/2492 288/2537/2491 3896/2555/2509
f 3896/2555/2509 288/2537/2491 3419/2556/2510
f 3896/2555/2509 3419/2556/2510 3416/2549/2503
f 3416/2549/2503 3419/2556/2510 492/2551/2505
f 3412/2542/2496 3896/2555/2509 556/2543/2497
f 556/2543/2497 3896/2555/2509 3416/2549/2503
f 279/2370/2324 3415/2547/2501 3337/2393/2347
f 3337/2393/2347 3415/2547/2501 3897/2557/2511
f 491/2548/2502 3420/2558/2512 3415/2547/2501
f 3415/2547/2501 3420/2558/2512 3897/2557/2511
f 3420/2558/2512 557/2559/2513 3897/2557/2511
f 3897/2557/2511 557/2559/2513 3421/2560/2514
f 3337/2393/2347 3897/2557/2511 469/2388/2342
f 469/2388/2342 3897/2557/2511 3421/2560/2514
f 469/2388/2342 3421/2560/2514 3335/2389/2343
f 3335/2389/2343 3421/2560/2514 3898/2561/2515
f 3421/2560/2514 557/2559/2513 3898/2561/2515
f 3898/2561/2515 557/2559/2513 3422/2562/2516
f 3898/2561/2515 3422/2562/2516 3423/2563/2517
f 3423/2563/2517 3422/2562/2516 493/2564/2518
f 3335/2389/2343 3898/2561/2515 280/2391/2345
f 280/2391/2345 3898/2561/2515 3423/2563/2517
f 3424/2565/2519 3899/2566/2520 557/2559/2513
f 557/2559/2513 3899/2566/2520 3422/2562/2516
f 494/2567/2521 3425/2568/2522 3424/2565/2519
f 3424/2565/2519 3425/2568/2522 3899/2566/2520
f 3425/2568/2522 290/2569/2523 3899/2566/2520
f 3899/2566/2520 290/2569/2523 3426/2570/2524
f 3899/2566/2520 3426/2570/2524 3422/2562/2516
f 3422/2562/2516 3426/2570/2524 493/2564/2518
f 3418/2553/2507 3900/2571/2525 491/2548/2502
f 491/2548/2502 3900/2571/2525 3420/2558/2512
f 289/2554/2508 3427/2572/2526 3418/2553/2507
f 3418/2553/2507 3427/2572/2526 3900/2571/2525
f 3427/2572/2526 494/2567/2521 3900/2571/2525
f 3900/2571/2525 494/2567/2521 3424/2565/2519
f 3900/2571/2525 3424/2565/2519 3420/2558/2512
f 3420/2558/2512 3424/2565/2519 557/2559/2513
f 3423/2563/2517 3901/2573/2527 280/2391/2345
f 280/2391/2345 3901/2573/2527 3347/2413/2367
f 493/2564/2518 3428/2574/2528 3423/2563/2517
f 3423/2563/2517 3428/2574/2528 3901/2573/2527
f 3428/2574/2528 558/2575/2529 3901/2573/2527
f 3901/2573/2527 558/2575/2529 3429/2576/2530
f 3901/2573/2527 3429/2576/2530 3347/2413/2367
f 3347/2413/2367 3429/2576/2530 472/2408/2362
f 3429/2576/2530 3902/2577/2531 472/2408/2362
f 472/2408/2362 3902/2577/2531 3345/2409/2363
f 3429/2576/2530 558/2575/2529 3902/2577/2531
f 3902/2577/2531 558/2575/2529 3430/2578/2532
f 3902/2577/2531 3430/2578/2532 3431/2579/2533
f 3431/2579/2533 3430/2578/2532 495/2580/2534
f 3902/2577/2531 3431/2579/2533 3345/2409/2363
f 3345/2409/2363 3431/2579/2533 281/2410/2364
f 558/2575/2529 3432/2581/2535 3430/2578/2532
f 3430/2578/2532 3432/2581/2535 3903/2582/2536
f 3432/2581/2535 496/2583/2537 3903/2582/2536
f 3903/2582/2536 496/2583/2537 3433/2584/2538
f 3903/2582/2536 3433/2584/2538 3434/2585/2539
f 3434/2585/2539 3433/2584/2538 291/2586/2540
f 3430/2578/2532 3903/2582/2536 495/2580/2534
f 495/2580/2534 3903/2582/2536 3434/2585/2539
f 493/2564/2518 3426/2570/2524 3428/2574/2528
f 3428/2574/2528 3426/2570/2524 3904/2587/2541
f 3426/2570/2524 290/2569/2523 3904/2587/2541
f 3904/2587/2541 290/2569/2523 3435/2588/2542
f 3904/2587/2541 3435/2588/2542 3432/2581/2535
f 3432/2581/2535 3435/2588/2542 496/2583/2537
f 3428/2574/2528 3904/2587/2541 558/2575/2529
f 558/2575/2529 3904/2587/2541 3432/2581/2535
f 281/2410/2364 3431/2579/2533 3357/2433/2387
f 3357/2433/2387 3431/2579/2533 3905/2589/2543
f 495/2580/2534 3436/2590/2544 3431/2579/2533
f 3431/2579/2533 3436/2590/2544 3905/2589/2543
f 3436/2590/2544 559/2591/2545 3905/2589/2543
f 3905/2589/2543 559/2591/2545 3437/2592/2546
f 3357/2433/2387 3905/2589/2543 475/2428/2382
f 475/2428/2382 3905/2589/2543 3437/2592/2546
f 475/2428/2382 3437/2592/2546 3355/2429/2383
f 3355/2429/2383 3437/2592/2546 3906/2593/2547
f 3437/2592/2546 559/2591/2545 3906/2593/2547
f 3906/2593/2547 559/2591/2545 3438/2594/2548
f 3906/2593/2547 3438/2594/2548 3439/2595/2549
f 3439/2595/2549 3438/2594/2548 497/2596/2550
f 3355/2429/2383 3906/2593/2547 282/2431/2385
f 282/2431/2385 3906/2593/2547 3439/2595/2549
f 3440/2597/2551 3907/2598/2552 559/2591/2545
f 559/2591/2545 3907/2598/2552 3438/2594/2548
f 498/2599/2553 3441/2600/2554 3440/2597/2551
f 3440/2597/2551 3441/2600/2554 3907/2598/2552
f 3441/2600/2554 292/2601/2555 3907/2598/2552
f 3907/2598/2552 292/2601/2555 3442/2602/2556
f 3907/2598/2552 3442/2602/2556 3438/2594/2548
f 3438/2594/2548 3442/2602/2556 497/2596/2550
f 3434/2585/2539 3908/2603/2557 495/2580/2534
f 495/2580/2534 3908/2603/2557 3436/2590/2544
f 291/2586/2540 3443/2604/2558 3434/2585/2539
f 3434/2585/2539 3443/2604/2558 3908/2603/2557
f 3443/2604/2558 498/2599/2553 3908/2603/2557
f 3908/2603/2557 498/2599/2553 3440/2597/2551
f 3908/2603/2557 3440/2597/2551 3436/2590/2544
f 3436/2590/2544 3440/2597/2551 559/2591/2545
f 3439/2595/2549 3909/2605/2559 282/2431/2385
f 282/2431/2385 3909/2605/2559 3367/2453/2407
f 497/2596/2550 3444/2606/2560 3439/2595/2549
f 3439/2595/2549 3444/2606/2560 3909/2605/2559
f 3444/2606/2560 560/2607/2561 3909/2605/2559
f 3909/2605/2559 560/2607/2561 3445/2608/2562
f 3909/2605/2559 3445/2608/2562 3367/2453/2407
f 3367/2453/2407 3445/2608/2562 478/2448/2402
f 3445/2608/2562 3910/2609/2563 478/2448/2402
f 478/2448/2402 3910/2609/2563 3365/2449/2403
f 3445/2608/2562 560/2607/2561 3910/2609/2563
f 3910/2609/2563 560/2607/2561 3446/2610/2564
f 3910/2609/2563 3446/2610/2564 3447/2611/2565
f 3447/2611/2565 3446/2610/2564 499/2612/2566
f 3910/2609/2563 3447/2611/2565 3365/2449/2403
f 3365/2449/2403 3447/2611/2565 283/2450/2404
f 560/2607/2561 3448/2613/2567 3446/2610/2564
f 3446/2610/2564 3448/2613/2567 3911/2614/2568
f 3448/2613/2567 500/2615/2569 3911/2614/2568
f 3911/2614/2568 500/2615/2569 3449/2616/2570
f 3911/2614/2568 3449/2616/2570 3450/2617/2571
f 3450/2617/2571 3449/2616/2570 293/2618/2572
f 3446/2610/2564 3911/2614/2568 499/2612/2566
f 499/2612/2566 3911/2614/2568 3450/2617/2571
f 497/2596/2550 3442/2602/2556 3444/2606/2560
f 3444/2606/2560 3442/2602/2556 3912/2619/2573
f 3442/2602/2556 292/2601/2555 3912/2619/2573
f 3912/2619/2573 292/2601/2555 3451/2620/2574
f 3912/2619/2573 3451/2620/2574 3448/2613/2567
f 3448/2613/2567 3451/2620/2574 500/2615/2569
f 3444/2606/2560 3912/2619/2573 560/2607/2561
f 560/2607/2561 3912/2619/2573 3448/2613/2567
f 283/2450/2404 3447/2611/2565 3377/2473/2427
f 3377/2473/2427 3447/2611/2565 3913/2621/2575
f 499/2612/2566 3452/2622/2576 3447/2611/2565
f 3447/2611/2565 3452/2622/2576 3913/2621/2575
f 3452/2622/2576 561/2623/2577 3913/2621/2575
f 3913/2621/2575 561/2623/2577 3453/2624/2578
f 3377/2473/2427 3913/2621/2575 481/2468/2422
f 481/2468/2422 3913/2621/2575 3453/2624/2578
f 481/2468/2422 3453/2624/2578 3375/2469/2423
f 3375/2469/2423 3453/2624/2578 3914/2625/2579
f 3453/2624/2578 561/2623/2577 3914/2625/2579
f 3914/2625/2579 561/2623/2577 3454/2626/2580
f 3914/2625/2579 3454/2626/2580 3455/2627/2581
f 3455/2627/2581 3454/2626/2580 501/2628/2582
f 3375/2469/2423 3914/2625/2579 284/2471/2425
f 284/2471/2425 3914/2625/2579 3455/2627/2581
f 3456/2629/2583 3915/2630/2584 561/2623/2577
f 561/2623/2577 3915/2630/2584 3454/2626/2580
f 502/2631/2585 3457/2632/2586 3456/2629/2583
f 3456/2629/2583 3457/2632/2586 3915/2630/2584
f 3457/2632/2586 294/2633/2587 3915/2630/2584
f 3915/2630/2584 294/2633/2587 3458/2634/2588
f 3915/2630/2584 3458/2634/2588 3454/2626/2580
f 3454/2626/2580 3458/2634/2588 501/2628/2582
f 3450/2617/2571 3916/2635/2589 499/2612/2566
f 499/2612/2566 3916/2635/2589 3452/2622/2576
f 293/2618/2572 3459/2636/2590 3450/2617/2571
f 3450/2617/2571 3459/2636/2590 3916/2635/2589
f 3459/2636/2590 502/2631/2585 3916/2635/2589
f 3916/2635/2589 502/2631/2585 3456/2629/2583
f 3916/2635/2589 3456/2629/2583 3452/2622/2576
f 3452/2622/2576 3456/2629/2583 561/2623/2577
f 3455/2627/2581 3917/2637/2591 284/2471/2425
f 284/2471/2425 3917/2637/2591 3385/2488/2442
f 501/2628/2582 3460/2638/2592 3455/2627/2581
f 3455/2627/2581 3460/2638/2592 3917/2637/2591
f 3460/2638/2592 562/2639/2593 3917/2637/2591
f 3917/2637/2591 562/2639/2593 3461/2640/2594
f 3917/2637/2591 3461/2640/2594 3385/2488/2442
f 3385/2488/2442 3461/2640/2594 483/2485/2439
f 3461/2640/2594 3918/2641/2595 483/2485/2439
f 483/2485/2439 3918/2641/2595 3384/2486/2440
f 3461/2640/2594 562/2639/2593 3918/2641/2595
f 3918/2641/2595 562/2639/2593 3462/2642/2596
f 3918/2641/2595 3462/2642/2596 3386/2489/2443
f 3386/2489/2443 3462/2642/2596 486/2491/2445
f 3918/2641/2595 3386/2489/2443 3384/2486/2440
f 3384/2486/2440 3386/2489/2443 275/2312/2266
f 562/2639/2593 1330/2643/2597 3462/2642/2596
f 3462/2642/2596 1330/2643/2597 3919/2644/2598
f 1330/2643/2597 503/2645/2599 3919/2644/2598
f 3919/2644/2598 503/2645/2599 1331/2646/2600
f 3919/2644/2598 1331/2646/2600 3394/2505/2459
f 3394/2505/2459 1331/2646/2600 285/2507/2461
f 3462/2642/2596 3919/2644/2598 486/2491/2445
f 486/2491/2445 3919/2644/2598 3394/2505/2459
f 501/2628/2582 3458/2634/2588 3460/2638/2592
f 3460/2638/2592 3458/2634/2588 3920/2647/2601
f 3458/2634/2588 294/2633/2587 3920/2647/2601
f 3920/2647/2601 294/2633/2587 1332/2648/2602
f 3920/2647/2601 1332/2648/2602 1330/2643/2597
f 1330/2643/2597 1332/2648/2602 503/2645/2599
f 3460/2638/2592 3920/2647/2601 562/2639/2593
f 562/2639/2593 3920/2647/2601 1330/2643/2597
f 1333/2649/2603 3921/2650/2604 285/2651/2461
f 285/2651/2461 3921/2650/2604 3395/2652/2462
f 506/2653/2605 1334/2654/2606 1333/2649/2603
f 1333/2649/2603 1334/2654/2606 3921/2650/2604
f 1334/2654/2606 563/2655/2607 3921/2650/2604
f 3921/2650/2604 563/2655/2607 1335/2656/2608
f 3921/2650/2604 1335/2656/2608 3395/2652/2462
f 3395/2652/2462 1335/2656/2608 485/2657/2455
f 1335/2656/2608 3922/2658/2609 485/2657/2455
f 485/2657/2455 3922/2658/2609 3392/2659/2456
f 563/2655/2607 1336/2660/2610 1335/2656/2608
f 1335/2656/2608 1336/2660/2610 3922/2658/2609
f 1336/2660/2610 504/2661/2611 3922/2658/2609
f 3922/2658/2609 504/2661/2611 1337/2662/2612
f 3922/2658/2609 1337/2662/2612 3392/2659/2456
f 3392/2659/2456 1337/2662/2612 286/2663/2457
f 1338/2664/2613 3923/2665/2614 563/2655/2607
f 563/2655/2607 3923/2665/2614 1336/2660/2610
f 505/2666/2615 1339/2667/2616 1338/2664/2613
f 1338/2664/2613 1339/2667/2616 3923/2665/2614
f 1339/2667/2616 296/2668/2617 3923/2665/2614
f 3923/2665/2614 296/2668/2617 1340/2669/2618
f 3923/2665/2614 1340/2669/2618 1336/2660/2610
f 1336/2660/2610 1340/2669/2618 504/2661/2611
f 1341/2670/2619 3924/2671/2620 506/2653/2605
f 506/2653/2605 3924/2671/2620 1334/2654/2606
f 295/2672/2621 1342/2673/2622 1341/2670/2619
f 1341/2670/2619 1342/2673/2622 3924/2671/2620
f 1342/2673/2622 505/2666/2615 3924/2671/2620
f 3924/2671/2620 505/2666/2615 1338/2664/2613
f 3924/2671/2620 1338/2664/2613 1334/2654/2606
f 1334/2654/2606 1338/2664/2613 563/2655/2607
f 286/2663/2457 1337/2662/2612 3403/2674/2478
f 3403/2674/2478 1337/2662/2612 3925/2675/2623
f 1337/2662/2612 504/2661/2611 3925/2675/2623
f 3925/2675/2623 504/2661/2611 1343/2676/2624
f 3925/2675/2623 1343/2676/2624 1344/2677/2625
f 1344/2677/2625 1343/2676/2624 564/2678/2626
f 3403/2674/2478 3925/2675/2623 488/2679/2473
f 488/2679/2473 3925/2675/2623 1344/2677/2625
f 488/2679/2473 1344/2677/2625 3401/2680/2474
f 3401/2680/2474 1344/2677/2625 3926/2681/2627
f 1344/2677/2625 564/2678/2626 3926/2681/2627
f 3926/2681/2627 564/2678/2626 1345/2682/2628
f 3926/2681/2627 1345/2682/2628 1346/2683/2629
f 1346/2683/2629 1345/2682/2628 507/2684/2630
f 3401/2680/2474 3926/2681/2627 287/2685/2476
f 287/2685/2476 3926/2681/2627 1346/2683/2629
f 564/2678/2626 1347/2686/2631 1345/2682/2628
f 1345/2682/2628 1347/2686/2631 3927/2687/2632
f 1347/2686/2631 508/2688/2633 3927/2687/2632
f 3927/2687/2632 508/2688/2633 1348/2689/2634
f 3927/2687/2632 1348/2689/2634 1349/2690/2635
f 1349/2690/2635 1348/2689/2634 297/2691/2636
f 1345/2682/2628 3927/2687/2632 507/2684/2630
f 507/2684/2630 3927/2687/2632 1349/2690/2635
f 504/2661/2611 1340/2669/2618 1343/2676/2624
f 1343/2676/2624 1340/2669/2618 3928/2692/2637
f 1340/2669/2618 296/2668/2617 3928/2692/2637
f 3928/2692/2637 296/2668/2617 1350/2693/2638
f 3928/2692/2637 1350/2693/2638 1347/2686/2631
f 1347/2686/2631 1350/2693/2638 508/2688/2633
f 1343/2676/2624 3928/2692/2637 564/2678/2626
f 564/2678/2626 3928/2692/2637 1347/2686/2631
f 1346/2683/2629 3929/2694/2639 287/2685/2476
f 287/2685/2476 3929/2694/2639 3411/2695/2494
f 507/2684/2630 1351/2696/2640 1346/2683/2629
f 1346/2683/2629 1351/2696/2640 3929/2694/2639
f 1351/2696/2640 565/2697/2641 3929/2694/2639
f 3929/2694/2639 565/2697/2641 1352/2698/2642
f 3929/2694/2639 1352/2698/2642 3411/2695/2494
f 3411/2695/2494 1352/2698/2642 490/2699/2489
f 1352/2698/2642 3930/2700/2643 490/2699/2489
f 490/2699/2489 3930/2700/2643 3409/2701/2490
f 565/2697/2641 1353/2702/2644 1352/2698/2642
f 1352/2698/2642 1353/2702/2644 3930/2700/2643
f 1353/2702/2644 509/2703/2645 3930/2700/2643
f 3930/2700/2643 509/2703/2645 1354/2704/2646
f 3930/2700/2643 1354/2704/2646 3409/2701/2490
f 3409/2701/2490 1354/2704/2646 288/2705/2491
f 1355/2706/2647 3931/2707/2648 565/2697/2641
f 565/2697/2641 3931/2707/2648 1353/2702/2644
f 510/2708/2649 1356/2709/2650 1355/2706/2647
f 1355/2706/2647 1356/2709/2650 3931/2707/2648
f 1356/2709/2650 298/2710/2651 3931/2707/2648
f 3931/2707/2648 298/2710/2651 1357/2711/2652
f 3931/2707/2648 1357/2711/2652 1353/2702/2644
f 1353/2702/2644 1357/2711/2652 509/2703/2645
f 1349/2690/2635 3932/2712/2653 507/2684/2630
f 507/2684/2630 3932/2712/2653 1351/2696/2640
f 297/2691/2636 1358/2713/2654 1349/2690/2635
f 1349/2690/2635 1358/2713/2654 3932/2712/2653
f 1358/2713/2654 510/2708/2649 3932/2712/2653
f 3932/2712/2653 510/2708/2649 1355/2706/2647
f 3932/2712/2653 1355/2706/2647 1351/2696/2640
f 1351/2696/2640 1355/2706/2647 565/2697/2641
f 288/2705/2491 1354/2704/2646 3419/2714/2510
f 3419/2714/2510 1354/2704/2646 3933/2715/2655
f 1354/2704/2646 509/2703/2645 3933/2715/2655
f 3933/2715/2655 509/2703/2645 1359/2716/2656
f 3933/2715/2655 1359/2716/2656 1360/2717/2657
f 1360/2717/2657 1359/2716/2656 566/2718/2658
f 3419/2714/2510 3933/2715/2655 492/2719/2505
f 492/2719/2505 3933/2715/2655 1360/2717/2657
f 492/2719/2505 1360/2717/2657 3417/2720/2506
f 3417/2720/2506 1360/2717/2657 3934/2721/2659
f 1360/2717/2657 566/2718/2658 3934/2721/2659
f 3934/2721/2659 566/2718/2658 1361/2722/2660
f 3934/2721/2659 1361/2722/2660 1362/2723/2661
f 1362/2723/2661 1361/2722/2660 511/2724/2662
f 3417/2720/2506 3934/2721/2659 289/2725/2508
f 289/2725/2508 3934/2721/2659 1362/2723/2661
f 566/2718/2658 1363/2726/2663 1361/2722/2660
f 1361/2722/2660 1363/2726/2663 3935/2727/2664
f 1363/2726/2663 512/2728/2665 3935/2727/2664
f 3935/2727/2664 512/2728/2665 1364/2729/2666
f 3935/2727/2664 1364/2729/2666 1365/2730/2667
f 1365/2730/2667 1364/2729/2666 299/2731/2668
f 1361/2722/2660 3935/2727/2664 511/2724/2662
f 511/2724/2662 3935/2727/2664 1365/2730/2667
f 509/2703/2645 1357/2711/2652 1359/2716/2656
f 1359/2716/2656 1357/2711/2652 3936/2732/2669
f 1357/2711/2652 298/2710/2651 3936/2732/2669
f 3936/2732/2669 298/2710/2651 1366/2733/2670
f 3936/2732/2669 1366/2733/2670 1363/2726/2663
f 1363/2726/2663 1366/2733/2670 512/2728/2665
f 1359/2716/2656 3936/2732/2669 566/2718/2658
f 566/2718/2658 3936/2732/2669 1363/2726/2663
f 1362/2723/2661 3937/2734/2671 289/2725/2508
f 289/2725/2508 3937/2734/2671 3427/2735/2526
f 511/2724/2662 1367/2736/2672 1362/2723/2661
f 1362/2723/2661 1367/2736/2672 3937/2734/2671
f 1367/2736/2672 567/2737/2673 3937/2734/2671
f 3937/2734/2671 567/2737/2673 1368/2738/2674
f 3937/2734/2671 1368/2738/2674 3427/2735/2526
f 3427/2735/2526 1368/2738/2674 494/2739/2521
f 1368/2738/2674 3938/2740/2675 494/2739/2521
f 494/2739/2521 3938/2740/2675 3425/2741/2522
f 567/2737/2673 1369/2742/2676 1368/2738/2674
f 1368/2738/2674 1369/2742/2676 3938/2740/2675
f 1369/2742/2676 513/2743/2677 3938/2740/2675
f 3938/2740/2675 513/2743/2677 1370/2744/2678
f 3938/2740/2675 1370/2744/2678 3425/2741/2522
f 3425/2741/2522 1370/2744/2678 290/2745/2523
f 1371/2746/2679 3939/2747/2680 567/2737/2673
f 567/2737/2673 3939/2747/2680 1369/2742/2676
f 514/2748/2681 1372/2749/2682 1371/2746/2679
f 1371/2746/2679 1372/2749/2682 3939/2747/2680
f 1372/2749/2682 300/2750/2683 3939/2747/2680
f 3939/2747/2680 300/2750/2683 1373/2751/2684
f 3939/2747/2680 1373/2751/2684 1369/2742/2676
f 1369/2742/2676 1373/2751/2684 513/2743/2677
f 1365/2730/2667 3940/2752/2685 511/2724/2662
f 511/2724/2662 3940/2752/2685 1367/2736/2672
f 299/2731/2668 1374/2753/2686 1365/2730/2667
f 1365/2730/2667 1374/2753/2686 3940/2752/2685
f 1374/2753/2686 514/2748/2681 3940/2752/2685
f 3940/2752/2685 514/2748/2681 1371/2746/2679
f 3940/2752/2685 1371/2746/2679 1367/2736/2672
f 1367/2736/2672 1371/2746/2679 567/2737/2673
f 290/2745/2523 1370/2744/2678 3435/2754/2542
f 3435/2754/2542 1370/2744/2678 3941/2755/2687
f 1370/2744/2678 513/2743/2677 3941/2755/2687
f 3941/2755/2687 513/2743/2677 1375/2756/2688
f 3941/2755/2687 1375/2756/2688 1376/2757/2689
f 1376/2757/2689 1375/2756/2688 568/2758/2690
f 3435/2754/2542 3941/2755/2687 496/2759/2537
f 496/2759/2537 3941/2755/2687 1376/2757/2689
f 496/2759/2537 1376/2757/2689 3433/2760/2538
f 3433/2760/2538 1376/2757/2689 3942/2761/2691
f 1376/2757/2689 568/2758/2690 3942/2761/2691
f 3942/2761/2691 568/2758/2690 1377/2762/2692
f 3942/2761/2691 1377/2762/2692 1378/2763/2693
f 1378/2763/2693 1377/2762/2692 515/2764/2694
f 3433/2760/2538 3942/2761/2691 291/2765/2540
f 291/2765/2540 3942/2761/2691 1378/2763/2693
f 568/2758/2690 1379/2766/2695 1377/2762/2692
f 1377/2762/2692 1379/2766/2695 3943/2767/2696
f 1379/2766/2695 516/2768/2697 3943/2767/2696
f 3943/2767/2696 516/2768/2697 1380/2769/2698
f 3943/2767/2696 1380/2769/2698 1381/2770/2699
f 1381/2770/2699 1380/2769/2698 301/2771/2700
f 1377/2762/2692 3943/2767/2696 515/2764/2694
f 515/2764/2694 3943/2767/2696 1381/2770/2699
f 513/2743/2677 1373/2751/2684 1375/2756/2688
f 1375/2756/2688 1373/2751/2684 3944/2772/2701
f 1373/2751/2684 300/2750/2683 3944/2772/2701
f 3944/2772/2701 300/2750/2683 1382/2773/2702
f 3944/2772/2701 1382/2773/2702 1379/2766/2695
f 1379/2766/2695 1382/2773/2702 516/2768/2697
f 1375/2756/2688 3944/2772/2701 568/2758/2690
f 568/2758/2690 3944/2772/2701 1379/2766/2695
f 1378/2763/2693 3945/2774/2703 291/2765/2540
f 291/2765/2540 3945/2774/2703 3443/2775/2558
f 515/2764/2694 1383/2776/2704 1378/2763/2693
f 1378/2763/2693 1383/2776/2704 3945/2774/2703
f 1383/2776/2704 569/2777/2705 3945/2774/2703
f 3945/2774/2703 569/2777/2705 1384/2778/2706
f 3945/2774/2703 1384/2778/2706 3443/2775/2558
f 3443/2775/2558 1384/2778/2706 498/2779/2553
f 1384/2778/2706 3946/2780/2707 498/2779/2553
f 498/2779/2553 3946/2780/2707 3441/2781/2554
f 569/2777/2705 1385/2782/2708 1384/2778/2706
f 1384/2778/2706 1385/2782/2708 3946/2780/2707
f 1385/2782/2708 517/2783/2709 3946/2780/2707
f 3946/2780/2707 517/2783/2709 1386/2784/2710
f 3946/2780/2707 1386/2784/2710 3441/2781/2554
f 3441/2781/2554 1386/2784/2710 292/2785/2555
f 1387/2786/2711 3947/2787/2712 569/2777/2705
f 569/2777/2705 3947/2787/2712 1385/2782/2708
f 518/2788/2713 1388/2789/2714 1387/2786/2711
f 1387/2786/2711 1388/2789/2714 3947/2787/2712
f 1388/2789/2714 302/2790/2715 3947/2787/2712
f 3947/2787/2712 302/2790/2715 1389/2791/2716
f 3947/2787/2712 1389/2791/2716 1385/2782/2708
f 1385/2782/2708 1389/2791/2716 517/2783/2709
f 1381/2770/2699 3948/2792/2717 515/2764/2694
f 515/2764/2694 3948/2792/2717 1383/2776/2704
f 301/2771/2700 1390/2793/2718 1381/2770/2699
f 1381/2770/2699 1390/2793/2718 3948/2792/2717
f 1390/2793/2718 518/2788/2713 3948/2792/2717
f 3948/2792/2717 518/2788/2713 1387/2786/2711
f 3948/2792/2717 1387/2786/2711 1383/2776/2704
f 1383/2776/2704 1387/2786/2711 569/2777/2705
f 292/2785/2555 1386/2784/2710 3451/2794/2574
f 3451/2794/2574 1386/2784/2710 3949/2795/2719
f 1386/2784/2710 517/2783/2709 3949/2795/2719
f 3949/2795/2719 517/2783/2709 1391/2796/2720
f 3949/2795/2719 1391/2796/2720 1392/2797/2721
f 1392/2797/2721 1391/2796/2720 570/2798/2722
f 3451/2794/2574 3949/2795/2719 500/2799/2569
f 500/2799/2569 3949/2795/2719 1392/2797/2721
f 500/2799/2569 1392/2797/2721 3449/2800/2570
f 3449/2800/2570 1392/2797/2721 3950/2801/2723
f 1392/2797/2721 570/2798/2722 3950/2801/2723
f 3950/2801/2723 570/2798/2722 1393/2802/2724
f 3950/2801/2723 1393/2802/2724 1394/2803/2725
f 1394/2803/2725 1393/2802/2724 519/2804/2726
f 3449/2800/2570 3950/2801/2723 293/2805/2572
f 293/2805/2572 3950/2801/2723 1394/2803/2725
f 570/2798/2722 1395/2806/2727 1393/2802/2724
f 1393/2802/2724 1395/2806/2727 3951/2807/2728
f 1395/2806/2727 520/2808/2729 3951/2807/2728
f 3951/2807/2728 520/2808/2729 1396/2809/2730
f 3951/2807/2728 1396/2809/2730 1397/2810/2731
f 1397/2810/2731 1396/2809/2730 303/2811/2732
f 1393/2802/2724 3951/2807/2728 519/2804/2726
f 519/2804/2726 3951/2807/2728 1397/2810/2731
f 517/2783/2709 1389/2791/2716 1391/2796/2720
f 1391/2796/2720 1389/2791/2716 3952/2812/2733
f 1389/2791/2716 302/2790/2715 3952/2812/2733
f 3952/2812/2733 302/2790/2715 1398/2813/2734
f 3952/2812/2733 1398/2813/2734 1395/2806/2727
f 1395/2806/2727 1398/2813/2734 520/2808/2729
f 1391/2796/2720 3952/2812/2733 570/2798/2722
f 570/2798/2722 3952/2812/2733 1395/2806/2727
f 1394/2803/2725 3953/2814/2735 293/2805/2572
f 293/2805/2572 3953/2814/2735 3459/2815/2590
f 519/2804/2726 1399/2816/2736 1394/2803/2725
f 1394/2803/2725 1399/2816/2736 3953/2814/2735
f 1399/2816/2736 571/2817/2737 3953/2814/2735
f 3953/2814/2735 571/2817/2737 1400/2818/2738
f 3953/2814/2735 1400/2818/2738 3459/2815/2590
f 3459/2815/2590 1400/2818/2738 502/2819/2585
f 1400/2818/2738 3954/2820/2739 502/2819/2585
f 502/2819/2585 3954/2820/2739 3457/2821/2586
f 571/2817/2737 1401/2822/2740 1400/2818/2738
f 1400/2818/2738 1401/2822/2740 3954/2820/2739
f 1401/2822/2740 521/2823/2741 3954/2820/2739
f 3954/2820/2739 521/2823/2741 1402/2824/2742
f 3954/2820/2739 1402/2824/2742 3457/2821/2586
f 3457/2821/2586 1402/2824/2742 294/2825/2587
f 1403/2826/2743 3955/2827/2744 571/2817/2737
f 571/2817/2737 3955/2827/2744 1401/2822/2740
f 522/2828/2745 1404/2829/2746 1403/2826/2743
f 1403/2826/2743 1404/2829/2746 3955/2827/2744
f 1404/2829/2746 304/2830/2747 3955/2827/2744
f 3955/2827/2744 304/2830/2747 1405/2831/2748
f 3955/2827/2744 1405/2831/2748 1401/2822/2740
f 1401/2822/2740 1405/2831/2748 521/2823/2741
f 1397/2810/2731 3956/2832/2749 519/2804/2726
f 519/2804/2726 3956/2832/2749 1399/2816/2736
f 303/2811/2732 1406/2833/2750 1397/2810/2731
f 1397/2810/2731 1406/2833/2750 3956/2832/2749
f 1406/2833/2750 522/2828/2745 3956/2832/2749
f 3956/2832/2749 522/2828/2745 1403/2826/2743
f 3956/2832/2749 1403/2826/2743 1399/2816/2736
f 1399/2816/2736 1403/2826/2743 571/2817/2737
f 294/2825/2587 1402/2824/2742 1332/2834/2602
f 1332/2834/2602 1402/2824/2742 3957/2835/2751
f 1402/2824/2742 521/2823/2741 3957/2835/2751
f 3957/2835/2751 521/2823/2741 1407/2836/2752
f 3957/2835/2751 1407/2836/2752 1408/2837/2753
f 1408/2837/2753 1407/2836/2752 572/2838/2754
f 1332/2834/2602 3957/2835/2751 503/2839/2599
f 503/2839/2599 3957/2835/2751 1408/2837/2753
f 503/2839/2599 1408/2837/2753 1331/2840/2600
f 1331/2840/2600 1408/2837/2753 3958/2841/2755
f 1408/2837/2753 572/2838/2754 3958/2841/2755
f 3958/2841/2755 572/2838/2754 1409/2842/2756
f 3958/2841/2755 1409/2842/2756 1333/2843/2603
f 1333/2843/2603 1409/2842/2756 506/2844/2605
f 1331/2840/2600 3958/2841/2755 285/2845/2461
f 285/2845/2461 3958/2841/2755 1333/2843/2603
f 572/2838/2754 1410/2846/2757 1409/2842/2756
f 1409/2842/2756 1410/2846/2757 3959/2847/2758
f 1410/2846/2757 523/2848/2759 3959/2847/2758
f 3959/2847/2758 523/2848/2759 1411/2849/2760
f 3959/2847/2758 1411/2849/2760 1341/2850/2619
f 1341/2850/2619 1411/2849/2760 295/2851/2621
f 1409/2842/2756 3959/2847/2758 506/2844/2605
f 506/2844/2605 3959/2847/2758 1341/2850/2619
f 521/2823/2741 1405/2831/2748 1407/2836/2752
f 1407/2836/2752 1405/2831/2748 3960/2852/2761
f 1405/2831/2748 304/2830/2747 3960/2852/2761
f 3960/2852/2761 304/2830/2747 1412/2853/2762
f 3960/2852/2761 1412/2853/2762 1410/2846/2757
f 1410/2846/2757 1412/2853/2762 523/2848/2759
f 1407/2836/2752 3960/2852/2761 572/2838/2754
f 572/2838/2754 3960/2852/2761 1410/2846/2757
f 266/2303/2257 1413/2854/2763 3292/2298/2252
f 3292/2298/2252 1413/2854/2763 3961/2855/2764
f 525/2856/2765 1414/2857/2766 1413/2854/2763
f 1413/2854/2763 1414/2857/2766 3961/2855/2764
f 1414/2857/2766 573/2858/2767 3961/2855/2764
f 3961/2855/2764 573/2858/2767 1415/2859/2768
f 3292/2298/2252 3961/2855/2764 454/2297/2251
f 454/2297/2251 3961/2855/2764 1415/2859/2768
f 3289/2291/2245 3962/2860/2769 265/2289/2243
f 265/2289/2243 3962/2860/2769 1417/2861/2770
f 454/2297/2251 1415/2859/2768 3289/2291/2245
f 3289/2291/2245 1415/2859/2768 3962/2860/2769
f 1415/2859/2768 573/2858/2767 3962/2860/2769
f 3962/2860/2769 573/2858/2767 1416/2862/2771
f 3962/2860/2769 1416/2862/2771 1417/2861/2770
f 1417/2861/2770 1416/2862/2771 524/2863/2772
f 305/2864/2773 1418/2865/2774 1419/2866/2775
f 1419/2866/2775 1418/2865/2774 3963/2867/2776
f 1418/2865/2774 524/2863/2772 3963/2867/2776
f 3963/2867/2776 524/2863/2772 1416/2862/2771
f 3963/2867/2776 1416/2862/2771 1414/2857/2766
f 1414/2857/2766 1416/2862/2771 573/2858/2767
f 1419/2866/2775 3963/2867/2776 525/2856/2765
f 525/2856/2765 3963/2867/2776 1414/2857/2766
f 1420/2868/2777 3964/2869/2778 267/2325/2279
f 267/2325/2279 3964/2869/2778 3303/2321/2275
f 526/2870/2779 1421/2871/2780 1420/2868/2777
f 1420/2868/2777 1421/2871/2780 3964/2869/2778
f 1421/2871/2780 574/2872/2781 3964/2869/2778
f 3964/2869/2778 574/2872/2781 1422/2873/2782
f 3964/2869/2778 1422/2873/2782 3303/2321/2275
f 3303/2321/2275 1422/2873/2782 458/2319/2273
f 266/2303/2257 3300/2315/2269 1413/2854/2763
f 1413/2854/2763 3300/2315/2269 3965/2874/2783
f 3300/2315/2269 458/2319/2273 3965/2874/2783
f 3965/2874/2783 458/2319/2273 1422/2873/2782
f 1422/2873/2782 574/2872/2781 3965/2874/2783
f 3965/2874/2783 574/2872/2781 1423/2875/2784
f 3965/2874/2783 1423/2875/2784 1413/2854/2763
f 1413/2854/2763 1423/2875/2784 525/2856/2765
f 305/2864/2773 1419/2866/2775 1424/2876/2785
f 1424/2876/2785 1419/2866/2775 3966/2877/2786
f 1419/2866/2775 525/2856/2765 3966/2877/2786
f 3966/2877/2786 525/2856/2765 1423/2875/2784
f 3966/2877/2786 1423/2875/2784 1421/2871/2780
f 1421/2871/2780 1423/2875/2784 574/2872/2781
f 1424/2876/2785 3966/2877/2786 526/2870/2779
f 526/2870/2779 3966/2877/2786 1421/2871/2780
f 268/2345/2299 1425/2878/2787 3313/2340/2294
f 3313/2340/2294 1425/2878/2787 3967/2879/2788
f 527/2880/2789 1426/2881/2790 1425/2878/2787
f 1425/2878/2787 1426/2881/2790 3967/2879/2788
f 1426/2881/2790 575/2882/2791 3967/2879/2788
f 3967/2879/2788 575/2882/2791 1427/2883/2792
f 3313/2340/2294 3967/2879/2788 461/2339/2293
f 461/2339/2293 3967/2879/2788 1427/2883/2792
f 3310/2334/2288 3968/2884/2793 267/2325/2279
f 267/2325/2279 3968/2884/2793 1420/2868/2777
f 461/2339/2293 1427/2883/2792 3310/2334/2288
f 3310/2334/2288 1427/2883/2792 3968/2884/2793
f 1427/2883/2792 575/2882/2791 3968/2884/2793
f 3968/2884/2793 575/2882/2791 1428/2885/2794
f 3968/2884/2793 1428/2885/2794 1420/2868/2777
f 1420/2868/2777 1428/2885/2794 526/2870/2779
f 305/2864/2773 1424/2876/2785 1429/2886/2795
f 1429/2886/2795 1424/2876/2785 3969/2887/2796
f 1424/2876/2785 526/2870/2779 3969/2887/2796
f 3969/2887/2796 526/2870/2779 1428/2885/2794
f 3969/2887/2796 1428/2885/2794 1426/2881/2790
f 1426/2881/2790 1428/2885/2794 575/2882/2791
f 1429/2886/2795 3969/2887/2796 527/2880/2789
f 527/2880/2789 3969/2887/2796 1426/2881/2790
f 1430/2888/2797 3970/2889/2798 269/2365/2319
f 269/2365/2319 3970/2889/2798 3323/2361/2315
f 528/2890/2799 1431/2891/2800 1430/2888/2797
f 1430/2888/2797 1431/2891/2800 3970/2889/2798
f 1431/2891/2800 576/2892/2801 3970/2889/2798
f 3970/2889/2798 576/2892/2801 1432/2893/2802
f 3970/2889/2798 1432/2893/2802 3323/2361/2315
f 3323/2361/2315 1432/2893/2802 464/2359/2313
f 268/2345/2299 3320/2355/2309 1425/2878/2787
f 1425/2878/2787 3320/2355/2309 3971/2894/2803
f 3320/2355/2309 464/2359/2313 3971/2894/2803
f 3971/2894/2803 464/2359/2313 1432/2893/2802
f 1432/2893/2802 576/2892/2801 3971/2894/2803
f 3971/2894/2803 576/2892/2801 1433/2895/2804
f 3971/2894/2803 1433/2895/2804 1425/2878/2787
f 1425/2878/2787 1433/2895/2804 527/2880/2789
f 305/2864/2773 1429/2886/2795 1434/2896/2805
f 1434/2896/2805 1429/2886/2795 3972/2897/2806
f 1429/2886/2795 527/2880/2789 3972/2897/2806
f 3972/2897/2806 527/2880/2789 1433/2895/2804
f 3972/2897/2806 1433/2895/2804 1431/2891/2800
f 1431/2891/2800 1433/2895/2804 576/2892/2801
f 1434/2896/2805 3972/2897/2806 528/2890/2799
f 528/2890/2799 3972/2897/2806 1431/2891/2800
f 270/2385/2339 1435/2898/2807 3333/2380/2334
f 3333/2380/2334 1435/2898/2807 3973/2899/2808
f 529/2900/2809 1436/2901/2810 1435/2898/2807
f 1435/2898/2807 1436/2901/2810 3973/2899/2808
f 1436/2901/2810 577/2902/2811 3973/2899/2808
f 3973/2899/2808 577/2902/2811 1437/2903/2812
f 3333/2380/2334 3973/2899/2808 467/2379/2333
f 467/2379/2333 3973/2899/2808 1437/2903/2812
f 3330/2374/2328 3974/2904/2813 269/2365/2319
f 269/2365/2319 3974/2904/2813 1430/2888/2797
f 467/2379/2333 1437/2903/2812 3330/2374/2328
f 3330/2374/2328 1437/2903/2812 3974/2904/2813
f 1437/2903/2812 577/2902/2811 3974/2904/2813
f 3974/2904/2813 577/2902/2811 1438/2905/2814
f 3974/2904/2813 1438/2905/2814 1430/2888/2797
f 1430/2888/2797 1438/2905/2814 528/2890/2799
f 305/2864/2773 1434/2896/2805 1439/2906/2815
f 1439/2906/2815 1434/2896/2805 3975/2907/2816
f 1434/2896/2805 528/2890/2799 3975/2907/2816
f 3975/2907/2816 528/2890/2799 1438/2905/2814
f 3975/2907/2816 1438/2905/2814 1436/2901/2810
f 1436/2901/2810 1438/2905/2814 577/2902/2811
f 1439/2906/2815 3975/2907/2816 529/2900/2809
f 529/2900/2809 3975/2907/2816 1436/2901/2810
f 1440/2908/2817 3976/2909/2818 271/2405/2359
f 271/2405/2359 3976/2909/2818 3343/2401/2355
f 530/2910/2819 1441/2911/2820 1440/2908/2817
f 1440/2908/2817 1441/2911/2820 3976/2909/2818
f 1441/2911/2820 578/2912/2821 3976/2909/2818
f 3976/2909/2818 578/2912/2821 1442/2913/2822
f 3976/2909/2818 1442/2913/2822 3343/2401/2355
f 3343/2401/2355 1442/2913/2822 470/2399/2353
f 270/2385/2339 3340/2395/2349 1435/2898/2807
f 1435/2898/2807 3340/2395/2349 3977/2914/2823
f 3340/2395/2349 470/2399/2353 3977/2914/2823
f 3977/2914/2823 470/2399/2353 1442/2913/2822
f 1442/2913/2822 578/2912/2821 3977/2914/2823
f 3977/2914/2823 578/2912/2821 1443/2915/2824
f 3977/2914/2823 1443/2915/2824 1435/2898/2807
f 1435/2898/2807 1443/2915/2824 529/2900/2809
f 305/2864/2773 1439/2906/2815 1444/2916/2825
f 1444/2916/2825 1439/2906/2815 3978/2917/2826
f 1439/2906/2815 529/2900/2809 3978/2917/2826
f 3978/2917/2826 529/2900/2809 1443/2915/2824
f 3978/2917/2826 1443/2915/2824 1441/2911/2820
f 1441/2911/2820 1443/2915/2824 578/2912/2821
f 1444/2916/2825 3978/2917/2826 530/2910/2819
f 530/2910/2819 3978/2917/2826 1441/2911/2820
f 272/2425/2379 1445/2918/2827 3353/2420/2374
f 3353/2420/2374 1445/2918/2827 3979/2919/2828
f 531/2920/2829 1446/2921/2830 1445/2918/2827
f 1445/2918/2827 1446/2921/2830 3979/2919/2828
f 1446/2921/2830 579/2922/2831 3979/2919/2828
f 3979/2919/2828 579/2922/2831 1447/2923/2832
f 3353/2420/2374 3979/2919/2828 473/2419/2373
f 473/2419/2373 3979/2919/2828 1447/2923/2832
f 3350/2414/2368 3980/2924/2833 271/2405/2359
f 271/2405/2359 3980/2924/2833 1440/2908/2817
f 473/2419/2373 1447/2923/2832 3350/2414/2368
f 3350/2414/2368 1447/2923/2832 3980/2924/2833
f 1447/2923/2832 579/2922/2831 3980/2924/2833
f 3980/2924/2833 579/2922/2831 1448/2925/2834
f 3980/2924/2833 1448/2925/2834 1440/2908/2817
f 1440/2908/2817 1448/2925/2834 530/2910/2819
f 305/2864/2773 1444/2916/2825 1449/2926/2835
f 1449/2926/2835 1444/2916/2825 3981/2927/2836
f 1444/2916/2825 530/2910/2819 3981/2927/2836
f 3981/2927/2836 530/2910/2819 1448/2925/2834
f 3981/2927/2836 1448/2925/2834 1446/2921/2830
f 1446/2921/2830 1448/2925/2834 579/2922/2831
f 1449/2926/2835 3981/2927/2836 531/2920/2829
f 531/2920/2829 3981/2927/2836 1446/2921/2830
f 1450/2928/2837 3982/2929/2838 273/2445/2399
f 273/2445/2399 3982/2929/2838 3363/2441/2395
f 532/2930/2839 1451/2931/2840 1450/2928/2837
f 1450/2928/2837 1451/2931/2840 3982/2929/2838
f 1451/2931/2840 580/2932/2841 3982/2929/2838
f 3982/2929/2838 580/2932/2841 1452/2933/2842
f 3982/2929/2838 1452/2933/2842 3363/2441/2395
f 3363/2441/2395 1452/2933/2842 476/2439/2393
f 272/2425/2379 3360/2435/2389 1445/2918/2827
f 1445/2918/2827 3360/2435/2389 3983/2934/2843
f 3360/2435/2389 476/2439/2393 3983/2934/2843
f 3983/2934/2843 476/2439/2393 1452/2933/2842
f 1452/2933/2842 580/2932/2841 3983/2934/2843
f 3983/2934/2843 580/2932/2841 1453/2935/2844
f 3983/2934/2843 1453/2935/2844 1445/2918/2827
f 1445/2918/2827 1453/2935/2844 531/2920/2829
f 305/2864/2773 1449/2926/2835 1454/2936/2845
f 1454/2936/2845 1449/2926/2835 3984/2937/2846
f 1449/2926/2835 531/2920/2829 3984/2937/2846
f 3984/2937/2846 531/2920/2829 1453/2935/2844
f 3984/2937/2846 1453/2935/2844 1451/2931/2840
f 1451/2931/2840 1453/2935/2844 580/2932/2841
f 1454/2936/2845 3984/2937/2846 532/2930/2839
f 532/2930/2839 3984/2937/2846 1451/2931/2840
f 274/2465/2419 1455/2938/2847 3373/2460/2414
f 3373/2460/2414 1455/2938/2847 3985/2939/2848
f 533/2940/2849 1456/2941/2850 1455/2938/2847
f 1455/2938/2847 1456/2941/2850 3985/2939/2848
f 1456/2941/2850 581/2942/2851 3985/2939/2848
f 3985/2939/2848 581/2942/2851 1457/2943/2852
f 3373/2460/2414 3985/2939/2848 479/2459/2413
f 479/2459/2413 3985/2939/2848 1457/2943/2852
f 3370/2454/2408 3986/2944/2853 273/2445/2399
f 273/2445/2399 3986/2944/2853 1450/2928/2837
f 479/2459/2413 1457/2943/2852 3370/2454/2408
f 3370/2454/2408 1457/2943/2852 3986/2944/2853
f 1457/2943/2852 581/2942/2851 3986/2944/2853
f 3986/2944/2853 581/2942/2851 1458/2945/2854
f 3986/2944/2853 1458/2945/2854 1450/2928/2837
f 1450/2928/2837 1458/2945/2854 532/2930/2839
f 305/2864/2773 1454/2936/2845 1459/2946/2855
f 1459/2946/2855 1454/2936/2845 3987/2947/2856
f 1454/2936/2845 532/2930/2839 3987/2947/2856
f 3987/2947/2856 532/2930/2839 1458/2945/2854
f 3987/2947/2856 1458/2945/2854 1456/2941/2850
f 1456/2941/2850 1458/2945/2854 581/2942/2851
f 1459/2946/2855 3987/2947/2856 533/2940/2849
f 533/2940/2849 3987/2947/2856 1456/2941/2850
f 1417/2861/2770 3988/2948/2857 265/2289/2243
f 265/2289/2243 3988/2948/2857 3382/2481/2435
f 524/2863/2772 1460/2949/2858 1417/2861/2770
f 1417/2861/2770 1460/2949/2858 3988/2948/2857
f 1460/2949/2858 582/2950/2859 3988/2948/2857
f 3988/2948/2857 582/2950/2859 1461/2951/2860
f 3988/2948/2857 1461/2951/2860 3382/2481/2435
f 3382/2481/2435 1461/2951/2860 482/2479/2433
f 274/2465/2419 3380/2475/2429 1455/2938/2847
f 1455/2938/2847 3380/2475/2429 3989/2952/2861
f 3380/2475/2429 482/2479/2433 3989/2952/2861
f 3989/2952/2861 482/2479/2433 1461/2951/2860
f 1461/2951/2860 582/2950/2859 3989/2952/2861
f 3989/2952/2861 582/2950/2859 1462/2953/2862
f 3989/2952/2861 1462/2953/2862 1455/2938/2847
f 1455/2938/2847 1462/2953/2862 533/2940/2849
f 305/2864/2773 1459/2946/2855 1418/2865/2774
f 1418/2865/2774 1459/2946/2855 3990/2954/2863
f 1459/2946/2855 533/2940/2849 3990/2954/2863
f 3990/2954/2863 533/2940/2849 1462/2953/2862
f 3990/2954/2863 1462/2953/2862 1460/2949/2858
f 1460/2949/2858 1462/2953/2862 582/2950/2859
f 1418/2865/2774 3990/2954/2863 524/2863/2772
f 524/2863/2772 3990/2954/2863 1460/2949/2858
f 1463/2955/2864 3991/2956/2865 295/2672/2621
f 295/2672/2621 3991/2956/2865 1342/2673/2622
f 307/2957/2866 1464/2958/2867 1463/2955/2864
f 1463/2955/2864 1464/2958/2867 3991/2956/2865
f 1464/2958/2867 583/2959/2868 3991/2956/2865
f 3991/2956/2865 583/2959/2868 1465/2960/2869
f 3991/2956/2865 1465/2960/2869 1342/2673/2622
f 1342/2673/2622 1465/2960/2869 505/2666/2615
f 1465/2960/2869 3992/2961/2870 505/2666/2615
f 505/2666/2615 3992/2961/2870 1339/2667/2616
f 583/2959/2868 1466/2962/2871 1465/2960/2869
f 1465/2960/2869 1466/2962/2871 3992/2961/2870
f 1466/2962/2871 534/2963/2872 3992/2961/2870
f 3992/2961/2870 534/2963/2872 1467/2964/2873
f 3992/2961/2870 1467/2964/2873 1339/2667/2616
f 1339/2667/2616 1467/2964/2873 296/2668/2617
f 1468/2965/2874 3993/2966/2875 583/2959/2868
f 583/2959/2868 3993/2966/2875 1466/2962/2871
f 535/2967/2876 1469/2968/2877 1468/2965/2874
f 1468/2965/2874 1469/2968/2877 3993/2966/2875
f 3993/2966/2875 1469/2968/2877 1470/2969/2878
f 1470/2969/2878 1469/2968/2877 312/2970/2879
f 3993/2966/2875 1470/2969/2878 1466/2962/2871
f 1466/2962/2871 1470/2969/2878 534/2963/2872
f 307/2957/2866 1471/2971/2880 1464/2958/2867
f 1464/2958/2867 1471/2971/2880 3994/2972/2881
f 1468/2965/2874 3994/2972/2881 535/2967/2876
f 535/2967/2876 3994/2972/2881 1471/2971/2880
f 1464/2958/2867 3994/2972/2881 583/2959/2868
f 583/2959/2868 3994/2972/2881 1468/2965/2874
f 296/2668/2617 1467/2964/2873 1350/2693/2638
f 1350/2693/2638 1467/2964/2873 3995/2973/2882
f 1467/2964/2873 534/2963/2872 3995/2973/2882
f 3995/2973/2882 534/2963/2872 1472/2974/2883
f 3995/2973/2882 1472/2974/2883 1473/2975/2884
f 1473/2975/2884 1472/2974/2883 584/2976/2885
f 1350/2693/2638 3995/2973/2882 508/2688/2633
f 508/2688/2633 3995/2973/2882 1473/2975/2884
f 508/2688/2633 1473/2975/2884 1348/2689/2634
f 1348/2689/2634 1473/2975/2884 3996/2977/2886
f 1473/2975/2884 584/2976/2885 3996/2977/2886
f 3996/2977/2886 584/2976/2885 1474/2978/2887
f 3996/2977/2886 1474/2978/2887 1475/2979/2888
f 1475/2979/2888 1474/2978/2887 536/2980/2889
f 1348/2689/2634 3996/2977/2886 297/2691/2636
f 297/2691/2636 3996/2977/2886 1475/2979/2888
f 584/2976/2885 1476/2981/2890 1474/2978/2887
f 1474/2978/2887 1476/2981/2890 3997/2982/2891
f 1476/2981/2890 537/2983/2892 3997/2982/2891
f 3997/2982/2891 537/2983/2892 1477/2984/2893
f 3997/2982/2891 1477/2984/2893 1478/2985/2894
f 1478/2985/2894 1477/2984/2893 317/2986/2895
f 1474/2978/2887 3997/2982/2891 536/2980/2889
f 536/2980/2889 3997/2982/2891 1478/2985/2894
f 534/2963/2872 1470/2969/2878 1472/2974/2883
f 1472/2974/2883 1470/2969/2878 3998/2987/2896
f 1470/2969/2878 312/2970/2879 3998/2987/2896
f 3998/2987/2896 312/2970/2879 1479/2988/2897
f 3998/2987/2896 1479/2988/2897 1476/2981/2890
f 1476/2981/2890 1479/2988/2897 537/2983/2892
f 1472/2974/2883 3998/2987/2896 584/2976/2885
f 584/2976/2885 3998/2987/2896 1476/2981/2890
f 1475/2979/2888 3999/2989/2898 297/2691/2636
f 297/2691/2636 3999/2989/2898 1358/2713/2654
f 536/2980/2889 1480/2990/2899 1475/2979/2888
f 1475/2979/2888 1480/2990/2899 3999/2989/2898
f 1480/2990/2899 585/2991/2900 3999/2989/2898
f 3999/2989/2898 585/2991/2900 1481/2992/2901
f 3999/2989/2898 1481/2992/2901 1358/2713/2654
f 1358/2713/2654 1481/2992/2901 510/2708/2649
f 1481/2992/2901 4000/2993/2902 510/2708/2649
f 510/2708/2649 4000/2993/2902 1356/2709/2650
f 585/2991/2900 1482/2994/2903 1481/2992/2901
f 1481/2992/2901 1482/2994/2903 4000/2993/2902
f 1482/2994/2903 538/2995/2904 4000/2993/2902
f 4000/2993/2902 538/2995/2904 1483/2996/2905
f 4000/2993/2902 1483/2996/2905 1356/2709/2650
f 1356/2709/2650 1483/2996/2905 298/2710/2651
f 1484/2997/2906 4001/2998/2907 585/2991/2900
f 585/2991/2900 4001/2998/2907 1482/2994/2903
f 1484/2997/2906 539/2999/2908 4001/2998/2907
f 4001/2998/2907 539/2999/2908 1485/3000/2909
f 4001/2998/2907 1485/3000/2909 1486/3001/2910
f 1486/3001/2910 1485/3000/2909 322/3002/2911
f 4001/2998/2907 1486/3001/2910 1482/2994/2903
f 1482/2994/2903 1486/3001/2910 538/2995/2904
f 1478/2985/2894 4002/3003/2912 536/2980/2889
f 536/2980/2889 4002/3003/2912 1480/2990/2899
f 1478/2985/2894 317/2986/2895 4002/3003/2912
f 4002/3003/2912 317/2986/2895 1487/3004/2913
f 4002/3003/2912 1487/3004/2913 1484/2997/2906
f 1484/2997/2906 1487/3004/2913 539/2999/2908
f 4002/3003/2912 1484/2997/2906 1480/2990/2899
f 1480/2990/2899 1484/2997/2906 585/2991/2900
f 298/2710/2651 1483/2996/2905 1366/2733/2670
f 1366/2733/2670 1483/2996/2905 4003/3005/2914
f 1483/2996/2905 538/2995/2904 4003/3005/2914
f 4003/3005/2914 538/2995/2904 1488/3006/2915
f 4003/3005/2914 1488/3006/2915 1489/3007/2916
f 1489/3007/2916 1488/3006/2915 586/3008/2917
f 1366/2733/2670 4003/3005/2914 512/2728/2665
f 512/2728/2665 4003/3005/2914 1489/3007/2916
f 512/2728/2665 1489/3007/2916 1364/2729/2666
f 1364/2729/2666 1489/3007/2916 4004/3009/2918
f 1489/3007/2916 586/3008/2917 4004/3009/2918
f 4004/3009/2918 586/3008/2917 1490/3010/2919
f 4004/3009/2918 1490/3010/2919 1491/3011/2920
f 1491/3011/2920 1490/3010/2919 540/3012/2921
f 1364/2729/2666 4004/3009/2918 299/2731/2668
f 299/2731/2668 4004/3009/2918 1491/3011/2920
f 586/3008/2917 1492/3013/2922 1490/3010/2919
f 1490/3010/2919 1492/3013/2922 4005/3014/2923
f 1492/3013/2922 541/3015/2924 4005/3014/2923
f 4005/3014/2923 541/3015/2924 1493/3016/2925
f 4005/3014/2923 1493/3016/2925 1494/3017/2926
f 1494/3017/2926 1493/3016/2925 327/3018/2927
f 1490/3010/2919 4005/3014/2923 540/3012/2921
f 540/3012/2921 4005/3014/2923 1494/3017/2926
f 538/2995/2904 1486/3001/2910 1488/3006/2915
f 1488/3006/2915 1486/3001/2910 4006/3019/2928
f 1486/3001/2910 322/3002/2911 4006/3019/2928
f 4006/3019/2928 322/3002/2911 1495/3020/2929
f 4006/3019/2928 1495/3020/2929 1492/3013/2922
f 1492/3013/2922 1495/3020/2929 541/3015/2924
f 1488/3006/2915 4006/3019/2928 586/3008/2917
f 586/3008/2917 4006/3019/2928 1492/3013/2922
f 1491/3011/2920 4007/3021/2930 299/2731/2668
f 299/2731/2668 4007/3021/2930 1374/2753/2686
f 540/3012/2921 1496/3022/2931 1491/3011/2920
f 1491/3011/2920 1496/3022/2931 4007/3021/2930
f 1496/3022/2931 587/3023/2932 4007/3021/2930
f 4007/3021/2930 587/3023/2932 1497/3024/2933
f 4007/3021/2930 1497/3024/2933 1374/2753/2686
f 1374/2753/2686 1497/3024/2933 514/2748/2681
f 1497/3024/2933 4008/3025/2934 514/2748/2681
f 514/2748/2681 4008/3025/2934 1372/2749/2682
f 587/3023/2932 1498/3026/2935 1497/3024/2933
f 1497/3024/2933 1498/3026/2935 4008/3025/2934
f 1498/3026/2935 542/3027/2936 4008/3025/2934
f 4008/3025/2934 542/3027/2936 1499/3028/2937
f 4008/3025/2934 1499/3028/2937 1372/2749/2682
f 1372/2749/2682 1499/3028/2937 300/2750/2683
f 1500/3029/2938 4009/3030/2939 587/3023/2932
f 587/3023/2932 4009/3030/2939 1498/3026/2935
f 1500/3029/2938 357/3031/2940 4009/3030/2939
f 4009/3030/2939 357/3031/2940 1501/3032/2941
f 4009/3030/2939 1501/3032/2941 1502/3033/2942
f 1502/3033/2942 1501/3032/2941 332/3034/2943
f 4009/3030/2939 1502/3033/2942 1498/3026/2935
f 1498/3026/2935 1502/3033/2942 542/3027/2936
f 1494/3017/2926 4010/3035/2944 540/3012/2921
f 540/3012/2921 4010/3035/2944 1496/3022/2931
f 1494/3017/2926 327/3018/2927 4010/3035/2944
f 4010/3035/2944 327/3018/2927 1503/3036/2945
f 4010/3035/2944 1503/3036/2945 1500/3029/2938
f 1500/3029/2938 1503/3036/2945 357/3031/2940
f 4010/3035/2944 1500/3029/2938 1496/3022/2931
f 1496/3022/2931 1500/3029/2938 587/3023/2932
f 300/2750/2683 1499/3028/2937 1382/2773/2702
f 1382/2773/2702 1499/3028/2937 4011/3037/2946
f 1499/3028/2937 542/3027/2936 4011/3037/2946
f 4011/3037/2946 542/3027/2936 1504/3038/2947
f 4011/3037/2946 1504/3038/2947 1505/3039/2948
f 1505/3039/2948 1504/3038/2947 588/3040/2949
f 1382/2773/2702 4011/3037/2946 516/2768/2697
f 516/2768/2697 4011/3037/2946 1505/3039/2948
f 516/2768/2697 1505/3039/2948 1380/2769/2698
f 1380/2769/2698 1505/3039/2948 4012/3041/2950
f 1505/3039/2948 588/3040/2949 4012/3041/2950
f 4012/3041/2950 588/3040/2949 1506/3042/2951
f 4012/3041/2950 1506/3042/2951 1507/3043/2952
f 1507/3043/2952 1506/3042/2951 358/3044/2953
f 1380/2769/2698 4012/3041/2950 301/2771/2700
f 301/2771/2700 4012/3041/2950 1507/3043/2952
f 588/3040/2949 1508/3045/2954 1506/3042/2951
f 1506/3042/2951 1508/3045/2954 4013/3046/2955
f 1508/3045/2954 359/3047/2956 4013/3046/2955
f 4013/3046/2955 359/3047/2956 1509/3048/2957
f 4013/3046/2955 1509/3048/2957 1510/3049/2958
f 1510/3049/2958 1509/3048/2957 337/3050/2959
f 1506/3042/2951 4013/3046/2955 358/3044/2953
f 358/3044/2953 4013/3046/2955 1510/3049/2958
f 542/3027/2936 1502/3033/2942 1504/3038/2947
f 1504/3038/2947 1502/3033/2942 4014/3051/2960
f 1502/3033/2942 332/3034/2943 4014/3051/2960
f 4014/3051/2960 332/3034/2943 1511/3052/2961
f 4014/3051/2960 1511/3052/2961 1508/3045/2954
f 1508/3045/2954 1511/3052/2961 359/3047/2956
f 1504/3038/2947 4014/3051/2960 588/3040/2949
f 588/3040/2949 4014/3051/2960 1508/3045/2954
f 1507/3043/2952 4015/3053/2962 301/2771/2700
f 301/2771/2700 4015/3053/2962 1390/2793/2718
f 358/3044/2953 1512/3054/2963 1507/3043/2952
f 1507/3043/2952 1512/3054/2963 4015/3053/2962
f 1512/3054/2963 589/3055/2964 4015/3053/2962
f 4015/3053/2962 589/3055/2964 1513/3056/2965
f 4015/3053/2962 1513/3056/2965 1390/2793/2718
f 1390/2793/2718 1513/3056/2965 518/2788/2713
f 1513/3056/2965 4016/3057/2966 518/2788/2713
f 518/2788/2713 4016/3057/2966 1388/2789/2714
f 589/3055/2964 1514/3058/2967 1513/3056/2965
f 1513/3056/2965 1514/3058/2967 4016/3057/2966
f 1514/3058/2967 360/3059/2968 4016/3057/2966
f 4016/3057/2966 360/3059/2968 1515/3060/2969
f 4016/3057/2966 1515/3060/2969 1388/2789/2714
f 1388/2789/2714 1515/3060/2969 302/2790/2715
f 1516/3061/2970 4017/3062/2971 589/3055/2964
f 589/3055/2964 4017/3062/2971 1514/3058/2967
f 1516/3061/2970 361/3063/2972 4017/3062/2971
f 4017/3062/2971 361/3063/2972 1517/3064/2973
f 4017/3062/2971 1517/3064/2973 1518/3065/2974
f 1518/3065/2974 1517/3064/2973 342/3066/2975
f 4017/3062/2971 1518/3065/2974 1514/3058/2967
f 1514/3058/2967 1518/3065/2974 360/3059/2968
f 1510/3049/2958 4018/3067/2976 358/3044/2953
f 358/3044/2953 4018/3067/2976 1512/3054/2963
f 1510/3049/2958 337/3050/2959 4018/3067/2976
f 4018/3067/2976 337/3050/2959 1519/3068/2977
f 4018/3067/2976 1519/3068/2977 1516/3061/2970
f 1516/3061/2970 1519/3068/2977 361/3063/2972
f 4018/3067/2976 1516/3061/2970 1512/3054/2963
f 1512/3054/2963 1516/3061/2970 589/3055/2964
f 302/2790/2715 1515/3060/2969 1398/2813/2734
f 1398/2813/2734 1515/3060/2969 4019/3069/2978
f 1515/3060/2969 360/3059/2968 4019/3069/2978
f 4019/3069/2978 360/3059/2968 1520/3070/2979
f 4019/3069/2978 1520/3070/2979 1521/3071/2980
f 1521/3071/2980 1520/3070/2979 590/3072/2981
f 1398/2813/2734 4019/3069/2978 520/2808/2729
f 520/2808/2729 4019/3069/2978 1521/3071/2980
f 520/2808/2729 1521/3071/2980 1396/2809/2730
f 1396/2809/2730 1521/3071/2980 4020/3073/2982
f 1521/3071/2980 590/3072/2981 4020/3073/2982
f 4020/3073/2982 590/3072/2981 1522/3074/2983
f 4020/3073/2982 1522/3074/2983 1523/3075/2984
f 1523/3075/2984 1522/3074/2983 347/3076/2985
f 1396/2809/2730 4020/3073/2982 303/2811/2732
f 303/2811/2732 4020/3073/2982 1523/3075/2984
f 1524/3077/2986 4021/3078/2987 590/3072/2981
f 590/3072/2981 4021/3078/2987 1522/3074/2983
f 1525/3079/2988 4021/3078/2987 362/3080/2989
f 362/3080/2989 4021/3078/2987 1524/3077/2986
f 347/3076/2985 1522/3074/2983 1525/3079/2988
f 1525/3079/2988 1522/3074/2983 4021/3078/2987
f 360/3059/2968 1518/3065/2974 1520/3070/2979
f 1520/3070/2979 1518/3065/2974 4022/3081/2990
f 1518/3065/2974 342/3066/2975 4022/3081/2990
f 4022/3081/2990 342/3066/2975 1526/3082/2991
f 4022/3081/2990 1526/3082/2991 1524/3077/2986
f 1524/3077/2986 1526/3082/2991 362/3080/2989
f 1520/3070/2979 4022/3081/2990 590/3072/2981
f 590/3072/2981 4022/3081/2990 1524/3077/2986
f 1523/3075/2984 4023/3083/2992 303/2811/2732
f 303/2811/2732 4023/3083/2992 1406/2833/2750
f 347/3076/2985 1527/3084/2993 1523/3075/2984
f 1523/3075/2984 1527/3084/2993 4023/3083/2992
f 1406/2833/2750 4023/3083/2992 522/2828/2745
f 522/2828/2745 4023/3083/2992 1527/3084/2993
f 1527/3084/2993 4024/3085/2994 522/2828/2745
f 522/2828/2745 4024/3085/2994 1404/2829/2746
f 347/3076/2985 1528/3086/2995 1527/3084/2993
f 1527/3084/2993 1528/3086/2995 4024/3085/2994
f 1528/3086/2995 363/3087/2996 4024/3085/2994
f 4024/3085/2994 363/3087/2996 1529/3088/2997
f 4024/3085/2994 1529/3088/2997 1404/2829/2746
f 1404/2829/2746 1529/3088/2997 304/2830/2747
f 347/3076/2985 1530/3089/2998 1528/3086/2995
f 1528/3086/2995 1530/3089/2998 4025/3090/2999
f 1531/3091/3000 4025/3090/2999 352/3092/3001
f 352/3092/3001 4025/3090/2999 1530/3089/2998
f 1528/3086/2995 4025/3090/2999 363/3087/2996
f 363/3087/2996 4025/3090/2999 1531/3091/3000
f 304/2830/2747 1529/3088/2997 1412/2853/2762
f 1412/2853/2762 1529/3088/2997 4026/3093/3002
f 1529/3088/2997 363/3087/2996 4026/3093/3002
f 4026/3093/3002 363/3087/2996 1532/3094/3003
f 4026/3093/3002 1532/3094/3003 1533/3095/3004
f 1533/3095/3004 1532/3094/3003 307/3096/2866
f 1412/2853/2762 4026/3093/3002 523/2848/2759
f 523/2848/2759 4026/3093/3002 1533/3095/3004
f 1533/3095/3004 4027/3097/3005 523/2848/2759
f 523/2848/2759 4027/3097/3005 1411/2849/2760
f 307/3096/2866 1463/3098/2864 1533/3095/3004
f 1533/3095/3004 1463/3098/2864 4027/3097/3005
f 1411/2849/2760 4027/3097/3005 295/2851/2621
f 295/2851/2621 4027/3097/3005 1463/3098/2864
f 1531/3091/3000 4028/3099/3006 363/3087/2996
f 363/3087/2996 4028/3099/3006 1532/3094/3003
f 1534/3100/3007 4028/3099/3006 352/3092/3001
f 352/3092/3001 4028/3099/3006 1531/3091/3000
f 307/3096/2866 1532/3094/3003 1534/3100/3007
f 1534/3100/3007 1532/3094/3003 4028/3099/3006
f 1535/3101/3008 4029/3102/3009 311/3103/3010
f 311/3103/3010 4029/3102/3009 1538/3104/3011
f 366/3105/3012 1536/3106/3013 1535/3101/3008
f 1535/3101/3008 1536/3106/3013 4029/3102/3009
f 1536/3106/3013 591/3107/3014 4029/3102/3009
f 4029/3102/3009 591/3107/3014 1537/3108/3015
f 4029/3102/3009 1537/3108/3015 1538/3104/3011
f 1538/3104/3011 1537/3108/3015 364/3109/3016
f 1539/3110/3017 4030/3111/3018 316/3112/3019
f 316/3112/3019 4030/3111/3018 1541/3113/3020
f 364/3109/3016 1537/3108/3015 1539/3110/3017
f 1539/3110/3017 1537/3108/3015 4030/3111/3018
f 1537/3108/3015 591/3107/3014 4030/3111/3018
f 4030/3111/3018 591/3107/3014 1540/3114/3021
f 4030/3111/3018 1540/3114/3021 1541/3113/3020
f 1541/3113/3020 1540/3114/3021 365/3115/3022
f 306/3116/3023 1542/3117/3024 1543/3118/3025
f 1543/3118/3025 1542/3117/3024 4031/3119/3026
f 1542/3117/3024 365/3115/3022 4031/3119/3026
f 4031/3119/3026 365/3115/3022 1540/3114/3021
f 4031/3119/3026 1540/3114/3021 1536/3106/3013
f 1536/3106/3013 1540/3114/3021 591/3107/3014
f 1543/3118/3025 4031/3119/3026 366/3105/3012
f 366/3105/3012 4031/3119/3026 1536/3106/3013
f 1541/3120/3020 4032/3121/3027 316/3122/3019
f 316/3122/3019 4032/3121/3027 1546/3123/3028
f 365/3124/3022 1544/3125/3029 1541/3120/3020
f 1541/3120/3020 1544/3125/3029 4032/3121/3027
f 1544/3125/3029 592/3126/3030 4032/3121/3027
f 4032/3121/3027 592/3126/3030 1545/3127/3031
f 4032/3121/3027 1545/3127/3031 1546/3123/3028
f 1546/3123/3028 1545/3127/3031 367/3128/3032
f 1547/3129/3033 4033/3130/3034 321/3131/3035
f 321/3131/3035 4033/3130/3034 1549/3132/3036
f 367/3128/3032 1545/3127/3031 1547/3129/3033
f 1547/3129/3033 1545/3127/3031 4033/3130/3034
f 1545/3127/3031 592/3126/3030 4033/3130/3034
f 4033/3130/3034 592/3126/3030 1548/3133/3037
f 4033/3130/3034 1548/3133/3037 1549/3132/3036
f 1549/3132/3036 1548/3133/3037 368/3134/3038
f 306/3116/3023 1550/3135/3039 1542/3136/3024
f 1542/3136/3024 1550/3135/3039 4034/3137/3040
f 1550/3135/3039 368/3134/3038 4034/3137/3040
f 4034/3137/3040 368/3134/3038 1548/3133/3037
f 4034/3137/3040 1548/3133/3037 1544/3125/3029
f 1544/3125/3029 1548/3133/3037 592/3126/3030
f 1542/3136/3024 4034/3137/3040 365/3124/3022
f 365/3124/3022 4034/3137/3040 1544/3125/3029
f 1549/3138/3036 4035/3139/3041 321/3140/3035
f 321/3140/3035 4035/3139/3041 1553/3141/3042
f 368/3142/3038 1551/3143/3043 1549/3138/3036
f 1549/3138/3036 1551/3143/3043 4035/3139/3041
f 1551/3143/3043 593/3144/3044 4035/3139/3041
f 4035/3139/3041 593/3144/3044 1552/3145/3045
f 4035/3139/3041 1552/3145/3045 1553/3141/3042
f 1553/3141/3042 1552/3145/3045 369/3146/3046
f 1554/3147/3047 4036/3148/3048 326/3149/3049
f 326/3149/3049 4036/3148/3048 1556/3150/3050
f 369/3146/3046 1552/3145/3045 1554/3147/3047
f 1554/3147/3047 1552/3145/3045 4036/3148/3048
f 1552/3145/3045 593/3144/3044 4036/3148/3048
f 4036/3148/3048 593/3144/3044 1555/3151/3051
f 4036/3148/3048 1555/3151/3051 1556/3150/3050
f 1556/3150/3050 1555/3151/3051 370/3152/3052
f 306/3116/3023 1557/3153/3053 1550/3154/3039
f 1550/3154/3039 1557/3153/3053 4037/3155/3054
f 1557/3153/3053 370/3152/3052 4037/3155/3054
f 4037/3155/3054 370/3152/3052 1555/3151/3051
f 4037/3155/3054 1555/3151/3051 1551/3143/3043
f 1551/3143/3043 1555/3151/3051 593/3144/3044
f 1550/3154/3039 4037/3155/3054 368/3142/3038
f 368/3142/3038 4037/3155/3054 1551/3143/3043
f 1556/3156/3050 4038/3157/3055 326/3158/3049
f 326/3158/3049 4038/3157/3055 1560/3159/3056
f 370/3160/3052 1558/3161/3057 1556/3156/3050
f 1556/3156/3050 1558/3161/3057 4038/3157/3055
f 1558/3161/3057 594/3162/3058 4038/3157/3055
f 4038/3157/3055 594/3162/3058 1559/3163/3059
f 4038/3157/3055 1559/3163/3059 1560/3159/3056
f 1560/3159/3056 1559/3163/3059 371/3164/3060
f 1561/3165/3061 4039/3166/3062 331/3167/3063
f 331/3167/3063 4039/3166/3062 1563/3168/3064
f 371/3164/3060 1559/3163/3059 1561/3165/3061
f 1561/3165/3061 1559/3163/3059 4039/3166/3062
f 1559/3163/3059 594/3162/3058 4039/3166/3062
f 4039/3166/3062 594/3162/3058 1562/3169/3065
f 4039/3166/3062 1562/3169/3065 1563/3168/3064
f 1563/3168/3064 1562/3169/3065 372/3170/3066
f 306/3116/3023 1564/3171/3067 1557/3172/3053
f 1557/3172/3053 1564/3171/3067 4040/3173/3068
f 1564/3171/3067 372/3170/3066 4040/3173/3068
f 4040/3173/3068 372/3170/3066 1562/3169/3065
f 4040/3173/3068 1562/3169/3065 1558/3161/3057
f 1558/3161/3057 1562/3169/3065 594/3162/3058
f 1557/3172/3053 4040/3173/3068 370/3160/3052
f 370/3160/3052 4040/3173/3068 1558/3161/3057
f 1563/3174/3064 4041/3175/3069 331/3176/3063
f 331/3176/3063 4041/3175/3069 1567/3177/3070
f 372/3178/3066 1565/3179/3071 1563/3174/3064
f 1563/3174/3064 1565/3179/3071 4041/3175/3069
f 1565/3179/3071 595/3180/3072 4041/3175/3069
f 4041/3175/3069 595/3180/3072 1566/3181/3073
f 4041/3175/3069 1566/3181/3073 1567/3177/3070
f 1567/3177/3070 1566/3181/3073 373/3182/3074
f 1568/3183/3075 4042/3184/3076 336/3185/3077
f 336/3185/3077 4042/3184/3076 1570/3186/3078
f 373/3182/3074 1566/3181/3073 1568/3183/3075
f 1568/3183/3075 1566/3181/3073 4042/3184/3076
f 1566/3181/3073 595/3180/3072 4042/3184/3076
f 4042/3184/3076 595/3180/3072 1569/3187/3079
f 4042/3184/3076 1569/3187/3079 1570/3186/3078
f 1570/3186/3078 1569/3187/3079 374/3188/3080
f 306/3116/3023 1571/3189/3081 1564/3190/3067
f 1564/3190/3067 1571/3189/3081 4043/3191/3082
f 1571/3189/3081 374/3188/3080 4043/3191/3082
f 4043/3191/3082 374/3188/3080 1569/3187/3079
f 4043/3191/3082 1569/3187/3079 1565/3179/3071
f 1565/3179/3071 1569/3187/3079 595/3180/3072
f 1564/3190/3067 4043/3191/3082 372/3178/3066
f 372/3178/3066 4043/3191/3082 1565/3179/3071
f 1570/3192/3078 4044/3193/3083 336/3194/3077
f 336/3194/3077 4044/3193/3083 1574/3195/3084
f 374/3196/3080 1572/3197/3085 1570/3192/3078
f 1570/3192/3078 1572/3197/3085 4044/3193/3083
f 1572/3197/3085 596/3198/3086 4044/3193/3083
f 4044/3193/3083 596/3198/3086 1573/3199/3087
f 4044/3193/3083 1573/3199/3087 1574/3195/3084
f 1574/3195/3084 1573/3199/3087 375/3200/3088
f 1575/3201/3089 4045/3202/3090 341/3203/3091
f 341/3203/3091 4045/3202/3090 1577/3204/3092
f 375/3200/3088 1573/3199/3087 1575/3201/3089
f 1575/3201/3089 1573/3199/3087 4045/3202/3090
f 1573/3199/3087 596/3198/3086 4045/3202/3090
f 4045/3202/3090 596/3198/3086 1576/3205/3093
f 4045/3202/3090 1576/3205/3093 1577/3204/3092
f 1577/3204/3092 1576/3205/3093 376/3206/3094
f 306/3116/3023 1578/3207/3095 1571/3208/3081
f 1571/3208/3081 1578/3207/3095 4046/3209/3096
f 1578/3207/3095 376/3206/3094 4046/3209/3096
f 4046/3209/3096 376/3206/3094 1576/3205/3093
f 4046/3209/3096 1576/3205/3093 1572/3197/3085
f 1572/3197/3085 1576/3205/3093 596/3198/3086
f 1571/3208/3081 4046/3209/3096 374/3196/3080
f 374/3196/3080 4046/3209/3096 1572/3197/3085
f 1577/3210/3092 4047/3211/3097 341/3212/3091
f 341/3212/3091 4047/3211/3097 1581/3213/3098
f 376/3214/3094 1579/3215/3099 1577/3210/3092
f 1577/3210/3092 1579/3215/3099 4047/3211/3097
f 1579/3215/3099 597/3216/3100 4047/3211/3097
f 4047/3211/3097 597/3216/3100 1580/3217/3101
f 4047/3211/3097 1580/3217/3101 1581/3213/3098
f 1581/3213/3098 1580/3217/3101 377/3218/3102
f 1582/3219/3103 4048/3220/3104 346/3221/3105
f 346/3221/3105 4048/3220/3104 1584/3222/3106
f 377/3218/3102 1580/3217/3101 1582/3219/3103
f 1582/3219/3103 1580/3217/3101 4048/3220/3104
f 1580/3217/3101 597/3216/3100 4048/3220/3104
f 4048/3220/3104 597/3216/3100 1583/3223/3107
f 4048/3220/3104 1583/3223/3107 1584/3222/3106
f 1584/3222/3106 1583/3223/3107 378/3224/3108
f 306/3116/3023 1585/3225/3109 1578/3226/3095
f 1578/3226/3095 1585/3225/3109 4049/3227/3110
f 1585/3225/3109 378/3224/3108 4049/3227/3110
f 4049/3227/3110 378/3224/3108 1583/3223/3107
f 4049/3227/3110 1583/3223/3107 1579/3215/3099
f 1579/3215/3099 1583/3223/3107 597/3216/3100
f 1578/3226/3095 4049/3227/3110 376/3214/3094
f 376/3214/3094 4049/3227/3110 1579/3215/3099
f 1584/3228/3106 4050/3229/3111 346/3230/3105
f 346/3230/3105 4050/3229/3111 1588/3231/3112
f 378/3232/3108 1586/3233/3113 1584/3228/3106
f 1584/3228/3106 1586/3233/3113 4050/3229/3111
f 1586/3233/3113 598/3234/3114 4050/3229/3111
f 4050/3229/3111 598/3234/3114 1587/3235/3115
f 4050/3229/3111 1587/3235/3115 1588/3231/3112
f 1588/3231/3112 1587/3235/3115 379/3236/3116
f 1589/3237/3117 4051/3238/3118 351/3239/3119
f 351/3239/3119 4051/3238/3118 1591/3240/3120
f 379/3236/3116 1587/3235/3115 1589/3237/3117
f 1589/3237/3117 1587/3235/3115 4051/3238/3118
f 1587/3235/3115 598/3234/3114 4051/3238/3118
f 4051/3238/3118 598/3234/3114 1590/3241/3121
f 4051/3238/3118 1590/3241/3121 1591/3240/3120
f 1591/3240/3120 1590/3241/3121 380/3242/3122
f 306/3116/3023 1592/3243/3123 1585/3244/3109
f 1585/3244/3109 1592/3243/3123 4052/3245/3124
f 1592/3243/3123 380/3242/3122 4052/3245/3124
f 4052/3245/3124 380/3242/3122 1590/3241/3121
f 4052/3245/3124 1590/3241/3121 1586/3233/3113
f 1586/3233/3113 1590/3241/3121 598/3234/3114
f 1585/3244/3109 4052/3245/3124 378/3232/3108
f 378/3232/3108 4052/3245/3124 1586/3233/3113
f 1591/3246/3120 4053/3247/3125 351/3248/3119
f 351/3248/3119 4053/3247/3125 1595/3249/3126
f 380/3250/3122 1593/3251/3127 1591/3246/3120
f 1591/3246/3120 1593/3251/3127 4053/3247/3125
f 1593/3251/3127 599/3252/3128 4053/3247/3125
f 4053/3247/3125 599/3252/3128 1594/3253/3129
f 4053/3247/3125 1594/3253/3129 1595/3249/3126
f 1595/3249/3126 1594/3253/3129 381/3254/3130
f 1596/3255/3131 4054/3256/3132 356/3257/3133
f 356/3257/3133 4054/3256/3132 1598/3258/3134
f 381/3254/3130 1594/3253/3129 1596/3255/3131
f 1596/3255/3131 1594/3253/3129 4054/3256/3132
f 1594/3253/3129 599/3252/3128 4054/3256/3132
f 4054/3256/3132 599/3252/3128 1597/3259/3135
f 4054/3256/3132 1597/3259/3135 1598/3258/3134
f 1598/3258/3134 1597/3259/3135 382/3260/3136
f 306/3116/3023 1599/3261/3137 1592/3262/3123
f 1592/3262/3123 1599/3261/3137 4055/3263/3138
f 1599/3261/3137 382/3260/3136 4055/3263/3138
f 4055/3263/3138 382/3260/3136 1597/3259/3135
f 4055/3263/3138 1597/3259/3135 1593/3251/3127
f 1593/3251/3127 1597/3259/3135 599/3252/3128
f 1592/3262/3123 4055/3263/3138 380/3250/3122
f 380/3250/3122 4055/3263/3138 1593/3251/3127
f 1598/3264/3134 4056/3265/3139 356/3266/3133
f 356/3266/3133 4056/3265/3139 1602/3267/3140
f 382/3268/3136 1600/3269/3141 1598/3264/3134
f 1598/3264/3134 1600/3269/3141 4056/3265/3139
f 1600/3269/3141 600/3270/3142 4056/3265/3139
f 4056/3265/3139 600/3270/3142 1601/3271/3143
f 4056/3265/3139 1601/3271/3143 1602/3267/3140
f 1602/3267/3140 1601/3271/3143 383/3272/3144
f 1603/3273/3145 4057/3274/3146 311/3275/3010
f 311/3275/3010 4057/3274/3146 1535/3276/3008
f 383/3272/3144 1601/3271/3143 1603/3273/3145
f 1603/3273/3145 1601/3271/3143 4057/3274/3146
f 1601/3271/3143 600/3270/3142 4057/3274/3146
f 4057/3274/3146 600/3270/3142 1604/3277/3147
f 4057/3274/3146 1604/3277/3147 1535/3276/3008
f 1535/3276/3008 1604/3277/3147 366/3278/3012
f 306/3116/3023 1543/3279/3025 1599/3280/3137
f 1599/3280/3137 1543/3279/3025 4058/3281/3148
f 1543/3279/3025 366/3278/3012 4058/3281/3148
f 4058/3281/3148 366/3278/3012 1604/3277/3147
f 4058/3281/3148 1604/3277/3147 1600/3269/3141
f 1600/3269/3141 1604/3277/3147 600/3270/3142
f 1599/3280/3137 4058/3281/3148 382/3268/3136
f 382/3268/3136 4058/3281/3148 1600/3269/3141
f 310/3282/3149 1605/3283/3150 1608/3284/3151
f 1608/3284/3151 1605/3283/3150 4059/3285/3152
f 1605/3283/3150 386/3286/3153 4059/3285/3152
f 4059/3285/3152 386/3286/3153 1606/3287/3154
f 4059/3285/3152 1606/3287/3154 1607/3288/3155
f 1607/3288/3155 1606/3287/3154 601/3289/3156
f 1608/3284/3151 4059/3285/3152 384/3290/3157
f 384/3290/3157 4059/3285/3152 1607/3288/3155
f 1607/3288/3155 4060/3291/3158 384/3290/3157
f 384/3290/3157 4060/3291/3158 1610/3292/3159
f 601/3289/3156 1609/3293/3160 1607/3288/3155
f 1607/3288/3155 1609/3293/3160 4060/3291/3158
f 1609/3293/3160 383/3272/3144 4060/3291/3158
f 4060/3291/3158 383/3272/3144 1603/3273/3145
f 4060/3291/3158 1603/3273/3145 1610/3292/3159
f 1610/3292/3159 1603/3273/3145 311/3275/3010
f 601/3289/3156 1611/3294/3161 1609/3293/3160
f 1609/3293/3160 1611/3294/3161 4061/3295/3162
f 1611/3294/3161 385/3296/3163 4061/3295/3162
f 4061/3295/3162 385/3296/3163 1612/3297/3164
f 4061/3295/3162 1612/3297/3164 1602/3267/3140
f 1602/3267/3140 1612/3297/3164 356/3266/3133
f 1609/3293/3160 4061/3295/3162 383/3272/3144
f 383/3272/3144 4061/3295/3162 1602/3267/3140
f 1613/3298/3165 4062/3299/3166 386/3286/3153
f 386/3286/3153 4062/3299/3166 1606/3287/3154
f 355/3300/3167 1614/3301/3168 1613/3298/3165
f 1613/3298/3165 1614/3301/3168 4062/3299/3166
f 1614/3301/3168 385/3296/3163 4062/3299/3166
f 4062/3299/3166 385/3296/3163 1611/3294/3161
f 4062/3299/3166 1611/3294/3161 1606/3287/3154
f 1606/3287/3154 1611/3294/3161 601/3289/3156
f 309/3302/3169 1615/3303/3170 1618/3304/3171
f 1618/3304/3171 1615/3303/3170 4063/3305/3172
f 1615/3303/3170 389/3306/3173 4063/3305/3172
f 4063/3305/3172 389/3306/3173 1616/3307/3174
f 4063/3305/3172 1616/3307/3174 1617/3308/3175
f 1617/3308/3175 1616/3307/3174 602/3309/3176
f 1618/3304/3171 4063/3305/3172 387/3310/3177
f 387/3310/3177 4063/3305/3172 1617/3308/3175
f 387/3310/3177 1617/3308/3175 1620/3311/3178
f 1620/3311/3178 1617/3308/3175 4064/3312/3179
f 1617/3308/3175 602/3309/3176 4064/3312/3179
f 4064/3312/3179 602/3309/3176 1619/3313/3180
f 4064/3312/3179 1619/3313/3180 1605/3283/3150
f 1605/3283/3150 1619/3313/3180 386/3286/3153
f 1620/3311/3178 4064/3312/3179 310/3282/3149
f 310/3282/3149 4064/3312/3179 1605/3283/3150
f 1621/3314/3181 4065/3315/3182 602/3309/3176
f 602/3309/3176 4065/3315/3182 1619/3313/3180
f 388/3316/3183 1622/3317/3184 1621/3314/3181
f 1621/3314/3181 1622/3317/3184 4065/3315/3182
f 1622/3317/3184 355/3300/3167 4065/3315/3182
f 4065/3315/3182 355/3300/3167 1613/3298/3165
f 4065/3315/3182 1613/3298/3165 1619/3313/3180
f 1619/3313/3180 1613/3298/3165 386/3286/3153
f 1623/3318/3185 4066/3319/3186 389/3306/3173
f 389/3306/3173 4066/3319/3186 1616/3307/3174
f 354/3320/3187 1624/3321/3188 1623/3318/3185
f 1623/3318/3185 1624/3321/3188 4066/3319/3186
f 1624/3321/3188 388/3316/3183 4066/3319/3186
f 4066/3319/3186 388/3316/3183 1621/3314/3181
f 4066/3319/3186 1621/3314/3181 1616/3307/3174
f 1616/3307/3174 1621/3314/3181 602/3309/3176
f 307/3096/2866 1625/3322/3189 1627/3323/3190
f 1627/3323/3190 1625/3322/3189 4067/3324/3191
f 1626/3325/3192 4067/3324/3191 603/3326/3193
f 603/3326/3193 4067/3324/3191 1625/3322/3189
f 1627/3323/3190 4067/3324/3191 390/3327/3194
f 390/3327/3194 4067/3324/3191 1626/3325/3192
f 390/3327/3194 1626/3325/3192 1630/3328/3195
f 1630/3328/3195 1626/3325/3192 4068/3329/3196
f 1626/3325/3192 603/3326/3193 4068/3329/3196
f 4068/3329/3196 603/3326/3193 1628/3330/3197
f 4068/3329/3196 1628/3330/3197 1629/3331/3198
f 1629/3331/3198 1628/3330/3197 391/3332/3199
f 1630/3328/3195 4068/3329/3196 308/3333/3200
f 308/3333/3200 4068/3329/3196 1629/3331/3198
f 603/3326/3193 1631/3334/3201 1628/3330/3197
f 1628/3330/3197 1631/3334/3201 4069/3335/3202
f 1631/3334/3201 392/3336/3203 4069/3335/3202
f 4069/3335/3202 392/3336/3203 1632/3337/3204
f 1632/3337/3204 353/3338/3205 4069/3335/3202
f 4069/3335/3202 353/3338/3205 1633/3339/3206
f 1628/3330/3197 4069/3335/3202 391/3332/3199
f 391/3332/3199 4069/3335/3202 1633/3339/3206
f 307/3096/2866 1534/3100/3007 1625/3322/3189
f 1625/3322/3189 1534/3100/3007 4070/3340/3207
f 1534/3100/3007 352/3092/3001 4070/3340/3207
f 4070/3340/3207 352/3092/3001 1634/3341/3208
f 4070/3340/3207 1634/3341/3208 1631/3334/3201
f 1631/3334/3201 1634/3341/3208 392/3336/3203
f 1625/3322/3189 4070/3340/3207 603/3326/3193
f 603/3326/3193 4070/3340/3207 1631/3334/3201
f 308/3333/3200 1629/3331/3198 1637/3342/3209
f 1637/3342/3209 1629/3331/3198 4071/3343/3210
f 1629/3331/3198 391/3332/3199 4071/3343/3210
f 4071/3343/3210 391/3332/3199 1635/3344/3211
f 4071/3343/3210 1635/3344/3211 1636/3345/3212
f 1636/3345/3212 1635/3344/3211 604/3346/3213
f 1637/3342/3209 4071/3343/3210 393/3347/3214
f 393/3347/3214 4071/3343/3210 1636/3345/3212
f 393/3347/3214 1636/3345/3212 1639/3348/3215
f 1639/3348/3215 1636/3345/3212 4072/3349/3216
f 1636/3345/3212 604/3346/3213 4072/3349/3216
f 4072/3349/3216 604/3346/3213 1638/3350/3217
f 4072/3349/3216 1638/3350/3217 1615/3351/3170
f 1615/3351/3170 1638/3350/3217 389/3352/3173
f 1639/3348/3215 4072/3349/3216 309/3353/3169
f 309/3353/3169 4072/3349/3216 1615/3351/3170
f 1640/3354/3218 4073/3355/3219 604/3346/3213
f 604/3346/3213 4073/3355/3219 1638/3350/3217
f 394/3356/3220 1641/3357/3221 1640/3354/3218
f 1640/3354/3218 1641/3357/3221 4073/3355/3219
f 1641/3357/3221 354/3358/3187 4073/3355/3219
f 4073/3355/3219 354/3358/3187 1623/3359/3185
f 4073/3355/3219 1623/3359/3185 1638/3350/3217
f 1638/3350/3217 1623/3359/3185 389/3352/3173
f 1633/3339/3206 4074/3360/3222 391/3332/3199
f 391/3332/3199 4074/3360/3222 1635/3344/3211
f 353/3338/3205 1642/3361/3223 1633/3339/3206
f 1633/3339/3206 1642/3361/3223 4074/3360/3222
f 1642/3361/3223 394/3356/3220 4074/3360/3222
f 4074/3360/3222 394/3356/3220 1640/3354/3218
f 4074/3360/3222 1640/3354/3218 1635/3344/3211
f 1635/3344/3211 1640/3354/3218 604/3346/3213
f 311/3103/3010 1538/3104/3011 1610/3362/3159
f 1610/3362/3159 1538/3104/3011 4075/3363/3224
f 1538/3104/3011 364/3109/3016 4075/3363/3224
f 4075/3363/3224 364/3109/3016 1643/3364/3225
f 4075/3363/3224 1643/3364/3225 1644/3365/3226
f 1644/3365/3226 1643/3364/3225 605/3366/3227
f 1610/3362/3159 4075/3363/3224 384/3367/3157
f 384/3367/3157 4075/3363/3224 1644/3365/3226
f 1644/3365/3226 4076/3368/3228 384/3367/3157
f 384/3367/3157 4076/3368/3228 1608/3369/3151
f 605/3366/3227 1645/3370/3229 1644/3365/3226
f 1644/3365/3226 1645/3370/3229 4076/3368/3228
f 1645/3370/3229 395/3371/3230 4076/3368/3228
f 4076/3368/3228 395/3371/3230 1646/3372/3231
f 4076/3368/3228 1646/3372/3231 1608/3369/3151
f 1608/3369/3151 1646/3372/3231 310/3373/3149
f 605/3366/3227 1647/3374/3232 1645/3370/3229
f 1645/3370/3229 1647/3374/3232 4077/3375/3233
f 1647/3374/3232 396/3376/3234 4077/3375/3233
f 4077/3375/3233 396/3376/3234 1648/3377/3235
f 4077/3375/3233 1648/3377/3235 1649/3378/3236
f 1649/3378/3236 1648/3377/3235 315/3379/3237
f 1645/3370/3229 4077/3375/3233 395/3371/3230
f 395/3371/3230 4077/3375/3233 1649/3378/3236
f 1539/3110/3017 4078/3380/3238 364/3109/3016
f 364/3109/3016 4078/3380/3238 1643/3364/3225
f 316/3112/3019 1650/3381/3239 1539/3110/3017
f 1539/3110/3017 1650/3381/3239 4078/3380/3238
f 1650/3381/3239 396/3376/3234 4078/3380/3238
f 4078/3380/3238 396/3376/3234 1647/3374/3232
f 4078/3380/3238 1647/3374/3232 1643/3364/3225
f 1643/3364/3225 1647/3374/3232 605/3366/3227
f 1646/3372/3231 4079/3382/3240 310/3373/3149
f 310/3373/3149 4079/3382/3240 1620/3383/3178
f 395/3371/3230 1651/3384/3241 1646/3372/3231
f 1646/3372/3231 1651/3384/3241 4079/3382/3240
f 1651/3384/3241 606/3385/3242 4079/3382/3240
f 4079/3382/3240 606/3385/3242 1652/3386/3243
f 4079/3382/3240 1652/3386/3243 1620/3383/3178
f 1620/3383/3178 1652/3386/3243 387/3387/3177
f 1652/3386/3243 4080/3388/3244 387/3387/3177
f 387/3387/3177 4080/3388/3244 1618/3389/3171
f 606/3385/3242 1653/3390/3245 1652/3386/3243
f 1652/3386/3243 1653/3390/3245 4080/3388/3244
f 1653/3390/3245 397/3391/3246 4080/3388/3244
f 4080/3388/3244 397/3391/3246 1654/3392/3247
f 4080/3388/3244 1654/3392/3247 1618/3389/3171
f 1618/3389/3171 1654/3392/3247 309/3393/3169
f 606/3385/3242 1655/3394/3248 1653/3390/3245
f 1653/3390/3245 1655/3394/3248 4081/3395/3249
f 1655/3394/3248 398/3396/3250 4081/3395/3249
f 4081/3395/3249 398/3396/3250 1656/3397/3251
f 4081/3395/3249 1656/3397/3251 1657/3398/3252
f 1657/3398/3252 1656/3397/3251 314/3399/3253
f 1653/3390/3245 4081/3395/3249 397/3391/3246
f 397/3391/3246 4081/3395/3249 1657/3398/3252
f 395/3371/3230 1649/3378/3236 1651/3384/3241
f 1651/3384/3241 1649/3378/3236 4082/3400/3254
f 1649/3378/3236 315/3379/3237 4082/3400/3254
f 4082/3400/3254 315/3379/3237 1658/3401/3255
f 4082/3400/3254 1658/3401/3255 1655/3394/3248
f 1655/3394/3248 1658/3401/3255 398/3396/3250
f 1651/3384/3241 4082/3400/3254 606/3385/3242
f 606/3385/3242 4082/3400/3254 1655/3394/3248
f 1654/3402/3247 4083/3403/3256 309/3404/3169
f 309/3404/3169 4083/3403/3256 1639/3405/3215
f 397/3406/3246 1659/3407/3257 1654/3402/3247
f 1654/3402/3247 1659/3407/3257 4083/3403/3256
f 1659/3407/3257 607/3408/3258 4083/3403/3256
f 4083/3403/3256 607/3408/3258 1660/3409/3259
f 4083/3403/3256 1660/3409/3259 1639/3405/3215
f 1639/3405/3215 1660/3409/3259 393/3410/3214
f 1660/3409/3259 4084/3411/3260 393/3410/3214
f 393/3410/3214 4084/3411/3260 1637/3412/3209
f 607/3408/3258 1661/3413/3261 1660/3409/3259
f 1660/3409/3259 1661/3413/3261 4084/3411/3260
f 1661/3413/3261 399/3414/3262 4084/3411/3260
f 4084/3411/3260 399/3414/3262 1662/3415/3263
f 4084/3411/3260 1662/3415/3263 1637/3412/3209
f 1637/3412/3209 1662/3415/3263 308/3416/3200
f 607/3408/3258 1663/3417/3264 1661/3413/3261
f 1661/3413/3261 1663/3417/3264 4085/3418/3265
f 1663/3417/3264 400/3419/3266 4085/3418/3265
f 4085/3418/3265 400/3419/3266 1664/3420/3267
f 4085/3418/3265 1664/3420/3267 1665/3421/3268
f 1665/3421/3268 1664/3420/3267 313/3422/3269
f 1661/3413/3261 4085/3418/3265 399/3414/3262
f 399/3414/3262 4085/3418/3265 1665/3421/3268
f 397/3406/3246 1657/3423/3252 1659/3407/3257
f 1659/3407/3257 1657/3423/3252 4086/3424/3270
f 1657/3423/3252 314/3425/3253 4086/3424/3270
f 4086/3424/3270 314/3425/3253 1666/3426/3271
f 4086/3424/3270 1666/3426/3271 1663/3417/3264
f 1663/3417/3264 1666/3426/3271 400/3419/3266
f 1659/3407/3257 4086/3424/3270 607/3408/3258
f 607/3408/3258 4086/3424/3270 1663/3417/3264
f 1662/3415/3263 4087/3427/3272 308/3416/3200
f 308/3416/3200 4087/3427/3272 1630/3428/3195
f 1662/3415/3263 399/3414/3262 4087/3427/3272
f 4087/3427/3272 399/3414/3262 1667/3429/3273
f 1667/3429/3273 608/3430/3274 4087/3427/3272
f 4087/3427/3272 608/3430/3274 1668/3431/3275
f 4087/3427/3272 1668/3431/3275 1630/3428/3195
f 1630/3428/3195 1668/3431/3275 390/3432/3194
f 1668/3431/3275 4088/3433/3276 390/3432/3194
f 390/3432/3194 4088/3433/3276 1627/3434/3190
f 608/3430/3274 1669/3435/3277 1668/3431/3275
f 1668/3431/3275 1669/3435/3277 4088/3433/3276
f 1669/3435/3277 535/2967/2876 4088/3433/3276
f 4088/3433/3276 535/2967/2876 1471/2971/2880
f 4088/3433/3276 1471/2971/2880 1627/3434/3190
f 1627/3434/3190 1471/2971/2880 307/2957/2866
f 1670/3436/3278 4089/3437/3279 608/3430/3274
f 608/3430/3274 4089/3437/3279 1669/3435/3277
f 1670/3436/3278 401/3438/3280 4089/3437/3279
f 4089/3437/3279 401/3438/3280 1671/3439/3281
f 4089/3437/3279 1671/3439/3281 1469/2968/2877
f 1469/2968/2877 1671/3439/3281 312/2970/2879
f 4089/3437/3279 1469/2968/2877 1669/3435/3277
f 1669/3435/3277 1469/2968/2877 535/2967/2876
f 399/3414/3262 1665/3421/3268 1667/3429/3273
f 1667/3429/3273 1665/3421/3268 4090/3440/3282
f 1665/3421/3268 313/3422/3269 4090/3440/3282
f 4090/3440/3282 313/3422/3269 1672/3441/3283
f 4090/3440/3282 1672/3441/3283 1670/3436/3278
f 1670/3436/3278 1672/3441/3283 401/3438/3280
f 4090/3440/3282 1670/3436/3278 1667/3429/3273
f 1667/3429/3273 1670/3436/3278 608/3430/3274
f 316/3122/3019 1546/3123/3028 1650/3442/3239
f 1650/3442/3239 1546/3123/3028 4091/3443/3284
f 1546/3123/3028 367/3128/3032 4091/3443/3284
f 4091/3443/3284 367/3128/3032 1673/3444/3285
f 4091/3443/3284 1673/3444/3285 1674/3445/3286
f 1674/3445/3286 1673/3444/3285 609/3446/3287
f 1650/3442/3239 4091/3443/3284 396/3447/3234
f 396/3447/3234 4091/3443/3284 1674/3445/3286
f 1674/3445/3286 4092/3448/3288 396/3447/3234
f 396/3447/3234 4092/3448/3288 1648/3449/3235
f 609/3446/3287 1675/3450/3289 1674/3445/3286
f 1674/3445/3286 1675/3450/3289 4092/3448/3288
f 1675/3450/3289 402/3451/3290 4092/3448/3288
f 4092/3448/3288 402/3451/3290 1676/3452/3291
f 4092/3448/3288 1676/3452/3291 1648/3449/3235
f 1648/3449/3235 1676/3452/3291 315/3453/3237
f 609/3446/3287 1677/3454/3292 1675/3450/3289
f 1675/3450/3289 1677/3454/3292 4093/3455/3293
f 1677/3454/3292 403/3456/3294 4093/3455/3293
f 4093/3455/3293 403/3456/3294 1678/3457/3295
f 4093/3455/3293 1678/3457/3295 1679/3458/3296
f 1679/3458/3296 1678/3457/3295 320/3459/3297
f 1675/3450/3289 4093/3455/3293 402/3451/3290
f 402/3451/3290 4093/3455/3293 1679/3458/3296
f 1547/3129/3033 4094/3460/3298 367/3128/3032
f 367/3128/3032 4094/3460/3298 1673/3444/3285
f 321/3131/3035 1680/3461/3299 1547/3129/3033
f 1547/3129/3033 1680/3461/3299 4094/3460/3298
f 1680/3461/3299 403/3456/3294 4094/3460/3298
f 4094/3460/3298 403/3456/3294 1677/3454/3292
f 4094/3460/3298 1677/3454/3292 1673/3444/3285
f 1673/3444/3285 1677/3454/3292 609/3446/3287
f 1676/3452/3291 4095/3462/3300 315/3453/3237
f 315/3453/3237 4095/3462/3300 1658/3463/3255
f 402/3451/3290 1681/3464/3301 1676/3452/3291
f 1676/3452/3291 1681/3464/3301 4095/3462/3300
f 1681/3464/3301 610/3465/3302 4095/3462/3300
f 4095/3462/3300 610/3465/3302 1682/3466/3303
f 4095/3462/3300 1682/3466/3303 1658/3463/3255
f 1658/3463/3255 1682/3466/3303 398/3467/3250
f 1682/3466/3303 4096/3468/3304 398/3467/3250
f 398/3467/3250 4096/3468/3304 1656/3469/3251
f 610/3465/3302 1683/3470/3305 1682/3466/3303
f 1682/3466/3303 1683/3470/3305 4096/3468/3304
f 1683/3470/3305 404/3471/3306 4096/3468/3304
f 4096/3468/3304 404/3471/3306 1684/3472/3307
f 4096/3468/3304 1684/3472/3307 1656/3469/3251
f 1656/3469/3251 1684/3472/3307 314/3473/3253
f 610/3465/3302 1685/3474/3308 1683/3470/3305
f 1683/3470/3305 1685/3474/3308 4097/3475/3309
f 1685/3474/3308 405/3476/3310 4097/3475/3309
f 4097/3475/3309 405/3476/3310 1686/3477/3311
f 4097/3475/3309 1686/3477/3311 1687/3478/3312
f 1687/3478/3312 1686/3477/3311 319/3479/3313
f 1683/3470/3305 4097/3475/3309 404/3471/3306
f 404/3471/3306 4097/3475/3309 1687/3478/3312
f 402/3451/3290 1679/3458/3296 1681/3464/3301
f 1681/3464/3301 1679/3458/3296 4098/3480/3314
f 1679/3458/3296 320/3459/3297 4098/3480/3314
f 4098/3480/3314 320/3459/3297 1688/3481/3315
f 4098/3480/3314 1688/3481/3315 1685/3474/3308
f 1685/3474/3308 1688/3481/3315 405/3476/3310
f 1681/3464/3301 4098/3480/3314 610/3465/3302
f 610/3465/3302 4098/3480/3314 1685/3474/3308
f 1684/3482/3307 4099/3483/3316 314/3425/3253
f 314/3425/3253 4099/3483/3316 1666/3426/3271
f 404/3484/3306 1689/3485/3317 1684/3482/3307
f 1684/3482/3307 1689/3485/3317 4099/3483/3316
f 1689/3485/3317 611/3486/3318 4099/3483/3316
f 4099/3483/3316 611/3486/3318 1690/3487/3319
f 4099/3483/3316 1690/3487/3319 1666/3426/3271
f 1666/3426/3271 1690/3487/3319 400/3419/3266
f 1690/3487/3319 4100/3488/3320 400/3419/3266
f 400/3419/3266 4100/3488/3320 1664/3420/3267
f 611/3486/3318 1691/3489/3321 1690/3487/3319
f 1690/3487/3319 1691/3489/3321 4100/3488/3320
f 1691/3489/3321 406/3490/3322 4100/3488/3320
f 4100/3488/3320 406/3490/3322 1692/3491/3323
f 4100/3488/3320 1692/3491/3323 1664/3420/3267
f 1664/3420/3267 1692/3491/3323 313/3422/3269
f 611/3486/3318 1693/3492/3324 1691/3489/3321
f 1691/3489/3321 1693/3492/3324 4101/3493/3325
f 1693/3492/3324 407/3494/3326 4101/3493/3325
f 4101/3493/3325 407/3494/3326 1694/3495/3327
f 4101/3493/3325 1694/3495/3327 1695/3496/3328
f 1695/3496/3328 1694/3495/3327 318/3497/3329
f 1691/3489/3321 4101/3493/3325 406/3490/3322
f 406/3490/3322 4101/3493/3325 1695/3496/3328
f 404/3484/3306 1687/3498/3312 1689/3485/3317
f 1689/3485/3317 1687/3498/3312 4102/3499/3330
f 1687/3498/3312 319/3500/3313 4102/3499/3330
f 4102/3499/3330 319/3500/3313 1696/3501/3331
f 4102/3499/3330 1696/3501/3331 1693/3492/3324
f 1693/3492/3324 1696/3501/3331 407/3494/3326
f 1689/3485/3317 4102/3499/3330 611/3486/3318
f 611/3486/3318 4102/3499/3330 1693/3492/3324
f 1692/3491/3323 4103/3502/3332 313/3422/3269
f 313/3422/3269 4103/3502/3332 1672/3441/3283
f 1692/3491/3323 406/3490/3322 4103/3502/3332
f 4103/3502/3332 406/3490/3322 1697/3503/3333
f 4103/3502/3332 1697/3503/3333 1698/3504/3334
f 1698/3504/3334 1697/3503/3333 612/3505/3335
f 1672/3441/3283 4103/3502/3332 401/3438/3280
f 401/3438/3280 4103/3502/3332 1698/3504/3334
f 401/3438/3280 1698/3504/3334 1671/3439/3281
f 1671/3439/3281 1698/3504/3334 4104/3506/3336
f 1698/3504/3334 612/3505/3335 4104/3506/3336
f 4104/3506/3336 612/3505/3335 1699/3507/3337
f 4104/3506/3336 1699/3507/3337 1479/2988/2897
f 1479/2988/2897 1699/3507/3337 537/2983/2892
f 1671/3439/3281 4104/3506/3336 312/2970/2879
f 312/2970/2879 4104/3506/3336 1479/2988/2897
f 612/3505/3335 1700/3508/3338 1699/3507/3337
f 1699/3507/3337 1700/3508/3338 4105/3509/3339
f 1700/3508/3338 408/3510/3340 4105/3509/3339
f 4105/3509/3339 408/3510/3340 1701/3511/3341
f 4105/3509/3339 1701/3511/3341 1477/2984/2893
f 1477/2984/2893 1701/3511/3341 317/2986/2895
f 1699/3507/3337 4105/3509/3339 537/2983/2892
f 537/2983/2892 4105/3509/3339 1477/2984/2893
f 406/3490/3322 1695/3496/3328 1697/3503/3333
f 1697/3503/3333 1695/3496/3328 4106/3512/3342
f 1695/3496/3328 318/3497/3329 4106/3512/3342
f 4106/3512/3342 318/3497/3329 1702/3513/3343
f 4106/3512/3342 1702/3513/3343 1700/3508/3338
f 1700/3508/3338 1702/3513/3343 408/3510/3340
f 1697/3503/3333 4106/3512/3342 612/3505/3335
f 612/3505/3335 4106/3512/3342 1700/3508/3338
f 321/3140/3035 1553/3141/3042 1680/3514/3299
f 1680/3514/3299 1553/3141/3042 4107/3515/3344
f 1553/3141/3042 369/3146/3046 4107/3515/3344
f 4107/3515/3344 369/3146/3046 1703/3516/3345
f 4107/3515/3344 1703/3516/3345 1704/3517/3346
f 1704/3517/3346 1703/3516/3345 613/3518/3347
f 1680/3514/3299 4107/3515/3344 403/3519/3294
f 403/3519/3294 4107/3515/3344 1704/3517/3346
f 1704/3517/3346 4108/3520/3348 403/3519/3294
f 403/3519/3294 4108/3520/3348 1678/3521/3295
f 613/3518/3347 1705/3522/3349 1704/3517/3346
f 1704/3517/3346 1705/3522/3349 4108/3520/3348
f 1705/3522/3349 409/3523/3350 4108/3520/3348
f 4108/3520/3348 409/3523/3350 1706/3524/3351
f 4108/3520/3348 1706/3524/3351 1678/3521/3295
f 1678/3521/3295 1706/3524/3351 320/3525/3297
f 613/3518/3347 1707/3526/3352 1705/3522/3349
f 1705/3522/3349 1707/3526/3352 4109/3527/3353
f 1707/3526/3352 410/3528/3354 4109/3527/3353
f 4109/3527/3353 410/3528/3354 1708/3529/3355
f 4109/3527/3353 1708/3529/3355 1709/3530/3356
f 1709/3530/3356 1708/3529/3355 325/3531/3357
f 1705/3522/3349 4109/3527/3353 409/3523/3350
f 409/3523/3350 4109/3527/3353 1709/3530/3356
f 1554/3147/3047 4110/3532/3358 369/3146/3046
f 369/3146/3046 4110/3532/3358 1703/3516/3345
f 326/3149/3049 1710/3533/3359 1554/3147/3047
f 1554/3147/3047 1710/3533/3359 4110/3532/3358
f 1710/3533/3359 410/3528/3354 4110/3532/3358
f 4110/3532/3358 410/3528/3354 1707/3526/3352
f 4110/3532/3358 1707/3526/3352 1703/3516/3345
f 1703/3516/3345 1707/3526/3352 613/3518/3347
f 1706/3524/3351 4111/3534/3360 320/3525/3297
f 320/3525/3297 4111/3534/3360 1688/3535/3315
f 409/3523/3350 1711/3536/3361 1706/3524/3351
f 1706/3524/3351 1711/3536/3361 4111/3534/3360
f 1711/3536/3361 614/3537/3362 4111/3534/3360
f 4111/3534/3360 614/3537/3362 1712/3538/3363
f 4111/3534/3360 1712/3538/3363 1688/3535/3315
f 1688/3535/3315 1712/3538/3363 405/3539/3310
f 1712/3538/3363 4112/3540/3364 405/3539/3310
f 405/3539/3310 4112/3540/3364 1686/3541/3311
f 614/3537/3362 1713/3542/3365 1712/3538/3363
f 1712/3538/3363 1713/3542/3365 4112/3540/3364
f 1713/3542/3365 411/3543/3366 4112/3540/3364
f 4112/3540/3364 411/3543/3366 1714/3544/3367
f 4112/3540/3364 1714/3544/3367 1686/3541/3311
f 1686/3541/3311 1714/3544/3367 319/3545/3313
f 614/3537/3362 1715/3546/3368 1713/3542/3365
f 1713/3542/3365 1715/3546/3368 4113/3547/3369
f 1715/3546/3368 412/3548/3370 4113/3547/3369
f 4113/3547/3369 412/3548/3370 1716/3549/3371
f 4113/3547/3369 1716/3549/3371 1717/3550/3372
f 1717/3550/3372 1716/3549/3371 324/3551/3373
f 1713/3542/3365 4113/3547/3369 411/3543/3366
f 411/3543/3366 4113/3547/3369 1717/3550/3372
f 409/3523/3350 1709/3530/3356 1711/3536/3361
f 1711/3536/3361 1709/3530/3356 4114/3552/3374
f 1709/3530/3356 325/3531/3357 4114/3552/3374
f 4114/3552/3374 325/3531/3357 1718/3553/3375
f 4114/3552/3374 1718/3553/3375 1715/3546/3368
f 1715/3546/3368 1718/3553/3375 412/3548/3370
f 1711/3536/3361 4114/3552/3374 614/3537/3362
f 614/3537/3362 4114/3552/3374 1715/3546/3368
f 1714/3554/3367 4115/3555/3376 319/3500/3313
f 319/3500/3313 4115/3555/3376 1696/3501/3331
f 411/3556/3366 1719/3557/3377 1714/3554/3367
f 1714/3554/3367 1719/3557/3377 4115/3555/3376
f 1719/3557/3377 615/3558/3378 4115/3555/3376
f 4115/3555/3376 615/3558/3378 1720/3559/3379
f 4115/3555/3376 1720/3559/3379 1696/3501/3331
f 1696/3501/3331 1720/3559/3379 407/3494/3326
f 1720/3559/3379 4116/3560/3380 407/3494/3326
f 407/3494/3326 4116/3560/3380 1694/3495/3327
f 615/3558/3378 1721/3561/3381 1720/3559/3379
f 1720/3559/3379 1721/3561/3381 4116/3560/3380
f 1721/3561/3381 413/3562/3382 4116/3560/3380
f 4116/3560/3380 413/3562/3382 1722/3563/3383
f 4116/3560/3380 1722/3563/3383 1694/3495/3327
f 1694/3495/3327 1722/3563/3383 318/3497/3329
f 615/3558/3378 1723/3564/3384 1721/3561/3381
f 1721/3561/3381 1723/3564/3384 4117/3565/3385
f 1723/3564/3384 414/3566/3386 4117/3565/3385
f 4117/3565/3385 414/3566/3386 1724/3567/3387
f 4117/3565/3385 1724/3567/3387 1725/3568/3388
f 1725/3568/3388 1724/3567/3387 323/3569/3389
f 1721/3561/3381 4117/3565/3385 413/3562/3382
f 413/3562/3382 4117/3565/3385 1725/3568/3388
f 411/3556/3366 1717/3570/3372 1719/3557/3377
f 1719/3557/3377 1717/3570/3372 4118/3571/3390
f 1717/3570/3372 324/3572/3373 4118/3571/3390
f 4118/3571/3390 324/3572/3373 1726/3573/3391
f 4118/3571/3390 1726/3573/3391 1723/3564/3384
f 1723/3564/3384 1726/3573/3391 414/3566/3386
f 1719/3557/3377 4118/3571/3390 615/3558/3378
f 615/3558/3378 4118/3571/3390 1723/3564/3384
f 1722/3563/3383 4119/3574/3392 318/3497/3329
f 318/3497/3329 4119/3574/3392 1702/3513/3343
f 1722/3563/3383 413/3562/3382 4119/3574/3392
f 4119/3574/3392 413/3562/3382 1727/3575/3393
f 4119/3574/3392 1727/3575/3393 1728/3576/3394
f 1728/3576/3394 1727/3575/3393 616/3577/3395
f 1702/3513/3343 4119/3574/3392 408/3510/3340
f 408/3510/3340 4119/3574/3392 1728/3576/3394
f 408/3510/3340 1728/3576/3394 1701/3511/3341
f 1701/3511/3341 1728/3576/3394 4120/3578/3396
f 1728/3576/3394 616/3577/3395 4120/3578/3396
f 4120/3578/3396 616/3577/3395 1729/3579/3397
f 4120/3578/3396 1729/3579/3397 1487/3004/2913
f 1487/3004/2913 1729/3579/3397 539/2999/2908
f 1701/3511/3341 4120/3578/3396 317/2986/2895
f 317/2986/2895 4120/3578/3396 1487/3004/2913
f 616/3577/3395 1730/3580/3398 1729/3579/3397
f 1729/3579/3397 1730/3580/3398 4121/3581/3399
f 1730/3580/3398 415/3582/3400 4121/3581/3399
f 4121/3581/3399 415/3582/3400 1731/3583/3401
f 4121/3581/3399 1731/3583/3401 1485/3000/2909
f 1485/3000/2909 1731/3583/3401 322/3002/2911
f 1729/3579/3397 4121/3581/3399 539/2999/2908
f 539/2999/2908 4121/3581/3399 1485/3000/2909
f 413/3562/3382 1725/3568/3388 1727/3575/3393
f 1727/3575/3393 1725/3568/3388 4122/3584/3402
f 1725/3568/3388 323/3569/3389 4122/3584/3402
f 4122/3584/3402 323/3569/3389 1732/3585/3403
f 4122/3584/3402 1732/3585/3403 1730/3580/3398
f 1730/3580/3398 1732/3585/3403 415/3582/3400
f 1727/3575/3393 4122/3584/3402 616/3577/3395
f 616/3577/3395 4122/3584/3402 1730/3580/3398
f 326/3158/3049 1560/3159/3056 1710/3586/3359
f 1710/3586/3359 1560/3159/3056 4123/3587/3404
f 1560/3159/3056 371/3164/3060 4123/3587/3404
f 4123/3587/3404 371/3164/3060 1733/3588/3405
f 4123/3587/3404 1733/3588/3405 1734/3589/3406
f 1734/3589/3406 1733/3588/3405 617/3590/3407
f 1710/3586/3359 4123/3587/3404 410/3591/3354
f 410/3591/3354 4123/3587/3404 1734/3589/3406
f 1734/3589/3406 4124/3592/3408 410/3591/3354
f 410/3591/3354 4124/3592/3408 1708/3593/3355
f 617/3590/3407 1735/3594/3409 1734/3589/3406
f 1734/3589/3406 1735/3594/3409 4124/3592/3408
f 1735/3594/3409 416/3595/3410 4124/3592/3408
f 4124/3592/3408 416/3595/3410 1736/3596/3411
f 4124/3592/3408 1736/3596/3411 1708/3593/3355
f 1708/3593/3355 1736/3596/3411 325/3597/3357
f 617/3590/3407 1737/3598/3412 1735/3594/3409
f 1735/3594/3409 1737/3598/3412 4125/3599/3413
f 1737/3598/3412 417/3600/3414 4125/3599/3413
f 4125/3599/3413 417/3600/3414 1738/3601/3415
f 4125/3599/3413 1738/3601/3415 1739/3602/3416
f 1739/3602/3416 1738/3601/3415 330/3603/3417
f 1735/3594/3409 4125/3599/3413 416/3595/3410
f 416/3595/3410 4125/3599/3413 1739/3602/3416
f 1561/3165/3061 4126/3604/3418 371/3164/3060
f 371/3164/3060 4126/3604/3418 1733/3588/3405
f 331/3167/3063 1740/3605/3419 1561/3165/3061
f 1561/3165/3061 1740/3605/3419 4126/3604/3418
f 1740/3605/3419 417/3600/3414 4126/3604/3418
f 4126/3604/3418 417/3600/3414 1737/3598/3412
f 4126/3604/3418 1737/3598/3412 1733/3588/3405
f 1733/3588/3405 1737/3598/3412 617/3590/3407
f 1736/3596/3411 4127/3606/3420 325/3597/3357
f 325/3597/3357 4127/3606/3420 1718/3607/3375
f 416/3595/3410 1741/3608/3421 1736/3596/3411
f 1736/3596/3411 1741/3608/3421 4127/3606/3420
f 1741/3608/3421 618/3609/3422 4127/3606/3420
f 4127/3606/3420 618/3609/3422 1742/3610/3423
f 4127/3606/3420 1742/3610/3423 1718/3607/3375
f 1718/3607/3375 1742/3610/3423 412/3611/3370
f 1742/3610/3423 4128/3612/3424 412/3611/3370
f 412/3611/3370 4128/3612/3424 1716/3613/3371
f 618/3609/3422 1743/3614/3425 1742/3610/3423
f 1742/3610/3423 1743/3614/3425 4128/3612/3424
f 1743/3614/3425 418/3615/3426 4128/3612/3424
f 4128/3612/3424 418/3615/3426 1744/3616/3427
f 4128/3612/3424 1744/3616/3427 1716/3613/3371
f 1716/3613/3371 1744/3616/3427 324/3617/3373
f 618/3609/3422 1745/3618/3428 1743/3614/3425
f 1743/3614/3425 1745/3618/3428 4129/3619/3429
f 1745/3618/3428 419/3620/3430 4129/3619/3429
f 4129/3619/3429 419/3620/3430 1746/3621/3431
f 4129/3619/3429 1746/3621/3431 1747/3622/3432
f 1747/3622/3432 1746/3621/3431 329/3623/3433
f 1743/3614/3425 4129/3619/3429 418/3615/3426
f 418/3615/3426 4129/3619/3429 1747/3622/3432
f 416/3595/3410 1739/3602/3416 1741/3608/3421
f 1741/3608/3421 1739/3602/3416 4130/3624/3434
f 1739/3602/3416 330/3603/3417 4130/3624/3434
f 4130/3624/3434 330/3603/3417 1748/3625/3435
f 4130/3624/3434 1748/3625/3435 1745/3618/3428
f 1745/3618/3428 1748/3625/3435 419/3620/3430
f 1741/3608/3421 4130/3624/3434 618/3609/3422
f 618/3609/3422 4130/3624/3434 1745/3618/3428
f 1744/3626/3427 4131/3627/3436 324/3572/3373
f 324/3572/3373 4131/3627/3436 1726/3573/3391
f 418/3628/3426 1749/3629/3437 1744/3626/3427
f 1744/3626/3427 1749/3629/3437 4131/3627/3436
f 1749/3629/3437 619/3630/3438 4131/3627/3436
f 4131/3627/3436 619/3630/3438 1750/3631/3439
f 4131/3627/3436 1750/3631/3439 1726/3573/3391
f 1726/3573/3391 1750/3631/3439 414/3566/3386
f 1750/3631/3439 4132/3632/3440 414/3566/3386
f 414/3566/3386 4132/3632/3440 1724/3567/3387
f 619/3630/3438 1751/3633/3441 1750/3631/3439
f 1750/3631/3439 1751/3633/3441 4132/3632/3440
f 1751/3633/3441 420/3634/3442 4132/3632/3440
f 4132/3632/3440 420/3634/3442 1752/3635/3443
f 4132/3632/3440 1752/3635/3443 1724/3567/3387
f 1724/3567/3387 1752/3635/3443 323/3569/3389
f 619/3630/3438 1753/3636/3444 1751/3633/3441
f 1751/3633/3441 1753/3636/3444 4133/3637/3445
f 1753/3636/3444 421/3638/3446 4133/3637/3445
f 4133/3637/3445 421/3638/3446 1754/3639/3447
f 4133/3637/3445 1754/3639/3447 1755/3640/3448
f 1755/3640/3448 1754/3639/3447 328/3641/3449
f 1751/3633/3441 4133/3637/3445 420/3634/3442
f 420/3634/3442 4133/3637/3445 1755/3640/3448
f 418/3628/3426 1747/3642/3432 1749/3629/3437
f 1749/3629/3437 1747/3642/3432 4134/3643/3450
f 1747/3642/3432 329/3644/3433 4134/3643/3450
f 4134/3643/3450 329/3644/3433 1756/3645/3451
f 4134/3643/3450 1756/3645/3451 1753/3636/3444
f 1753/3636/3444 1756/3645/3451 421/3638/3446
f 1749/3629/3437 4134/3643/3450 619/3630/3438
f 619/3630/3438 4134/3643/3450 1753/3636/3444
f 1752/3635/3443 4135/3646/3452 323/3569/3389
f 323/3569/3389 4135/3646/3452 1732/3585/3403
f 1752/3635/3443 420/3634/3442 4135/3646/3452
f 4135/3646/3452 420/3634/3442 1757/3647/3453
f 4135/3646/3452 1757/3647/3453 1758/3648/3454
f 1758/3648/3454 1757/3647/3453 620/3649/3455
f 1732/3585/3403 4135/3646/3452 415/3582/3400
f 415/3582/3400 4135/3646/3452 1758/3648/3454
f 415/3582/3400 1758/3648/3454 1731/3583/3401
f 1731/3583/3401 1758/3648/3454 4136/3650/3456
f 1758/3648/3454 620/3649/3455 4136/3650/3456
f 4136/3650/3456 620/3649/3455 1759/3651/3457
f 4136/3650/3456 1759/3651/3457 1495/3020/2929
f 1495/3020/2929 1759/3651/3457 541/3015/2924
f 1731/3583/3401 4136/3650/3456 322/3002/2911
f 322/3002/2911 4136/3650/3456 1495/3020/2929
f 620/3649/3455 1760/3652/3458 1759/3651/3457
f 1759/3651/3457 1760/3652/3458 4137/3653/3459
f 1760/3652/3458 422/3654/3460 4137/3653/3459
f 4137/3653/3459 422/3654/3460 1761/3655/3461
f 4137/3653/3459 1761/3655/3461 1493/3016/2925
f 1493/3016/2925 1761/3655/3461 327/3018/2927
f 1759/3651/3457 4137/3653/3459 541/3015/2924
f 541/3015/2924 4137/3653/3459 1493/3016/2925
f 420/3634/3442 1755/3640/3448 1757/3647/3453
f 1757/3647/3453 1755/3640/3448 4138/3656/3462
f 1755/3640/3448 328/3641/3449 4138/3656/3462
f 4138/3656/3462 328/3641/3449 1762/3657/3463
f 4138/3656/3462 1762/3657/3463 1760/3652/3458
f 1760/3652/3458 1762/3657/3463 422/3654/3460
f 1757/3647/3453 4138/3656/3462 620/3649/3455
f 620/3649/3455 4138/3656/3462 1760/3652/3458
f 331/3176/3063 1567/3177/3070 1740/3658/3419
f 1740/3658/3419 1567/3177/3070 4139/3659/3464
f 1567/3177/3070 373/3182/3074 4139/3659/3464
f 4139/3659/3464 373/3182/3074 1763/3660/3465
f 4139/3659/3464 1763/3660/3465 1764/3661/3466
f 1764/3661/3466 1763/3660/3465 621/3662/3467
f 1740/3658/3419 4139/3659/3464 417/3663/3414
f 417/3663/3414 4139/3659/3464 1764/3661/3466
f 1764/3661/3466 4140/3664/3468 417/3663/3414
f 417/3663/3414 4140/3664/3468 1738/3665/3415
f 621/3662/3467 1765/3666/3469 1764/3661/3466
f 1764/3661/3466 1765/3666/3469 4140/3664/3468
f 1765/3666/3469 423/3667/3470 4140/3664/3468
f 4140/3664/3468 423/3667/3470 1766/3668/3471
f 4140/3664/3468 1766/3668/3471 1738/3665/3415
f 1738/3665/3415 1766/3668/3471 330/3669/3417
f 621/3662/3467 1767/3670/3472 1765/3666/3469
f 1765/3666/3469 1767/3670/3472 4141/3671/3473
f 1767/3670/3472 424/3672/3474 4141/3671/3473
f 4141/3671/3473 424/3672/3474 1768/3673/3475
f 4141/3671/3473 1768/3673/3475 1769/3674/3476
f 1769/3674/3476 1768/3673/3475 335/3675/3477
f 1765/3666/3469 4141/3671/3473 423/3667/3470
f 423/3667/3470 4141/3671/3473 1769/3674/3476
f 1568/3183/3075 4142/3676/3478 373/3182/3074
f 373/3182/3074 4142/3676/3478 1763/3660/3465
f 336/3185/3077 1770/3677/3479 1568/3183/3075
f 1568/3183/3075 1770/3677/3479 4142/3676/3478
f 1770/3677/3479 424/3672/3474 4142/3676/3478
f 4142/3676/3478 424/3672/3474 1767/3670/3472
f 4142/3676/3478 1767/3670/3472 1763/3660/3465
f 1763/3660/3465 1767/3670/3472 621/3662/3467
f 1766/3668/3471 4143/3678/3480 330/3669/3417
f 330/3669/3417 4143/3678/3480 1748/3679/3435
f 423/3667/3470 1771/3680/3481 1766/3668/3471
f 1766/3668/3471 1771/3680/3481 4143/3678/3480
f 1771/3680/3481 622/3681/3482 4143/3678/3480
f 4143/3678/3480 622/3681/3482 1772/3682/3483
f 4143/3678/3480 1772/3682/3483 1748/3679/3435
f 1748/3679/3435 1772/3682/3483 419/3683/3430
f 1772/3682/3483 4144/3684/3484 419/3683/3430
f 419/3683/3430 4144/3684/3484 1746/3685/3431
f 622/3681/3482 1773/3686/3485 1772/3682/3483
f 1772/3682/3483 1773/3686/3485 4144/3684/3484
f 1773/3686/3485 425/3687/3486 4144/3684/3484
f 4144/3684/3484 425/3687/3486 1774/3688/3487
f 4144/3684/3484 1774/3688/3487 1746/3685/3431
f 1746/3685/3431 1774/3688/3487 329/3689/3433
f 622/3681/3482 1775/3690/3488 1773/3686/3485
f 1773/3686/3485 1775/3690/3488 4145/3691/3489
f 1775/3690/3488 426/3692/3490 4145/3691/3489
f 4145/3691/3489 426/3692/3490 1776/3693/3491
f 4145/3691/3489 1776/3693/3491 1777/3694/3492
f 1777/3694/3492 1776/3693/3491 334/3695/3493
f 1773/3686/3485 4145/3691/3489 425/3687/3486
f 425/3687/3486 4145/3691/3489 1777/3694/3492
f 423/3667/3470 1769/3674/3476 1771/3680/3481
f 1771/3680/3481 1769/3674/3476 4146/3696/3494
f 1769/3674/3476 335/3675/3477 4146/3696/3494
f 4146/3696/3494 335/3675/3477 1778/3697/3495
f 4146/3696/3494 1778/3697/3495 1775/3690/3488
f 1775/3690/3488 1778/3697/3495 426/3692/3490
f 1771/3680/3481 4146/3696/3494 622/3681/3482
f 622/3681/3482 4146/3696/3494 1775/3690/3488
f 1774/3698/3487 4147/3699/3496 329/3644/3433
f 329/3644/3433 4147/3699/3496 1756/3645/3451
f 425/3700/3486 1779/3701/3497 1774/3698/3487
f 1774/3698/3487 1779/3701/3497 4147/3699/3496
f 1779/3701/3497 623/3702/3498 4147/3699/3496
f 4147/3699/3496 623/3702/3498 1780/3703/3499
f 4147/3699/3496 1780/3703/3499 1756/3645/3451
f 1756/3645/3451 1780/3703/3499 421/3638/3446
f 1780/3703/3499 4148/3704/3500 421/3638/3446
f 421/3638/3446 4148/3704/3500 1754/3639/3447
f 623/3702/3498 1781/3705/3501 1780/3703/3499
f 1780/3703/3499 1781/3705/3501 4148/3704/3500
f 1781/3705/3501 427/3706/3502 4148/3704/3500
f 4148/3704/3500 427/3706/3502 1782/3707/3503
f 4148/3704/3500 1782/3707/3503 1754/3639/3447
f 1754/3639/3447 1782/3707/3503 328/3641/3449
f 623/3702/3498 1783/3708/3504 1781/3705/3501
f 1781/3705/3501 1783/3708/3504 4149/3709/3505
f 1783/3708/3504 428/3710/3506 4149/3709/3505
f 4149/3709/3505 428/3710/3506 1784/3711/3507
f 4149/3709/3505 1784/3711/3507 1785/3712/3508
f 1785/3712/3508 1784/3711/3507 333/3713/3509
f 1781/3705/3501 4149/3709/3505 427/3706/3502
f 427/3706/3502 4149/3709/3505 1785/3712/3508
f 425/3700/3486 1777/3714/3492 1779/3701/3497
f 1779/3701/3497 1777/3714/3492 4150/3715/3510
f 1777/3714/3492 334/3716/3493 4150/3715/3510
f 4150/3715/3510 334/3716/3493 1786/3717/3511
f 4150/3715/3510 1786/3717/3511 1783/3708/3504
f 1783/3708/3504 1786/3717/3511 428/3710/3506
f 1779/3701/3497 4150/3715/3510 623/3702/3498
f 623/3702/3498 4150/3715/3510 1783/3708/3504
f 1782/3707/3503 4151/3718/3512 328/3641/3449
f 328/3641/3449 4151/3718/3512 1762/3657/3463
f 1782/3707/3503 427/3706/3502 4151/3718/3512
f 4151/3718/3512 427/3706/3502 1787/3719/3513
f 4151/3718/3512 1787/3719/3513 1788/3720/3514
f 1788/3720/3514 1787/3719/3513 624/3721/3515
f 1762/3657/3463 4151/3718/3512 422/3654/3460
f 422/3654/3460 4151/3718/3512 1788/3720/3514
f 422/3654/3460 1788/3720/3514 1761/3655/3461
f 1761/3655/3461 1788/3720/3514 4152/3722/3516
f 1788/3720/3514 624/3721/3515 4152/3722/3516
f 4152/3722/3516 624/3721/3515 1789/3723/3517
f 4152/3722/3516 1789/3723/3517 1503/3036/2945
f 1503/3036/2945 1789/3723/3517 357/3031/2940
f 1761/3655/3461 4152/3722/3516 327/3018/2927
f 327/3018/2927 4152/3722/3516 1503/3036/2945
f 624/3721/3515 1790/3724/3518 1789/3723/3517
f 1789/3723/3517 1790/3724/3518 4153/3725/3519
f 1790/3724/3518 429/3726/3520 4153/3725/3519
f 4153/3725/3519 429/3726/3520 1791/3727/3521
f 4153/3725/3519 1791/3727/3521 1501/3032/2941
f 1501/3032/2941 1791/3727/3521 332/3034/2943
f 1789/3723/3517 4153/3725/3519 357/3031/2940
f 357/3031/2940 4153/3725/3519 1501/3032/2941
f 427/3706/3502 1785/3712/3508 1787/3719/3513
f 1787/3719/3513 1785/3712/3508 4154/3728/3522
f 1785/3712/3508 333/3713/3509 4154/3728/3522
f 4154/3728/3522 333/3713/3509 1792/3729/3523
f 4154/3728/3522 1792/3729/3523 1790/3724/3518
f 1790/3724/3518 1792/3729/3523 429/3726/3520
f 1787/3719/3513 4154/3728/3522 624/3721/3515
f 624/3721/3515 4154/3728/3522 1790/3724/3518
f 336/3194/3077 1574/3195/3084 1770/3730/3479
f 1770/3730/3479 1574/3195/3084 4155/3731/3524
f 1574/3195/3084 375/3200/3088 4155/3731/3524
f 4155/3731/3524 375/3200/3088 1793/3732/3525
f 4155/3731/3524 1793/3732/3525 1794/3733/3526
f 1794/3733/3526 1793/3732/3525 625/3734/3527
f 1770/3730/3479 4155/3731/3524 424/3735/3474
f 424/3735/3474 4155/3731/3524 1794/3733/3526
f 1794/3733/3526 4156/3736/3528 424/3735/3474
f 424/3735/3474 4156/3736/3528 1768/3737/3475
f 625/3734/3527 1795/3738/3529 1794/3733/3526
f 1794/3733/3526 1795/3738/3529 4156/3736/3528
f 1795/3738/3529 430/3739/3530 4156/3736/3528
f 4156/3736/3528 430/3739/3530 1796/3740/3531
f 4156/3736/3528 1796/3740/3531 1768/3737/3475
f 1768/3737/3475 1796/3740/3531 335/3741/3477
f 625/3734/3527 1797/3742/3532 1795/3738/3529
f 1795/3738/3529 1797/3742/3532 4157/3743/3533
f 1797/3742/3532 431/3744/3534 4157/3743/3533
f 4157/3743/3533 431/3744/3534 1798/3745/3535
f 4157/3743/3533 1798/3745/3535 1799/3746/3536
f 1799/3746/3536 1798/3745/3535 340/3747/3537
f 1795/3738/3529 4157/3743/3533 430/3739/3530
f 430/3739/3530 4157/3743/3533 1799/3746/3536
f 1575/3201/3089 4158/3748/3538 375/3200/3088
f 375/3200/3088 4158/3748/3538 1793/3732/3525
f 341/3203/3091 1800/3749/3539 1575/3201/3089
f 1575/3201/3089 1800/3749/3539 4158/3748/3538
f 1800/3749/3539 431/3744/3534 4158/3748/3538
f 4158/3748/3538 431/3744/3534 1797/3742/3532
f 4158/3748/3538 1797/3742/3532 1793/3732/3525
f 1793/3732/3525 1797/3742/3532 625/3734/3527
f 1796/3740/3531 4159/3750/3540 335/3741/3477
f 335/3741/3477 4159/3750/3540 1778/3751/3495
f 430/3739/3530 1801/3752/3541 1796/3740/3531
f 1796/3740/3531 1801/3752/3541 4159/3750/3540
f 1801/3752/3541 626/3753/3542 4159/3750/3540
f 4159/3750/3540 626/3753/3542 1802/3754/3543
f 4159/3750/3540 1802/3754/3543 1778/3751/3495
f 1778/3751/3495 1802/3754/3543 426/3755/3490
f 1802/3754/3543 4160/3756/3544 426/3755/3490
f 426/3755/3490 4160/3756/3544 1776/3757/3491
f 626/3753/3542 1803/3758/3545 1802/3754/3543
f 1802/3754/3543 1803/3758/3545 4160/3756/3544
f 1803/3758/3545 432/3759/3546 4160/3756/3544
f 4160/3756/3544 432/3759/3546 1804/3760/3547
f 4160/3756/3544 1804/3760/3547 1776/3757/3491
f 1776/3757/3491 1804/3760/3547 334/3761/3493
f 626/3753/3542 1805/3762/3548 1803/3758/3545
f 1803/3758/3545 1805/3762/3548 4161/3763/3549
f 1805/3762/3548 433/3764/3550 4161/3763/3549
f 4161/3763/3549 433/3764/3550 1806/3765/3551
f 4161/3763/3549 1806/3765/3551 1807/3766/3552
f 1807/3766/3552 1806/3765/3551 339/3767/3553
f 1803/3758/3545 4161/3763/3549 432/3759/3546
f 432/3759/3546 4161/3763/3549 1807/3766/3552
f 430/3739/3530 1799/3746/3536 1801/3752/3541
f 1801/3752/3541 1799/3746/3536 4162/3768/3554
f 1799/3746/3536 340/3747/3537 4162/3768/3554
f 4162/3768/3554 340/3747/3537 1808/3769/3555
f 4162/3768/3554 1808/3769/3555 1805/3762/3548
f 1805/3762/3548 1808/3769/3555 433/3764/3550
f 1801/3752/3541 4162/3768/3554 626/3753/3542
f 626/3753/3542 4162/3768/3554 1805/3762/3548
f 1804/3770/3547 4163/3771/3556 334/3716/3493
f 334/3716/3493 4163/3771/3556 1786/3717/3511
f 432/3772/3546 1809/3773/3557 1804/3770/3547
f 1804/3770/3547 1809/3773/3557 4163/3771/3556
f 1809/3773/3557 627/3774/3558 4163/3771/3556
f 4163/3771/3556 627/3774/3558 1810/3775/3559
f 4163/3771/3556 1810/3775/3559 1786/3717/3511
f 1786/3717/3511 1810/3775/3559 428/3710/3506
f 1810/3775/3559 4164/3776/3560 428/3710/3506
f 428/3710/3506 4164/3776/3560 1784/3711/3507
f 627/3774/3558 1811/3777/3561 1810/3775/3559
f 1810/3775/3559 1811/3777/3561 4164/3776/3560
f 1811/3777/3561 434/3778/3562 4164/3776/3560
f 4164/3776/3560 434/3778/3562 1812/3779/3563
f 4164/3776/3560 1812/3779/3563 1784/3711/3507
f 1784/3711/3507 1812/3779/3563 333/3713/3509
f 627/3774/3558 1813/3780/3564 1811/3777/3561
f 1811/3777/3561 1813/3780/3564 4165/3781/3565
f 1813/3780/3564 435/3782/3566 4165/3781/3565
f 4165/3781/3565 435/3782/3566 1814/3783/3567
f 4165/3781/3565 1814/3783/3567 1815/3784/3568
f 1815/3784/3568 1814/3783/3567 338/3785/3569
f 1811/3777/3561 4165/3781/3565 434/3778/3562
f 434/3778/3562 4165/3781/3565 1815/3784/3568
f 432/3772/3546 1807/3786/3552 1809/3773/3557
f 1809/3773/3557 1807/3786/3552 4166/3787/3570
f 1807/3786/3552 339/3788/3553 4166/3787/3570
f 4166/3787/3570 339/3788/3553 1816/3789/3571
f 4166/3787/3570 1816/3789/3571 1813/3780/3564
f 1813/3780/3564 1816/3789/3571 435/3782/3566
f 1809/3773/3557 4166/3787/3570 627/3774/3558
f 627/3774/3558 4166/3787/3570 1813/3780/3564
f 1812/3779/3563 4167/3790/3572 333/3713/3509
f 333/3713/3509 4167/3790/3572 1792/3729/3523
f 1812/3779/3563 434/3778/3562 4167/3790/3572
f 4167/3790/3572 434/3778/3562 1817/3791/3573
f 4167/3790/3572 1817/3791/3573 1818/3792/3574
f 1818/3792/3574 1817/3791/3573 628/3793/3575
f 1792/3729/3523 4167/3790/3572 429/3726/3520
f 429/3726/3520 4167/3790/3572 1818/3792/3574
f 429/3726/3520 1818/3792/3574 1791/3727/3521
f 1791/3727/3521 1818/3792/3574 4168/3794/3576
f 1818/3792/3574 628/3793/3575 4168/3794/3576
f 4168/3794/3576 628/3793/3575 1819/3795/3577
f 4168/3794/3576 1819/3795/3577 1511/3052/2961
f 1511/3052/2961 1819/3795/3577 359/3047/2956
f 1791/3727/3521 4168/3794/3576 332/3034/2943
f 332/3034/2943 4168/3794/3576 1511/3052/2961
f 628/3793/3575 1820/3796/3578 1819/3795/3577
f 1819/3795/3577 1820/3796/3578 4169/3797/3579
f 1820/3796/3578 436/3798/3580 4169/3797/3579
f 4169/3797/3579 436/3798/3580 1821/3799/3581
f 4169/3797/3579 1821/3799/3581 1509/3048/2957
f 1509/3048/2957 1821/3799/3581 337/3050/2959
f 1819/3795/3577 4169/3797/3579 359/3047/2956
f 359/3047/2956 4169/3797/3579 1509/3048/2957
f 434/3778/3562 1815/3784/3568 1817/3791/3573
f 1817/3791/3573 1815/3784/3568 4170/3800/3582
f 1815/3784/3568 338/3785/3569 4170/3800/3582
f 4170/3800/3582 338/3785/3569 1822/3801/3583
f 4170/3800/3582 1822/3801/3583 1820/3796/3578
f 1820/3796/3578 1822/3801/3583 436/3798/3580
f 1817/3791/3573 4170/3800/3582 628/3793/3575
f 628/3793/3575 4170/3800/3582 1820/3796/3578
f 341/3212/3091 1581/3213/3098 1800/3802/3539
f 1800/3802/3539 1581/3213/3098 4171/3803/3584
f 1581/3213/3098 377/3218/3102 4171/3803/3584
f 4171/3803/3584 377/3218/3102 1823/3804/3585
f 4171/3803/3584 1823/3804/3585 1824/3805/3586
f 1824/3805/3586 1823/3804/3585 629/3806/3587
f 1800/3802/3539 4171/3803/3584 431/3807/3534
f 431/3807/3534 4171/3803/3584 1824/3805/3586
f 1824/3805/3586 4172/3808/3588 431/3807/3534
f 431/3807/3534 4172/3808/3588 1798/3809/3535
f 629/3806/3587 1825/3810/3589 1824/3805/3586
f 1824/3805/3586 1825/3810/3589 4172/3808/3588
f 1825/3810/3589 437/3811/3590 4172/3808/3588
f 4172/3808/3588 437/3811/3590 1826/3812/3591
f 4172/3808/3588 1826/3812/3591 1798/3809/3535
f 1798/3809/3535 1826/3812/3591 340/3813/3537
f 629/3806/3587 1827/3814/3592 1825/3810/3589
f 1825/3810/3589 1827/3814/3592 4173/3815/3593
f 1827/3814/3592 438/3816/3594 4173/3815/3593
f 4173/3815/3593 438/3816/3594 1828/3817/3595
f 4173/3815/3593 1828/3817/3595 1829/3818/3596
f 1829/3818/3596 1828/3817/3595 345/3819/3597
f 1825/3810/3589 4173/3815/3593 437/3811/3590
f 437/3811/3590 4173/3815/3593 1829/3818/3596
f 1582/3219/3103 4174/3820/3598 377/3218/3102
f 377/3218/3102 4174/3820/3598 1823/3804/3585
f 346/3221/3105 1830/3821/3599 1582/3219/3103
f 1582/3219/3103 1830/3821/3599 4174/3820/3598
f 1830/3821/3599 438/3816/3594 4174/3820/3598
f 4174/3820/3598 438/3816/3594 1827/3814/3592
f 4174/3820/3598 1827/3814/3592 1823/3804/3585
f 1823/3804/3585 1827/3814/3592 629/3806/3587
f 1826/3812/3591 4175/3822/3600 340/3813/3537
f 340/3813/3537 4175/3822/3600 1808/3823/3555
f 437/3811/3590 1831/3824/3601 1826/3812/3591
f 1826/3812/3591 1831/3824/3601 4175/3822/3600
f 1831/3824/3601 630/3825/3602 4175/3822/3600
f 4175/3822/3600 630/3825/3602 1832/3826/3603
f 4175/3822/3600 1832/3826/3603 1808/3823/3555
f 1808/3823/3555 1832/3826/3603 433/3827/3550
f 1832/3826/3603 4176/3828/3604 433/3827/3550
f 433/3827/3550 4176/3828/3604 1806/3829/3551
f 630/3825/3602 1833/3830/3605 1832/3826/3603
f 1832/3826/3603 1833/3830/3605 4176/3828/3604
f 1833/3830/3605 439/3831/3606 4176/3828/3604
f 4176/3828/3604 439/3831/3606 1834/3832/3607
f 4176/3828/3604 1834/3832/3607 1806/3829/3551
f 1806/3829/3551 1834/3832/3607 339/3833/3553
f 630/3825/3602 1835/3834/3608 1833/3830/3605
f 1833/3830/3605 1835/3834/3608 4177/3835/3609
f 1835/3834/3608 440/3836/3610 4177/3835/3609
f 4177/3835/3609 440/3836/3610 1836/3837/3611
f 4177/3835/3609 1836/3837/3611 1837/3838/3612
f 1837/3838/3612 1836/3837/3611 344/3839/3613
f 1833/3830/3605 4177/3835/3609 439/3831/3606
f 439/3831/3606 4177/3835/3609 1837/3838/3612
f 437/3811/3590 1829/3818/3596 1831/3824/3601
f 1831/3824/3601 1829/3818/3596 4178/3840/3614
f 1829/3818/3596 345/3819/3597 4178/3840/3614
f 4178/3840/3614 345/3819/3597 1838/3841/3615
f 4178/3840/3614 1838/3841/3615 1835/3834/3608
f 1835/3834/3608 1838/3841/3615 440/3836/3610
f 1831/3824/3601 4178/3840/3614 630/3825/3602
f 630/3825/3602 4178/3840/3614 1835/3834/3608
f 1834/3842/3607 4179/3843/3616 339/3788/3553
f 339/3788/3553 4179/3843/3616 1816/3789/3571
f 439/3844/3606 1839/3845/3617 1834/3842/3607
f 1834/3842/3607 1839/3845/3617 4179/3843/3616
f 1839/3845/3617 631/3846/3618 4179/3843/3616
f 4179/3843/3616 631/3846/3618 1840/3847/3619
f 4179/3843/3616 1840/3847/3619 1816/3789/3571
f 1816/3789/3571 1840/3847/3619 435/3782/3566
f 1840/3847/3619 4180/3848/3620 435/3782/3566
f 435/3782/3566 4180/3848/3620 1814/3783/3567
f 631/3846/3618 1841/3849/3621 1840/3847/3619
f 1840/3847/3619 1841/3849/3621 4180/3848/3620
f 1841/3849/3621 441/3850/3622 4180/3848/3620
f 4180/3848/3620 441/3850/3622 1842/3851/3623
f 4180/3848/3620 1842/3851/3623 1814/3783/3567
f 1814/3783/3567 1842/3851/3623 338/3785/3569
f 631/3846/3618 1843/3852/3624 1841/3849/3621
f 1841/3849/3621 1843/3852/3624 4181/3853/3625
f 1843/3852/3624 442/3854/3626 4181/3853/3625
f 4181/3853/3625 442/3854/3626 1844/3855/3627
f 4181/3853/3625 1844/3855/3627 1845/3856/3628
f 1845/3856/3628 1844/3855/3627 343/3857/3629
f 1841/3849/3621 4181/3853/3625 441/3850/3622
f 441/3850/3622 4181/3853/3625 1845/3856/3628
f 439/3844/3606 1837/3858/3612 1839/3845/3617
f 1839/3845/3617 1837/3858/3612 4182/3859/3630
f 1837/3858/3612 344/3860/3613 4182/3859/3630
f 4182/3859/3630 344/3860/3613 1846/3861/3631
f 4182/3859/3630 1846/3861/3631 1843/3852/3624
f 1843/3852/3624 1846/3861/3631 442/3854/3626
f 1839/3845/3617 4182/3859/3630 631/3846/3618
f 631/3846/3618 4182/3859/3630 1843/3852/3624
f 1842/3851/3623 4183/3862/3632 338/3785/3569
f 338/3785/3569 4183/3862/3632 1822/3801/3583
f 1842/3851/3623 441/3850/3622 4183/3862/3632
f 4183/3862/3632 441/3850/3622 1847/3863/3633
f 4183/3862/3632 1847/3863/3633 1848/3864/3634
f 1848/3864/3634 1847/3863/3633 632/3865/3635
f 1822/3801/3583 4183/3862/3632 436/3798/3580
f 436/3798/3580 4183/3862/3632 1848/3864/3634
f 436/3798/3580 1848/3864/3634 1821/3799/3581
f 1821/3799/3581 1848/3864/3634 4184/3866/3636
f 1848/3864/3634 632/3865/3635 4184/3866/3636
f 4184/3866/3636 632/3865/3635 1849/3867/3637
f 4184/3866/3636 1849/3867/3637 1519/3068/2977
f 1519/3068/2977 1849/3867/3637 361/3063/2972
f 1821/3799/3581 4184/3866/3636 337/3050/2959
f 337/3050/2959 4184/3866/3636 1519/3068/2977
f 632/3865/3635 1850/3868/3638 1849/3867/3637
f 1849/3867/3637 1850/3868/3638 4185/3869/3639
f 1850/3868/3638 443/3870/3640 4185/3869/3639
f 4185/3869/3639 443/3870/3640 1851/3871/3641
f 4185/3869/3639 1851/3871/3641 1517/3064/2973
f 1517/3064/2973 1851/3871/3641 342/3066/2975
f 1849/3867/3637 4185/3869/3639 361/3063/2972
f 361/3063/2972 4185/3869/3639 1517/3064/2973
f 441/3850/3622 1845/3856/3628 1847/3863/3633
f 1847/3863/3633 1845/3856/3628 4186/3872/3642
f 1845/3856/3628 343/3857/3629 4186/3872/3642
f 4186/3872/3642 343/3857/3629 1852/3873/3643
f 4186/3872/3642 1852/3873/3643 1850/3868/3638
f 1850/3868/3638 1852/3873/3643 443/3870/3640
f 1847/3863/3633 4186/3872/3642 632/3865/3635
f 632/3865/3635 4186/3872/3642 1850/3868/3638
f 346/3230/3105 1588/3231/3112 1830/3874/3599
f 1830/3874/3599 1588/3231/3112 4187/3875/3644
f 1588/3231/3112 379/3236/3116 4187/3875/3644
f 4187/3875/3644 379/3236/3116 1853/3876/3645
f 4187/3875/3644 1853/3876/3645 1854/3877/3646
f 1854/3877/3646 1853/3876/3645 633/3878/3647
f 1830/3874/3599 4187/3875/3644 438/3879/3594
f 438/3879/3594 4187/3875/3644 1854/3877/3646
f 1854/3877/3646 4188/3880/3648 438/3879/3594
f 438/3879/3594 4188/3880/3648 1828/3881/3595
f 633/3878/3647 1855/3882/3649 1854/3877/3646
f 1854/3877/3646 1855/3882/3649 4188/3880/3648
f 1855/3882/3649 444/3883/3650 4188/3880/3648
f 4188/3880/3648 444/3883/3650 1856/3884/3651
f 4188/3880/3648 1856/3884/3651 1828/3881/3595
f 1828/3881/3595 1856/3884/3651 345/3885/3597
f 633/3878/3647 1857/3886/3652 1855/3882/3649
f 1855/3882/3649 1857/3886/3652 4189/3887/3653
f 1857/3886/3652 445/3888/3654 4189/3887/3653
f 4189/3887/3653 445/3888/3654 1858/3889/3655
f 4189/3887/3653 1858/3889/3655 1859/3890/3656
f 1859/3890/3656 1858/3889/3655 350/3891/3657
f 1855/3882/3649 4189/3887/3653 444/3883/3650
f 444/3883/3650 4189/3887/3653 1859/3890/3656
f 1589/3237/3117 4190/3892/3658 379/3236/3116
f 379/3236/3116 4190/3892/3658 1853/3876/3645
f 351/3239/3119 1860/3893/3659 1589/3237/3117
f 1589/3237/3117 1860/3893/3659 4190/3892/3658
f 1860/3893/3659 445/3888/3654 4190/3892/3658
f 4190/3892/3658 445/3888/3654 1857/3886/3652
f 4190/3892/3658 1857/3886/3652 1853/3876/3645
f 1853/3876/3645 1857/3886/3652 633/3878/3647
f 1856/3884/3651 4191/3894/3660 345/3885/3597
f 345/3885/3597 4191/3894/3660 1838/3895/3615
f 444/3883/3650 1861/3896/3661 1856/3884/3651
f 1856/3884/3651 1861/3896/3661 4191/3894/3660
f 1861/3896/3661 634/3897/3662 4191/3894/3660
f 4191/3894/3660 634/3897/3662 1862/3898/3663
f 4191/3894/3660 1862/3898/3663 1838/3895/3615
f 1838/3895/3615 1862/3898/3663 440/3899/3610
f 1862/3898/3663 4192/3900/3664 440/3899/3610
f 440/3899/3610 4192/3900/3664 1836/3901/3611
f 634/3897/3662 1863/3902/3665 1862/3898/3663
f 1862/3898/3663 1863/3902/3665 4192/3900/3664
f 1863/3902/3665 446/3903/3666 4192/3900/3664
f 4192/3900/3664 446/3903/3666 1864/3904/3667
f 4192/3900/3664 1864/3904/3667 1836/3901/3611
f 1836/3901/3611 1864/3904/3667 344/3905/3613
f 634/3897/3662 1865/3906/3668 1863/3902/3665
f 1863/3902/3665 1865/3906/3668 4193/3907/3669
f 1865/3906/3668 447/3908/3670 4193/3907/3669
f 4193/3907/3669 447/3908/3670 1866/3909/3671
f 4193/3907/3669 1866/3909/3671 1867/3910/3672
f 1867/3910/3672 1866/3909/3671 349/3911/3673
f 1863/3902/3665 4193/3907/3669 446/3903/3666
f 446/3903/3666 4193/3907/3669 1867/3910/3672
f 444/3883/3650 1859/3890/3656 1861/3896/3661
f 1861/3896/3661 1859/3890/3656 4194/3912/3674
f 1859/3890/3656 350/3891/3657 4194/3912/3674
f 4194/3912/3674 350/3891/3657 1868/3913/3675
f 4194/3912/3674 1868/3913/3675 1865/3906/3668
f 1865/3906/3668 1868/3913/3675 447/3908/3670
f 1861/3896/3661 4194/3912/3674 634/3897/3662
f 634/3897/3662 4194/3912/3674 1865/3906/3668
f 1864/3914/3667 4195/3915/3676 344/3860/3613
f 344/3860/3613 4195/3915/3676 1846/3861/3631
f 446/3916/3666 1869/3917/3677 1864/3914/3667
f 1864/3914/3667 1869/3917/3677 4195/3915/3676
f 1869/3917/3677 635/3918/3678 4195/3915/3676
f 4195/3915/3676 635/3918/3678 1870/3919/3679
f 4195/3915/3676 1870/3919/3679 1846/3861/3631
f 1846/3861/3631 1870/3919/3679 442/3854/3626
f 1870/3919/3679 4196/3920/3680 442/3854/3626
f 442/3854/3626 4196/3920/3680 1844/3855/3627
f 635/3918/3678 1871/3921/3681 1870/3919/3679
f 1870/3919/3679 1871/3921/3681 4196/3920/3680
f 1871/3921/3681 448/3922/3682 4196/3920/3680
f 4196/3920/3680 448/3922/3682 1872/3923/3683
f 4196/3920/3680 1872/3923/3683 1844/3855/3627
f 1844/3855/3627 1872/3923/3683 343/3857/3629
f 635/3918/3678 1873/3924/3684 1871/3921/3681
f 1871/3921/3681 1873/3924/3684 4197/3925/3685
f 1873/3924/3684 449/3926/3686 4197/3925/3685
f 4197/3925/3685 449/3926/3686 1874/3927/3687
f 4197/3925/3685 1874/3927/3687 1875/3928/3688
f 1875/3928/3688 1874/3927/3687 348/3929/3689
f 1871/3921/3681 4197/3925/3685 448/3922/3682
f 448/3922/3682 4197/3925/3685 1875/3928/3688
f 446/3916/3666 1867/3930/3672 1869/3917/3677
f 1869/3917/3677 1867/3930/3672 4198/3931/3690
f 1867/3930/3672 349/3932/3673 4198/3931/3690
f 4198/3931/3690 349/3932/3673 1876/3933/3691
f 4198/3931/3690 1876/3933/3691 1873/3924/3684
f 1873/3924/3684 1876/3933/3691 449/3926/3686
f 1869/3917/3677 4198/3931/3690 635/3918/3678
f 635/3918/3678 4198/3931/3690 1873/3924/3684
f 1872/3923/3683 4199/3934/3692 343/3857/3629
f 343/3857/3629 4199/3934/3692 1852/3873/3643
f 1872/3923/3683 448/3922/3682 4199/3934/3692
f 4199/3934/3692 448/3922/3682 1877/3935/3693
f 4199/3934/3692 1877/3935/3693 1878/3936/3694
f 1878/3936/3694 1877/3935/3693 636/3937/3695
f 1852/3873/3643 4199/3934/3692 443/3870/3640
f 443/3870/3640 4199/3934/3692 1878/3936/3694
f 443/3870/3640 1878/3936/3694 1851/3871/3641
f 1851/3871/3641 1878/3936/3694 4200/3938/3696
f 1878/3936/3694 636/3937/3695 4200/3938/3696
f 4200/3938/3696 636/3937/3695 1879/3939/3697
f 4200/3938/3696 1879/3939/3697 1526/3082/2991
f 1526/3082/2991 1879/3939/3697 362/3080/2989
f 1851/3871/3641 4200/3938/3696 342/3066/2975
f 342/3066/2975 4200/3938/3696 1526/3082/2991
f 636/3937/3695 1880/3940/3698 1879/3939/3697
f 1879/3939/3697 1880/3940/3698 4201/3941/3699
f 1880/3940/3698 450/3942/3700 4201/3941/3699
f 4201/3941/3699 450/3942/3700 1881/3943/3701
f 4201/3941/3699 1881/3943/3701 1525/3079/2988
f 1525/3079/2988 1881/3943/3701 347/3076/2985
f 1879/3939/3697 4201/3941/3699 362/3080/2989
f 362/3080/2989 4201/3941/3699 1525/3079/2988
f 448/3922/3682 1875/3928/3688 1877/3935/3693
f 1877/3935/3693 1875/3928/3688 4202/3944/3702
f 1875/3928/3688 348/3929/3689 4202/3944/3702
f 4202/3944/3702 348/3929/3689 1882/3945/3703
f 4202/3944/3702 1882/3945/3703 1880/3940/3698
f 1880/3940/3698 1882/3945/3703 450/3942/3700
f 1877/3935/3693 4202/3944/3702 636/3937/3695
f 636/3937/3695 4202/3944/3702 1880/3940/3698
f 351/3248/3119 1595/3249/3126 1860/3946/3659
f 1860/3946/3659 1595/3249/3126 4203/3947/3704
f 1595/3249/3126 381/3254/3130 4203/3947/3704
f 4203/3947/3704 381/3254/3130 1883/3948/3705
f 4203/3947/3704 1883/3948/3705 1884/3949/3706
f 1884/3949/3706 1883/3948/3705 637/3950/3707
f 1860/3946/3659 4203/3947/3704 445/3951/3654
f 445/3951/3654 4203/3947/3704 1884/3949/3706
f 1884/3949/3706 4204/3952/3708 445/3951/3654
f 445/3951/3654 4204/3952/3708 1858/3953/3655
f 637/3950/3707 1885/3954/3709 1884/3949/3706
f 1884/3949/3706 1885/3954/3709 4204/3952/3708
f 1885/3954/3709 451/3955/3710 4204/3952/3708
f 4204/3952/3708 451/3955/3710 1886/3956/3711
f 4204/3952/3708 1886/3956/3711 1858/3953/3655
f 1858/3953/3655 1886/3956/3711 350/3957/3657
f 637/3950/3707 1887/3958/3712 1885/3954/3709
f 1885/3954/3709 1887/3958/3712 4205/3959/3713
f 1887/3958/3712 385/3960/3163 4205/3959/3713
f 4205/3959/3713 385/3960/3163 1614/3961/3168
f 4205/3959/3713 1614/3961/3168 1888/3962/3714
f 1888/3962/3714 1614/3961/3168 355/3963/3167
f 1885/3954/3709 4205/3959/3713 451/3955/3710
f 451/3955/3710 4205/3959/3713 1888/3962/3714
f 1596/3255/3131 4206/3964/3715 381/3254/3130
f 381/3254/3130 4206/3964/3715 1883/3948/3705
f 356/3257/3133 1612/3965/3164 1596/3255/3131
f 1596/3255/3131 1612/3965/3164 4206/3964/3715
f 1612/3965/3164 385/3960/3163 4206/3964/3715
f 4206/3964/3715 385/3960/3163 1887/3958/3712
f 4206/3964/3715 1887/3958/3712 1883/3948/3705
f 1883/3948/3705 1887/3958/3712 637/3950/3707
f 1886/3956/3711 4207/3966/3716 350/3957/3657
f 350/3957/3657 4207/3966/3716 1868/3967/3675
f 451/3955/3710 1889/3968/3717 1886/3956/3711
f 1886/3956/3711 1889/3968/3717 4207/3966/3716
f 1889/3968/3717 638/3969/3718 4207/3966/3716
f 4207/3966/3716 638/3969/3718 1890/3970/3719
f 4207/3966/3716 1890/3970/3719 1868/3967/3675
f 1868/3967/3675 1890/3970/3719 447/3971/3670
f 1890/3970/3719 4208/3972/3720 447/3971/3670
f 447/3971/3670 4208/3972/3720 1866/3973/3671
f 638/3969/3718 1891/3974/3721 1890/3970/3719
f 1890/3970/3719 1891/3974/3721 4208/3972/3720
f 1891/3974/3721 452/3975/3722 4208/3972/3720
f 4208/3972/3720 452/3975/3722 1892/3976/3723
f 4208/3972/3720 1892/3976/3723 1866/3973/3671
f 1866/3973/3671 1892/3976/3723 349/3977/3673
f 638/3969/3718 1893/3978/3724 1891/3974/3721
f 1891/3974/3721 1893/3978/3724 4209/3979/3725
f 1893/3978/3724 388/3980/3183 4209/3979/3725
f 4209/3979/3725 388/3980/3183 1624/3981/3188
f 4209/3979/3725 1624/3981/3188 1894/3982/3726
f 1894/3982/3726 1624/3981/3188 354/3983/3187
f 1891/3974/3721 4209/3979/3725 452/3975/3722
f 452/3975/3722 4209/3979/3725 1894/3982/3726
f 451/3955/3710 1888/3962/3714 1889/3968/3717
f 1889/3968/3717 1888/3962/3714 4210/3984/3727
f 1888/3962/3714 355/3963/3167 4210/3984/3727
f 4210/3984/3727 355/3963/3167 1622/3985/3184
f 4210/3984/3727 1622/3985/3184 1893/3978/3724
f 1893/3978/3724 1622/3985/3184 388/3980/3183
f 1889/3968/3717 4210/3984/3727 638/3969/3718
f 638/3969/3718 4210/3984/3727 1893/3978/3724
f 1892/3986/3723 4211/3987/3728 349/3932/3673
f 349/3932/3673 4211/3987/3728 1876/3933/3691
f 452/3988/3722 1895/3989/3729 1892/3986/3723
f 1892/3986/3723 1895/3989/3729 4211/3987/3728
f 1895/3989/3729 639/3990/3730 4211/3987/3728
f 4211/3987/3728 639/3990/3730 1896/3991/3731
f 4211/3987/3728 1896/3991/3731 1876/3933/3691
f 1876/3933/3691 1896/3991/3731 449/3926/3686
f 1896/3991/3731 4212/3992/3732 449/3926/3686
f 449/3926/3686 4212/3992/3732 1874/3927/3687
f 639/3990/3730 1897/3993/3733 1896/3991/3731
f 1896/3991/3731 1897/3993/3733 4212/3992/3732
f 1897/3993/3733 453/3994/3734 4212/3992/3732
f 4212/3992/3732 453/3994/3734 1898/3995/3735
f 4212/3992/3732 1898/3995/3735 1874/3927/3687
f 1874/3927/3687 1898/3995/3735 348/3929/3689
f 639/3990/3730 1899/3996/3736 1897/3993/3733
f 1897/3993/3733 1899/3996/3736 4213/3997/3737
f 1899/3996/3736 394/3356/3220 4213/3997/3737
f 4213/3997/3737 394/3356/3220 1642/3361/3223
f 4213/3997/3737 1642/3361/3223 1900/3998/3738
f 1900/3998/3738 1642/3361/3223 353/3338/3205
f 1897/3993/3733 4213/3997/3737 453/3994/3734
f 453/3994/3734 4213/3997/3737 1900/3998/3738
f 452/3988/3722 1894/3999/3726 1895/3989/3729
f 1895/3989/3729 1894/3999/3726 4214/4000/3739
f 1894/3999/3726 354/3358/3187 4214/4000/3739
f 4214/4000/3739 354/3358/3187 1641/3357/3221
f 4214/4000/3739 1641/3357/3221 1899/3996/3736
f 1899/3996/3736 1641/3357/3221 394/3356/3220
f 1895/3989/3729 4214/4000/3739 639/3990/3730
f 639/3990/3730 4214/4000/3739 1899/3996/3736
f 1898/3995/3735 4215/4001/3740 348/3929/3689
f 348/3929/3689 4215/4001/3740 1882/3945/3703
f 1898/3995/3735 453/3994/3734 4215/4001/3740
f 4215/4001/3740 453/3994/3734 1901/4002/3741
f 1901/4002/3741 640/4003/3742 4215/4001/3740
f 4215/4001/3740 640/4003/3742 1902/4004/3743
f 1882/3945/3703 4215/4001/3740 450/3942/3700
f 450/3942/3700 4215/4001/3740 1902/4004/3743
f 1902/4004/3743 4216/4005/3744 450/3942/3700
f 450/3942/3700 4216/4005/3744 1881/3943/3701
f 1903/4006/3745 4216/4005/3744 640/4003/3742
f 640/4003/3742 4216/4005/3744 1902/4004/3743
f 347/3076/2985 1881/3943/3701 1903/4006/3745
f 1903/4006/3745 1881/3943/3701 4216/4005/3744
f 1904/4007/3746 4217/4008/3747 640/4003/3742
f 640/4003/3742 4217/4008/3747 1903/4006/3745
f 392/3336/3203 1634/3341/3208 1904/4007/3746
f 1904/4007/3746 1634/3341/3208 4217/4008/3747
f 1634/3341/3208 352/3092/3001 4217/4008/3747
f 4217/4008/3747 352/3092/3001 1530/3089/2998
f 4217/4008/3747 1530/3089/2998 1903/4006/3745
f 1903/4006/3745 1530/3089/2998 347/3076/2985
f 453/3994/3734 1900/3998/3738 1901/4002/3741
f 1901/4002/3741 1900/3998/3738 4218/4009/3748
f 1900/3998/3738 353/3338/3205 4218/4009/3748
f 4218/4009/3748 353/3338/3205 1632/3337/3204
f 1632/3337/3204 392/3336/3203 4218/4009/3748
f 4218/4009/3748 392/3336/3203 1904/4007/3746
f 4218/4009/3748 1904/4007/3746 1901/4002/3741
f 1901/4002/3741 1904/4007/3746 640/4003/3742
s 43
f 307/4010/3749 1905/4011/3750 1907/4012/3751
f 1907/4012/3751 1905/4011/3750 4219/4013/3752
f 1906/4014/3753 4219/4013/3752 810/4015/3754
f 810/4015/3754 4219/4013/3752 1905/4011/3750
f 1907/4012/3751 4219/4013/3752 808/4016/3755
f 808/4016/3755 4219/4013/3752 1906/4014/3753
f 1906/4014/3753 4220/4017/3756 808/4016/3755
f 808/4016/3755 4220/4017/3756 1910/4018/3757
f 810/4015/3754 1908/4019/3758 1906/4014/3753
f 1906/4014/3753 1908/4019/3758 4220/4017/3756
f 1908/4019/3758 1116/4020/3759 4220/4017/3756
f 4220/4017/3756 1116/4020/3759 1909/4021/3760
f 4220/4017/3756 1909/4021/3760 1910/4018/3757
f 1910/4018/3757 1909/4021/3760 1117/4022/3761
f 307/4010/3749 1911/4023/3762 1905/4011/3750
f 1905/4011/3750 1911/4023/3762 4221/4024/3763
f 1912/4025/3764 4221/4024/3763 812/4026/3765
f 812/4026/3765 4221/4024/3763 1911/4023/3762
f 1905/4011/3750 4221/4024/3763 810/4015/3754
f 810/4015/3754 4221/4024/3763 1912/4025/3764
f 810/4015/3754 1912/4025/3764 1908/4019/3758
f 1908/4019/3758 1912/4025/3764 4222/4027/3766
f 812/4026/3765 1913/4028/3767 1912/4025/3764
f 1912/4025/3764 1913/4028/3767 4222/4027/3766
f 1913/4028/3767 1115/4029/3768 4222/4027/3766
f 4222/4027/3766 1115/4029/3768 1914/4030/3769
f 4222/4027/3766 1914/4030/3769 1908/4019/3758
f 1908/4019/3758 1914/4030/3769 1116/4020/3759
f 307/4010/3749 1915/4031/3770 1911/4023/3762
f 1911/4023/3762 1915/4031/3770 4223/4032/3771
f 1916/4033/3772 4223/4032/3771 814/4034/3773
f 814/4034/3773 4223/4032/3771 1915/4031/3770
f 1911/4023/3762 4223/4032/3771 812/4026/3765
f 812/4026/3765 4223/4032/3771 1916/4033/3772
f 812/4026/3765 1916/4033/3772 1913/4028/3767
f 1913/4028/3767 1916/4033/3772 4224/4035/3774
f 814/4034/3773 1917/4036/3775 1916/4033/3772
f 1916/4033/3772 1917/4036/3775 4224/4035/3774
f 4224/4035/3774 1917/4036/3775 1918/4037/3776
f 1918/4037/3776 1917/4036/3775 1114/4038/3777
f 4224/4035/3774 1918/4037/3776 1913/4028/3767
f 1913/4028/3767 1918/4037/3776 1115/4029/3768
f 307/4010/3749 1919/4039/3778 1915/4031/3770
f 1915/4031/3770 1919/4039/3778 4225/4040/3779
f 1920/4041/3780 4225/4040/3779 816/4042/3781
f 816/4042/3781 4225/4040/3779 1919/4039/3778
f 1915/4031/3770 4225/4040/3779 814/4034/3773
f 814/4034/3773 4225/4040/3779 1920/4041/3780
f 814/4034/3773 1920/4041/3780 1917/4036/3775
f 1917/4036/3775 1920/4041/3780 4226/4043/3782
f 816/4042/3781 1921/4044/3783 1920/4041/3780
f 1920/4041/3780 1921/4044/3783 4226/4043/3782
f 4226/4043/3782 1921/4044/3783 1922/4045/3784
f 1922/4045/3784 1921/4044/3783 1113/4046/3785
f 1917/4036/3775 4226/4043/3782 1114/4038/3777
f 1114/4038/3777 4226/4043/3782 1922/4045/3784
f 307/4047/3749 1923/4048/3786 1919/4049/3778
f 1919/4049/3778 1923/4048/3786 4227/4050/3787
f 1924/4051/3788 4227/4050/3787 818/4052/3789
f 818/4052/3789 4227/4050/3787 1923/4048/3786
f 1919/4049/3778 4227/4050/3787 816/4042/3781
f 816/4042/3781 4227/4050/3787 1924/4051/3788
f 816/4042/3781 1924/4051/3788 1921/4044/3783
f 1921/4044/3783 1924/4051/3788 4228/4053/3790
f 818/4052/3789 1925/4054/3791 1924/4051/3788
f 1924/4051/3788 1925/4054/3791 4228/4053/3790
f 4228/4053/3790 1925/4054/3791 1926/4055/3792
f 1926/4055/3792 1925/4054/3791 1112/4056/3793
f 1921/4044/3783 4228/4053/3790 1113/4046/3785
f 1113/4046/3785 4228/4053/3790 1926/4055/3792
f 307/4047/3749 1927/4057/3794 1923/4048/3786
f 1923/4048/3786 1927/4057/3794 4229/4058/3795
f 1928/4059/3796 4229/4058/3795 803/4060/3797
f 803/4060/3797 4229/4058/3795 1927/4057/3794
f 1923/4048/3786 4229/4058/3795 818/4052/3789
f 818/4052/3789 4229/4058/3795 1928/4059/3796
f 818/4052/3789 1928/4059/3796 1925/4054/3791
f 1925/4054/3791 1928/4059/3796 4230/4061/3798
f 1928/4059/3796 803/4060/3797 4230/4061/3798
f 4230/4061/3798 803/4060/3797 1929/4062/3799
f 4230/4061/3798 1929/4062/3799 1930/4063/3800
f 1930/4063/3800 1929/4062/3799 1111/4064/3801
f 1925/4054/3791 4230/4061/3798 1112/4056/3793
f 1112/4056/3793 4230/4061/3798 1930/4063/3800
f 347/4065/3802 1931/4066/3803 1933/4067/3804
f 1933/4067/3804 1931/4066/3803 4231/4068/3805
f 1932/4069/3806 4231/4068/3805 847/4070/3807
f 847/4070/3807 4231/4068/3805 1931/4066/3803
f 1933/4067/3804 4231/4068/3805 845/4071/3808
f 845/4071/3808 4231/4068/3805 1932/4069/3806
f 1932/4069/3806 4232/4072/3809 845/4071/3808
f 845/4071/3808 4232/4072/3809 1936/4073/3810
f 847/4070/3807 1934/4074/3811 1932/4069/3806
f 1932/4069/3806 1934/4074/3811 4232/4072/3809
f 1934/4074/3811 1158/4075/3812 4232/4072/3809
f 4232/4072/3809 1158/4075/3812 1935/4076/3813
f 4232/4072/3809 1935/4076/3813 1936/4073/3810
f 1936/4073/3810 1935/4076/3813 1135/4077/3814
f 347/4065/3802 1937/4078/3815 1931/4066/3803
f 1931/4066/3803 1937/4078/3815 4233/4079/3816
f 1938/4080/3817 4233/4079/3816 849/4081/3818
f 849/4081/3818 4233/4079/3816 1937/4078/3815
f 1931/4066/3803 4233/4079/3816 847/4070/3807
f 847/4070/3807 4233/4079/3816 1938/4080/3817
f 847/4070/3807 1938/4080/3817 1934/4074/3811
f 1934/4074/3811 1938/4080/3817 4234/4082/3819
f 849/4081/3818 1939/4083/3820 1938/4080/3817
f 1938/4080/3817 1939/4083/3820 4234/4082/3819
f 1939/4083/3820 1157/4084/3821 4234/4082/3819
f 4234/4082/3819 1157/4084/3821 1940/4085/3822
f 4234/4082/3819 1940/4085/3822 1934/4074/3811
f 1934/4074/3811 1940/4085/3822 1158/4075/3812
f 347/4065/3802 1941/4086/3823 1937/4078/3815
f 1937/4078/3815 1941/4086/3823 4235/4087/3824
f 1942/4088/3825 4235/4087/3824 851/4089/3826
f 851/4089/3826 4235/4087/3824 1941/4086/3823
f 1937/4078/3815 4235/4087/3824 849/4081/3818
f 849/4081/3818 4235/4087/3824 1942/4088/3825
f 849/4081/3818 1942/4088/3825 1939/4083/3820
f 1939/4083/3820 1942/4088/3825 4236/4090/3827
f 851/4089/3826 1943/4091/3828 1942/4088/3825
f 1942/4088/3825 1943/4091/3828 4236/4090/3827
f 1943/4091/3828 1156/4092/3829 4236/4090/3827
f 4236/4090/3827 1156/4092/3829 1944/4093/3830
f 4236/4090/3827 1944/4093/3830 1939/4083/3820
f 1939/4083/3820 1944/4093/3830 1157/4084/3821
f 347/4065/3802 1945/4094/3831 1941/4086/3823
f 1941/4086/3823 1945/4094/3831 4237/4095/3832
f 1946/4096/3833 4237/4095/3832 853/4097/3834
f 853/4097/3834 4237/4095/3832 1945/4094/3831
f 1941/4086/3823 4237/4095/3832 851/4089/3826
f 851/4089/3826 4237/4095/3832 1946/4096/3833
f 851/4089/3826 1946/4096/3833 1943/4091/3828
f 1943/4091/3828 1946/4096/3833 4238/4098/3835
f 853/4097/3834 1947/4099/3836 1946/4096/3833
f 1946/4096/3833 1947/4099/3836 4238/4098/3835
f 4238/4098/3835 1947/4099/3836 1948/4100/3837
f 1948/4100/3837 1947/4099/3836 1155/4101/3838
f 4238/4098/3835 1948/4100/3837 1943/4091/3828
f 1943/4091/3828 1948/4100/3837 1156/4092/3829
f 347/4102/3802 1949/4103/3839 1945/4104/3831
f 1945/4104/3831 1949/4103/3839 4239/4105/3840
f 1950/4106/3841 4239/4105/3840 855/4107/3842
f 855/4107/3842 4239/4105/3840 1949/4103/3839
f 1945/4104/3831 4239/4105/3840 853/4097/3834
f 853/4097/3834 4239/4105/3840 1950/4106/3841
f 853/4097/3834 1950/4106/3841 1947/4099/3836
f 1947/4099/3836 1950/4106/3841 4240/4108/3843
f 855/4107/3842 1951/4109/3844 1950/4106/3841
f 1950/4106/3841 1951/4109/3844 4240/4108/3843
f 4240/4108/3843 1951/4109/3844 1952/4110/3845
f 1952/4110/3845 1951/4109/3844 1154/4111/3846
f 1947/4099/3836 4240/4108/3843 1155/4101/3838
f 1155/4101/3838 4240/4108/3843 1952/4110/3845
f 347/4102/3802 1953/4112/3847 1949/4103/3839
f 1949/4103/3839 1953/4112/3847 4241/4113/3848
f 1954/4114/3849 4241/4113/3848 857/4115/3850
f 857/4115/3850 4241/4113/3848 1953/4112/3847
f 1949/4103/3839 4241/4113/3848 855/4107/3842
f 855/4107/3842 4241/4113/3848 1954/4114/3849
f 855/4107/3842 1954/4114/3849 1951/4109/3844
f 1951/4109/3844 1954/4114/3849 4242/4116/3851
f 1954/4114/3849 857/4115/3850 4242/4116/3851
f 4242/4116/3851 857/4115/3850 1955/4117/3852
f 4242/4116/3851 1955/4117/3852 1956/4118/3853
f 1956/4118/3853 1955/4117/3852 1153/4119/3854
f 1951/4109/3844 4242/4116/3851 1154/4111/3846
f 1154/4111/3846 4242/4116/3851 1956/4118/3853
f 347/4120/3802 1957/4121/3855 1959/4122/3856
f 1959/4122/3856 1957/4121/3855 4243/4123/3857
f 1958/4124/3858 4243/4123/3857 862/4125/3859
f 862/4125/3859 4243/4123/3857 1957/4121/3855
f 1959/4122/3856 4243/4123/3857 860/4126/3860
f 860/4126/3860 4243/4123/3857 1958/4124/3858
f 1958/4124/3858 4244/4127/3861 860/4126/3860
f 860/4126/3860 4244/4127/3861 1962/4128/3862
f 862/4125/3859 1960/4129/3863 1958/4124/3858
f 1958/4124/3858 1960/4129/3863 4244/4127/3861
f 1960/4129/3863 1140/4130/3864 4244/4127/3861
f 4244/4127/3861 1140/4130/3864 1961/4131/3865
f 4244/4127/3861 1961/4131/3865 1962/4128/3862
f 1962/4128/3862 1961/4131/3865 1141/4132/3866
f 347/4120/3802 1963/4133/3867 1957/4121/3855
f 1957/4121/3855 1963/4133/3867 4245/4134/3868
f 1964/4135/3869 4245/4134/3868 864/4136/3870
f 864/4136/3870 4245/4134/3868 1963/4133/3867
f 1957/4121/3855 4245/4134/3868 862/4125/3859
f 862/4125/3859 4245/4134/3868 1964/4135/3869
f 1964/4135/3869 4246/4137/3871 862/4125/3859
f 862/4125/3859 4246/4137/3871 1960/4129/3863
f 864/4136/3870 1965/4138/3872 1964/4135/3869
f 1964/4135/3869 1965/4138/3872 4246/4137/3871
f 1965/4138/3872 1139/4139/3873 4246/4137/3871
f 4246/4137/3871 1139/4139/3873 1966/4140/3874
f 4246/4137/3871 1966/4140/3874 1960/4129/3863
f 1960/4129/3863 1966/4140/3874 1140/4130/3864
f 347/4120/3802 1967/4141/3875 1963/4133/3867
f 1963/4133/3867 1967/4141/3875 4247/4142/3876
f 1968/4143/3877 4247/4142/3876 866/4144/3878
f 866/4144/3878 4247/4142/3876 1967/4141/3875
f 1963/4133/3867 4247/4142/3876 864/4136/3870
f 864/4136/3870 4247/4142/3876 1968/4143/3877
f 1968/4143/3877 4248/4145/3879 864/4136/3870
f 864/4136/3870 4248/4145/3879 1965/4138/3872
f 866/4144/3878 1969/4146/3880 1968/4143/3877
f 1968/4143/3877 1969/4146/3880 4248/4145/3879
f 1969/4146/3880 1138/4147/3881 4248/4145/3879
f 4248/4145/3879 1138/4147/3881 1970/4148/3882
f 4248/4145/3879 1970/4148/3882 1965/4138/3872
f 1965/4138/3872 1970/4148/3882 1139/4139/3873
f 347/4120/3802 1971/4149/3883 1967/4141/3875
f 1967/4141/3875 1971/4149/3883 4249/4150/3884
f 1972/4151/3885 4249/4150/3884 868/4152/3886
f 868/4152/3886 4249/4150/3884 1971/4149/3883
f 1967/4141/3875 4249/4150/3884 866/4144/3878
f 866/4144/3878 4249/4150/3884 1972/4151/3885
f 1972/4151/3885 4250/4153/3887 866/4144/3878
f 866/4144/3878 4250/4153/3887 1969/4146/3880
f 868/4152/3886 1973/4154/3888 1972/4151/3885
f 1972/4151/3885 1973/4154/3888 4250/4153/3887
f 1973/4154/3888 1137/4155/3889 4250/4153/3887
f 4250/4153/3887 1137/4155/3889 1974/4156/3890
f 4250/4153/3887 1974/4156/3890 1969/4146/3880
f 1969/4146/3880 1974/4156/3890 1138/4147/3881
f 347/4065/3802 1975/4157/3891 1971/4158/3883
f 1971/4158/3883 1975/4157/3891 4251/4159/3892
f 1976/4160/3893 4251/4159/3892 870/4161/3894
f 870/4161/3894 4251/4159/3892 1975/4157/3891
f 1971/4158/3883 4251/4159/3892 868/4152/3886
f 868/4152/3886 4251/4159/3892 1976/4160/3893
f 1976/4160/3893 4252/4162/3895 868/4152/3886
f 868/4152/3886 4252/4162/3895 1973/4154/3888
f 870/4161/3894 1977/4163/3896 1976/4160/3893
f 1976/4160/3893 1977/4163/3896 4252/4162/3895
f 1977/4163/3896 1136/4164/3897 4252/4162/3895
f 4252/4162/3895 1136/4164/3897 1978/4165/3898
f 4252/4162/3895 1978/4165/3898 1973/4154/3888
f 1973/4154/3888 1978/4165/3898 1137/4155/3889
f 347/4065/3802 1933/4067/3804 1975/4157/3891
f 1975/4157/3891 1933/4067/3804 4253/4166/3899
f 1979/4167/3900 4253/4166/3899 845/4071/3808
f 845/4071/3808 4253/4166/3899 1933/4067/3804
f 1975/4157/3891 4253/4166/3899 870/4161/3894
f 870/4161/3894 4253/4166/3899 1979/4167/3900
f 1979/4167/3900 4254/4168/3901 870/4161/3894
f 870/4161/3894 4254/4168/3901 1977/4163/3896
f 845/4071/3808 1936/4073/3810 1979/4167/3900
f 1979/4167/3900 1936/4073/3810 4254/4168/3901
f 1936/4073/3810 1135/4077/3814 4254/4168/3901
f 4254/4168/3901 1135/4077/3814 1980/4169/3902
f 4254/4168/3901 1980/4169/3902 1977/4163/3896
f 1977/4163/3896 1980/4169/3902 1136/4164/3897
f 347/4170/3802 1981/4171/3903 1983/4172/3904
f 1983/4172/3904 1981/4171/3903 4255/4173/3905
f 1982/4174/3906 4255/4173/3905 876/4175/3907
f 876/4175/3907 4255/4173/3905 1981/4171/3903
f 1983/4172/3904 4255/4173/3905 874/4176/3908
f 874/4176/3908 4255/4173/3905 1982/4174/3906
f 874/4176/3908 1982/4174/3906 1986/4177/3909
f 1986/4177/3909 1982/4174/3906 4256/4178/3910
f 1982/4174/3906 876/4175/3907 4256/4178/3910
f 4256/4178/3910 876/4175/3907 1984/4179/3911
f 4256/4178/3910 1984/4179/3911 1985/4180/3912
f 1985/4180/3912 1984/4179/3911 1146/4181/3913
f 1986/4177/3909 4256/4178/3910 1147/4182/3914
f 1147/4182/3914 4256/4178/3910 1985/4180/3912
f 347/4170/3802 1987/4183/3915 1981/4171/3903
f 1981/4171/3903 1987/4183/3915 4257/4184/3916
f 1988/4185/3917 4257/4184/3916 878/4186/3918
f 878/4186/3918 4257/4184/3916 1987/4183/3915
f 1981/4171/3903 4257/4184/3916 876/4175/3907
f 876/4175/3907 4257/4184/3916 1988/4185/3917
f 876/4175/3907 1988/4185/3917 1984/4179/3911
f 1984/4179/3911 1988/4185/3917 4258/4187/3919
f 1988/4185/3917 878/4186/3918 4258/4187/3919
f 4258/4187/3919 878/4186/3918 1989/4188/3920
f 4258/4187/3919 1989/4188/3920 1990/4189/3921
f 1990/4189/3921 1989/4188/3920 1145/4190/3922
f 1984/4179/3911 4258/4187/3919 1146/4181/3913
f 1146/4181/3913 4258/4187/3919 1990/4189/3921
f 347/4170/3802 1991/4191/3923 1987/4183/3915
f 1987/4183/3915 1991/4191/3923 4259/4192/3924
f 1992/4193/3925 4259/4192/3924 880/4194/3926
f 880/4194/3926 4259/4192/3924 1991/4191/3923
f 1987/4183/3915 4259/4192/3924 878/4186/3918
f 878/4186/3918 4259/4192/3924 1992/4193/3925
f 878/4186/3918 1992/4193/3925 1989/4188/3920
f 1989/4188/3920 1992/4193/3925 4260/4195/3927
f 880/4194/3926 1993/4196/3928 1992/4193/3925
f 1992/4193/3925 1993/4196/3928 4260/4195/3927
f 4260/4195/3927 1993/4196/3928 1994/4197/3929
f 1994/4197/3929 1993/4196/3928 1144/4198/3930
f 1989/4188/3920 4260/4195/3927 1145/4190/3922
f 1145/4190/3922 4260/4195/3927 1994/4197/3929
f 347/4170/3802 1995/4199/3931 1991/4191/3923
f 1991/4191/3923 1995/4199/3931 4261/4200/3932
f 1996/4201/3933 4261/4200/3932 882/4202/3934
f 882/4202/3934 4261/4200/3932 1995/4199/3931
f 1991/4191/3923 4261/4200/3932 880/4194/3926
f 880/4194/3926 4261/4200/3932 1996/4201/3933
f 880/4194/3926 1996/4201/3933 1993/4196/3928
f 1993/4196/3928 1996/4201/3933 4262/4203/3935
f 882/4202/3934 1997/4204/3936 1996/4201/3933
f 1996/4201/3933 1997/4204/3936 4262/4203/3935
f 1997/4204/3936 1143/4205/3937 4262/4203/3935
f 4262/4203/3935 1143/4205/3937 1998/4206/3938
f 4262/4203/3935 1998/4206/3938 1993/4196/3928
f 1993/4196/3928 1998/4206/3938 1144/4198/3930
f 347/4120/3802 1999/4207/3939 1995/4208/3931
f 1995/4208/3931 1999/4207/3939 4263/4209/3940
f 2000/4210/3941 4263/4209/3940 884/4211/3942
f 884/4211/3942 4263/4209/3940 1999/4207/3939
f 1995/4208/3931 4263/4209/3940 882/4202/3934
f 882/4202/3934 4263/4209/3940 2000/4210/3941
f 2000/4210/3941 4264/4212/3943 882/4202/3934
f 882/4202/3934 4264/4212/3943 1997/4204/3936
f 884/4211/3942 2001/4213/3944 2000/4210/3941
f 2000/4210/3941 2001/4213/3944 4264/4212/3943
f 2001/4213/3944 1142/4214/3945 4264/4212/3943
f 4264/4212/3943 1142/4214/3945 2002/4215/3946
f 4264/4212/3943 2002/4215/3946 1997/4204/3936
f 1997/4204/3936 2002/4215/3946 1143/4205/3937
f 347/4120/3802 1959/4122/3856 1999/4207/3939
f 1999/4207/3939 1959/4122/3856 4265/4216/3947
f 2003/4217/3948 4265/4216/3947 860/4126/3860
f 860/4126/3860 4265/4216/3947 1959/4122/3856
f 1999/4207/3939 4265/4216/3947 884/4211/3942
f 884/4211/3942 4265/4216/3947 2003/4217/3948
f 2003/4217/3948 4266/4218/3949 884/4211/3942
f 884/4211/3942 4266/4218/3949 2001/4213/3944
f 860/4126/3860 1962/4128/3862 2003/4217/3948
f 2003/4217/3948 1962/4128/3862 4266/4218/3949
f 1962/4128/3862 1141/4132/3866 4266/4218/3949
f 4266/4218/3949 1141/4132/3866 2004/4219/3950
f 4266/4218/3949 2004/4219/3950 2001/4213/3944
f 2001/4213/3944 2004/4219/3950 1142/4214/3945
f 307/4220/3749 2005/4221/3951 1927/4222/3794
f 1927/4222/3794 2005/4221/3951 4267/4223/3952
f 2006/4224/3953 4267/4223/3952 888/4225/3954
f 888/4225/3954 4267/4223/3952 2005/4221/3951
f 1927/4222/3794 4267/4223/3952 803/4226/3797
f 803/4226/3797 4267/4223/3952 2006/4224/3953
f 803/4226/3797 2006/4224/3953 1929/4227/3799
f 1929/4227/3799 2006/4224/3953 4268/4228/3955
f 2006/4224/3953 888/4225/3954 4268/4228/3955
f 4268/4228/3955 888/4225/3954 2007/4229/3956
f 4268/4228/3955 2007/4229/3956 2008/4230/3957
f 2008/4230/3957 2007/4229/3956 1134/4231/3958
f 1929/4227/3799 4268/4228/3955 1111/4232/3801
f 1111/4232/3801 4268/4228/3955 2008/4230/3957
f 307/4220/3749 2009/4233/3959 2005/4221/3951
f 2005/4221/3951 2009/4233/3959 4269/4234/3960
f 2010/4235/3961 4269/4234/3960 890/4236/3962
f 890/4236/3962 4269/4234/3960 2009/4233/3959
f 2005/4221/3951 4269/4234/3960 888/4225/3954
f 888/4225/3954 4269/4234/3960 2010/4235/3961
f 888/4225/3954 2010/4235/3961 2007/4229/3956
f 2007/4229/3956 2010/4235/3961 4270/4237/3963
f 2010/4235/3961 890/4236/3962 4270/4237/3963
f 4270/4237/3963 890/4236/3962 2011/4238/3964
f 4270/4237/3963 2011/4238/3964 2012/4239/3965
f 2012/4239/3965 2011/4238/3964 1133/4240/3966
f 2007/4229/3956 4270/4237/3963 1134/4231/3958
f 1134/4231/3958 4270/4237/3963 2012/4239/3965
f 307/4220/3749 2013/4241/3967 2009/4233/3959
f 2009/4233/3959 2013/4241/3967 4271/4242/3968
f 2014/4243/3969 4271/4242/3968 892/4244/3970
f 892/4244/3970 4271/4242/3968 2013/4241/3967
f 2009/4233/3959 4271/4242/3968 890/4236/3962
f 890/4236/3962 4271/4242/3968 2014/4243/3969
f 890/4236/3962 2014/4243/3969 2011/4238/3964
f 2011/4238/3964 2014/4243/3969 4272/4245/3971
f 2014/4243/3969 892/4244/3970 4272/4245/3971
f 4272/4245/3971 892/4244/3970 2015/4246/3972
f 4272/4245/3971 2015/4246/3972 2016/4247/3973
f 2016/4247/3973 2015/4246/3972 1132/4248/3974
f 2011/4238/3964 4272/4245/3971 1133/4240/3966
f 1133/4240/3966 4272/4245/3971 2016/4247/3973
f 307/4220/3749 2017/4249/3975 2013/4241/3967
f 2013/4241/3967 2017/4249/3975 4273/4250/3976
f 2018/4251/3977 4273/4250/3976 894/4252/3978
f 894/4252/3978 4273/4250/3976 2017/4249/3975
f 2013/4241/3967 4273/4250/3976 892/4244/3970
f 892/4244/3970 4273/4250/3976 2018/4251/3977
f 892/4244/3970 2018/4251/3977 2015/4246/3972
f 2015/4246/3972 2018/4251/3977 4274/4253/3979
f 2018/4251/3977 894/4252/3978 4274/4253/3979
f 4274/4253/3979 894/4252/3978 2019/4254/3980
f 4274/4253/3979 2019/4254/3980 2020/4255/3981
f 2020/4255/3981 2019/4254/3980 1131/4256/3982
f 2015/4246/3972 4274/4253/3979 1132/4248/3974
f 1132/4248/3974 4274/4253/3979 2020/4255/3981
f 307/4257/3749 2021/4258/3983 2017/4259/3975
f 2017/4259/3975 2021/4258/3983 4275/4260/3984
f 2022/4261/3985 4275/4260/3984 896/4262/3986
f 896/4262/3986 4275/4260/3984 2021/4258/3983
f 2017/4259/3975 4275/4260/3984 894/4252/3978
f 894/4252/3978 4275/4260/3984 2022/4261/3985
f 894/4252/3978 2022/4261/3985 2019/4254/3980
f 2019/4254/3980 2022/4261/3985 4276/4263/3987
f 2022/4261/3985 896/4262/3986 4276/4263/3987
f 4276/4263/3987 896/4262/3986 2023/4264/3988
f 4276/4263/3987 2023/4264/3988 2024/4265/3989
f 2024/4265/3989 2023/4264/3988 1130/4266/3990
f 2019/4254/3980 4276/4263/3987 1131/4256/3982
f 1131/4256/3982 4276/4263/3987 2024/4265/3989
f 307/4257/3749 2025/4267/3991 2021/4258/3983
f 2021/4258/3983 2025/4267/3991 4277/4268/3992
f 2026/4269/3993 4277/4268/3992 886/4270/3994
f 886/4270/3994 4277/4268/3992 2025/4267/3991
f 2021/4258/3983 4277/4268/3992 896/4262/3986
f 896/4262/3986 4277/4268/3992 2026/4269/3993
f 896/4262/3986 2026/4269/3993 2023/4264/3988
f 2023/4264/3988 2026/4269/3993 4278/4271/3995
f 2026/4269/3993 886/4270/3994 4278/4271/3995
f 4278/4271/3995 886/4270/3994 2027/4272/3996
f 4278/4271/3995 2027/4272/3996 2028/4273/3997
f 2028/4273/3997 2027/4272/3996 1129/4274/3998
f 2023/4264/3988 4278/4271/3995 1130/4266/3990
f 1130/4266/3990 4278/4271/3995 2028/4273/3997
f 307/4257/3749 2029/4275/3999 2025/4267/3991
f 2025/4267/3991 2029/4275/3999 4279/4276/4000
f 2030/4277/4001 4279/4276/4000 898/4278/4002
f 898/4278/4002 4279/4276/4000 2029/4275/3999
f 2025/4267/3991 4279/4276/4000 886/4270/3994
f 886/4270/3994 4279/4276/4000 2030/4277/4001
f 886/4270/3994 2030/4277/4001 2027/4272/3996
f 2027/4272/3996 2030/4277/4001 4280/4279/4003
f 2030/4277/4001 898/4278/4002 4280/4279/4003
f 4280/4279/4003 898/4278/4002 2031/4280/4004
f 4280/4279/4003 2031/4280/4004 2032/4281/4005
f 2032/4281/4005 2031/4280/4004 1128/4282/4006
f 2027/4272/3996 4280/4279/4003 1129/4274/3998
f 1129/4274/3998 4280/4279/4003 2032/4281/4005
f 307/4257/3749 2033/4283/4007 2029/4275/3999
f 2029/4275/3999 2033/4283/4007 4281/4284/4008
f 2034/4285/4009 4281/4284/4008 900/4286/4010
f 900/4286/4010 4281/4284/4008 2033/4283/4007
f 2029/4275/3999 4281/4284/4008 898/4278/4002
f 898/4278/4002 4281/4284/4008 2034/4285/4009
f 898/4278/4002 2034/4285/4009 2031/4280/4004
f 2031/4280/4004 2034/4285/4009 4282/4287/4011
f 900/4286/4010 2035/4288/4012 2034/4285/4009
f 2034/4285/4009 2035/4288/4012 4282/4287/4011
f 4282/4287/4011 2035/4288/4012 2036/4289/4013
f 2036/4289/4013 2035/4288/4012 1127/4290/4014
f 2031/4280/4004 4282/4287/4011 1128/4282/4006
f 1128/4282/4006 4282/4287/4011 2036/4289/4013
f 307/4291/3749 2037/4292/4015 2033/4293/4007
f 2033/4293/4007 2037/4292/4015 4283/4294/4016
f 2038/4295/4017 4283/4294/4016 902/4296/4018
f 902/4296/4018 4283/4294/4016 2037/4292/4015
f 2033/4293/4007 4283/4294/4016 900/4286/4010
f 900/4286/4010 4283/4294/4016 2038/4295/4017
f 900/4286/4010 2038/4295/4017 2035/4288/4012
f 2035/4288/4012 2038/4295/4017 4284/4297/4019
f 902/4296/4018 2039/4298/4020 2038/4295/4017
f 2038/4295/4017 2039/4298/4020 4284/4297/4019
f 4284/4297/4019 2039/4298/4020 2040/4299/4021
f 2040/4299/4021 2039/4298/4020 1126/4300/4022
f 2035/4288/4012 4284/4297/4019 1127/4290/4014
f 1127/4290/4014 4284/4297/4019 2040/4299/4021
f 307/4291/3749 2041/4301/4023 2037/4292/4015
f 2037/4292/4015 2041/4301/4023 4285/4302/4024
f 2042/4303/4025 4285/4302/4024 904/4304/4026
f 904/4304/4026 4285/4302/4024 2041/4301/4023
f 2037/4292/4015 4285/4302/4024 902/4296/4018
f 902/4296/4018 4285/4302/4024 2042/4303/4025
f 902/4296/4018 2042/4303/4025 2039/4298/4020
f 2039/4298/4020 2042/4303/4025 4286/4305/4027
f 904/4304/4026 2043/4306/4028 2042/4303/4025
f 2042/4303/4025 2043/4306/4028 4286/4305/4027
f 2043/4306/4028 1125/4307/4029 4286/4305/4027
f 4286/4305/4027 1125/4307/4029 2044/4308/4030
f 4286/4305/4027 2044/4308/4030 2039/4298/4020
f 2039/4298/4020 2044/4308/4030 1126/4300/4022
f 307/4291/3749 2045/4309/4031 2041/4301/4023
f 2041/4301/4023 2045/4309/4031 4287/4310/4032
f 2046/4311/4033 4287/4310/4032 906/4312/4034
f 906/4312/4034 4287/4310/4032 2045/4309/4031
f 2041/4301/4023 4287/4310/4032 904/4304/4026
f 904/4304/4026 4287/4310/4032 2046/4311/4033
f 2046/4311/4033 4288/4313/4035 904/4304/4026
f 904/4304/4026 4288/4313/4035 2043/4306/4028
f 906/4312/4034 2047/4314/4036 2046/4311/4033
f 2046/4311/4033 2047/4314/4036 4288/4313/4035
f 2047/4314/4036 1124/4315/4037 4288/4313/4035
f 4288/4313/4035 1124/4315/4037 2048/4316/4038
f 4288/4313/4035 2048/4316/4038 2043/4306/4028
f 2043/4306/4028 2048/4316/4038 1125/4307/4029
f 307/4291/3749 2049/4317/4039 2045/4309/4031
f 2045/4309/4031 2049/4317/4039 4289/4318/4040
f 2050/4319/4041 4289/4318/4040 908/4320/4042
f 908/4320/4042 4289/4318/4040 2049/4317/4039
f 2045/4309/4031 4289/4318/4040 906/4312/4034
f 906/4312/4034 4289/4318/4040 2050/4319/4041
f 2050/4319/4041 4290/4321/4043 906/4312/4034
f 906/4312/4034 4290/4321/4043 2047/4314/4036
f 908/4320/4042 2051/4322/4044 2050/4319/4041
f 2050/4319/4041 2051/4322/4044 4290/4321/4043
f 2051/4322/4044 1123/4323/4045 4290/4321/4043
f 4290/4321/4043 1123/4323/4045 2052/4324/4046
f 4290/4321/4043 2052/4324/4046 2047/4314/4036
f 2047/4314/4036 2052/4324/4046 1124/4315/4037
f 307/4291/3749 2053/4325/4047 2049/4317/4039
f 2049/4317/4039 2053/4325/4047 4291/4326/4048
f 2054/4327/4049 4291/4326/4048 965/4328/4050
f 965/4328/4050 4291/4326/4048 2053/4325/4047
f 2049/4317/4039 4291/4326/4048 908/4320/4042
f 908/4320/4042 4291/4326/4048 2054/4327/4049
f 2054/4327/4049 4292/4329/4051 908/4320/4042
f 908/4320/4042 4292/4329/4051 2051/4322/4044
f 965/4328/4050 2055/4330/4052 2054/4327/4049
f 2054/4327/4049 2055/4330/4052 4292/4329/4051
f 2055/4330/4052 1122/4331/4053 4292/4329/4051
f 4292/4329/4051 1122/4331/4053 2056/4332/4054
f 4292/4329/4051 2056/4332/4054 2051/4322/4044
f 2051/4322/4044 2056/4332/4054 1123/4323/4045
f 307/4291/3749 2057/4333/4055 2053/4325/4047
f 2053/4325/4047 2057/4333/4055 4293/4334/4056
f 2058/4335/4057 4293/4334/4056 967/4336/4058
f 967/4336/4058 4293/4334/4056 2057/4333/4055
f 2053/4325/4047 4293/4334/4056 965/4328/4050
f 965/4328/4050 4293/4334/4056 2058/4335/4057
f 2058/4335/4057 4294/4337/4059 965/4328/4050
f 965/4328/4050 4294/4337/4059 2055/4330/4052
f 967/4336/4058 2059/4338/4060 2058/4335/4057
f 2058/4335/4057 2059/4338/4060 4294/4337/4059
f 2059/4338/4060 1121/4339/4061 4294/4337/4059
f 4294/4337/4059 1121/4339/4061 2060/4340/4062
f 4294/4337/4059 2060/4340/4062 2055/4330/4052
f 2055/4330/4052 2060/4340/4062 1122/4331/4053
f 307/4291/3749 2061/4341/4063 2057/4333/4055
f 2057/4333/4055 2061/4341/4063 4295/4342/4064
f 2062/4343/4065 4295/4342/4064 969/4344/4066
f 969/4344/4066 4295/4342/4064 2061/4341/4063
f 2057/4333/4055 4295/4342/4064 967/4336/4058
f 967/4336/4058 4295/4342/4064 2062/4343/4065
f 2062/4343/4065 4296/4345/4067 967/4336/4058
f 967/4336/4058 4296/4345/4067 2059/4338/4060
f 969/4344/4066 2063/4346/4068 2062/4343/4065
f 2062/4343/4065 2063/4346/4068 4296/4345/4067
f 2063/4346/4068 1120/4347/4069 4296/4345/4067
f 4296/4345/4067 1120/4347/4069 2064/4348/4070
f 4296/4345/4067 2064/4348/4070 2059/4338/4060
f 2059/4338/4060 2064/4348/4070 1121/4339/4061
f 307/4291/3749 2065/4349/4071 2061/4341/4063
f 2061/4341/4063 2065/4349/4071 4297/4350/4072
f 2066/4351/4073 4297/4350/4072 971/4352/4074
f 971/4352/4074 4297/4350/4072 2065/4349/4071
f 2061/4341/4063 4297/4350/4072 969/4344/4066
f 969/4344/4066 4297/4350/4072 2066/4351/4073
f 2066/4351/4073 4298/4353/4075 969/4344/4066
f 969/4344/4066 4298/4353/4075 2063/4346/4068
f 971/4352/4074 2067/4354/4076 2066/4351/4073
f 2066/4351/4073 2067/4354/4076 4298/4353/4075
f 2067/4354/4076 1119/4355/4077 4298/4353/4075
f 4298/4353/4075 1119/4355/4077 2068/4356/4078
f 4298/4353/4075 2068/4356/4078 2063/4346/4068
f 2063/4346/4068 2068/4356/4078 1120/4347/4069
f 307/4357/3749 2069/4358/4079 2065/4359/4071
f 2065/4359/4071 2069/4358/4079 4299/4360/4080
f 2070/4361/4081 4299/4360/4080 973/4362/4082
f 973/4362/4082 4299/4360/4080 2069/4358/4079
f 2065/4359/4071 4299/4360/4080 971/4352/4074
f 971/4352/4074 4299/4360/4080 2070/4361/4081
f 2070/4361/4081 4300/4363/4083 971/4352/4074
f 971/4352/4074 4300/4363/4083 2067/4354/4076
f 973/4362/4082 2071/4364/4084 2070/4361/4081
f 2070/4361/4081 2071/4364/4084 4300/4363/4083
f 2071/4364/4084 1118/4365/4085 4300/4363/4083
f 4300/4363/4083 1118/4365/4085 2072/4366/4086
f 4300/4363/4083 2072/4366/4086 2067/4354/4076
f 2067/4354/4076 2072/4366/4086 1119/4355/4077
f 307/4357/3749 1907/4367/3751 2069/4358/4079
f 2069/4358/4079 1907/4367/3751 4301/4368/4087
f 2073/4369/4088 4301/4368/4087 808/4370/3755
f 808/4370/3755 4301/4368/4087 1907/4367/3751
f 2069/4358/4079 4301/4368/4087 973/4362/4082
f 973/4362/4082 4301/4368/4087 2073/4369/4088
f 2073/4369/4088 4302/4371/4089 973/4362/4082
f 973/4362/4082 4302/4371/4089 2071/4364/4084
f 808/4370/3755 1910/4372/3757 2073/4369/4088
f 2073/4369/4088 1910/4372/3757 4302/4371/4089
f 1910/4372/3757 1117/4373/3761 4302/4371/4089
f 4302/4371/4089 1117/4373/3761 2074/4374/4090
f 4302/4371/4089 2074/4374/4090 2071/4364/4084
f 2071/4364/4084 2074/4374/4090 1118/4365/4085
f 347/4102/3802 2075/4375/4091 1953/4112/3847
f 1953/4112/3847 2075/4375/4091 4303/4376/4092
f 2076/4377/4093 4303/4376/4092 1101/4378/4094
f 1101/4378/4094 4303/4376/4092 2075/4375/4091
f 1953/4112/3847 4303/4376/4092 857/4115/3850
f 857/4115/3850 4303/4376/4092 2076/4377/4093
f 857/4115/3850 2076/4377/4093 1955/4117/3852
f 1955/4117/3852 2076/4377/4093 4304/4379/4095
f 2076/4377/4093 1101/4378/4094 4304/4379/4095
f 4304/4379/4095 1101/4378/4094 2077/4380/4096
f 4304/4379/4095 2077/4380/4096 2078/4381/4097
f 2078/4381/4097 2077/4380/4096 1152/4382/4098
f 1955/4117/3852 4304/4379/4095 1153/4119/3854
f 1153/4119/3854 4304/4379/4095 2078/4381/4097
f 347/4102/3802 2079/4383/4099 2075/4375/4091
f 2075/4375/4091 2079/4383/4099 4305/4384/4100
f 2080/4385/4101 4305/4384/4100 1103/4386/4102
f 1103/4386/4102 4305/4384/4100 2079/4383/4099
f 2075/4375/4091 4305/4384/4100 1101/4378/4094
f 1101/4378/4094 4305/4384/4100 2080/4385/4101
f 1101/4378/4094 2080/4385/4101 2077/4380/4096
f 2077/4380/4096 2080/4385/4101 4306/4387/4103
f 2080/4385/4101 1103/4386/4102 4306/4387/4103
f 4306/4387/4103 1103/4386/4102 2081/4388/4104
f 4306/4387/4103 2081/4388/4104 2082/4389/4105
f 2082/4389/4105 2081/4388/4104 1151/4390/4106
f 2077/4380/4096 4306/4387/4103 1152/4382/4098
f 1152/4382/4098 4306/4387/4103 2082/4389/4105
f 347/4102/3802 2083/4391/4107 2079/4383/4099
f 2079/4383/4099 2083/4391/4107 4307/4392/4108
f 2084/4393/4109 4307/4392/4108 1105/4394/4110
f 1105/4394/4110 4307/4392/4108 2083/4391/4107
f 2079/4383/4099 4307/4392/4108 1103/4386/4102
f 1103/4386/4102 4307/4392/4108 2084/4393/4109
f 1103/4386/4102 2084/4393/4109 2081/4388/4104
f 2081/4388/4104 2084/4393/4109 4308/4395/4111
f 2084/4393/4109 1105/4394/4110 4308/4395/4111
f 4308/4395/4111 1105/4394/4110 2085/4396/4112
f 4308/4395/4111 2085/4396/4112 2086/4397/4113
f 2086/4397/4113 2085/4396/4112 1150/4398/4114
f 2081/4388/4104 4308/4395/4111 1151/4390/4106
f 1151/4390/4106 4308/4395/4111 2086/4397/4113
f 347/4102/3802 2087/4399/4115 2083/4391/4107
f 2083/4391/4107 2087/4399/4115 4309/4400/4116
f 2088/4401/4117 4309/4400/4116 1107/4402/4118
f 1107/4402/4118 4309/4400/4116 2087/4399/4115
f 2083/4391/4107 4309/4400/4116 1105/4394/4110
f 1105/4394/4110 4309/4400/4116 2088/4401/4117
f 1105/4394/4110 2088/4401/4117 2085/4396/4112
f 2085/4396/4112 2088/4401/4117 4310/4403/4119
f 2088/4401/4117 1107/4402/4118 4310/4403/4119
f 4310/4403/4119 1107/4402/4118 2089/4404/4120
f 4310/4403/4119 2089/4404/4120 2090/4405/4121
f 2090/4405/4121 2089/4404/4120 1149/4406/4122
f 2085/4396/4112 4310/4403/4119 1150/4398/4114
f 1150/4398/4114 4310/4403/4119 2090/4405/4121
f 347/4170/3802 2091/4407/4123 2087/4408/4115
f 2087/4408/4115 2091/4407/4123 4311/4409/4124
f 2092/4410/4125 4311/4409/4124 1109/4411/4126
f 1109/4411/4126 4311/4409/4124 2091/4407/4123
f 2087/4408/4115 4311/4409/4124 1107/4402/4118
f 1107/4402/4118 4311/4409/4124 2092/4410/4125
f 1107/4402/4118 2092/4410/4125 2089/4404/4120
f 2089/4404/4120 2092/4410/4125 4312/4412/4127
f 2092/4410/4125 1109/4411/4126 4312/4412/4127
f 4312/4412/4127 1109/4411/4126 2093/4413/4128
f 4312/4412/4127 2093/4413/4128 2094/4414/4129
f 2094/4414/4129 2093/4413/4128 1148/4415/4130
f 2089/4404/4120 4312/4412/4127 1149/4406/4122
f 1149/4406/4122 4312/4412/4127 2094/4414/4129
f 347/4170/3802 1983/4172/3904 2091/4407/4123
f 2091/4407/4123 1983/4172/3904 4313/4416/4131
f 2095/4417/4132 4313/4416/4131 874/4176/3908
f 874/4176/3908 4313/4416/4131 1983/4172/3904
f 2091/4407/4123 4313/4416/4131 1109/4411/4126
f 1109/4411/4126 4313/4416/4131 2095/4417/4132
f 1109/4411/4126 2095/4417/4132 2093/4413/4128
f 2093/4413/4128 2095/4417/4132 4314/4418/4133
f 2095/4417/4132 874/4176/3908 4314/4418/4133
f 4314/4418/4133 874/4176/3908 1986/4177/3909
f 4314/4418/4133 1986/4177/3909 2096/4419/4134
f 2096/4419/4134 1986/4177/3909 1147/4182/3914
f 2093/4413/4128 4314/4418/4133 1148/4415/4130
f 1148/4415/4130 4314/4418/4133 2096/4419/4134
f 1112/4056/3793 1930/4063/3800 2098/4420/4135
f 2098/4420/4135 1930/4063/3800 4315/4421/4136
f 1930/4063/3800 1111/4064/3801 4315/4421/4136
f 4315/4421/4136 1111/4064/3801 2097/4422/4137
f 2097/4422/4137 804/1062/1169 4315/4421/4136
f 4315/4421/4136 804/1062/1169 2758/1064/1171
f 4315/4421/4136 2758/1064/1171 2098/4420/4135
f 2098/4420/4135 2758/1064/1171 819/1077/1184
f 1113/4046/3785 1926/4055/3792 2099/4423/4138
f 2099/4423/4138 1926/4055/3792 4316/4424/4139
f 1926/4055/3792 1112/4056/3793 4316/4424/4139
f 4316/4424/4139 1112/4056/3793 2098/4420/4135
f 2098/4420/4135 819/1077/1184 4316/4424/4139
f 4316/4424/4139 819/1077/1184 2757/1075/1182
f 4316/4424/4139 2757/1075/1182 2099/4423/4138
f 2099/4423/4138 2757/1075/1182 817/1076/1183
f 1114/4038/3777 1922/4045/3784 2100/4425/4140
f 2100/4425/4140 1922/4045/3784 4317/4426/4141
f 1922/4045/3784 1113/4046/3785 4317/4426/4141
f 4317/4426/4141 1113/4046/3785 2099/4423/4138
f 2099/4423/4138 817/1076/1183 4317/4426/4141
f 4317/4426/4141 817/1076/1183 2756/1073/1180
f 4317/4426/4141 2756/1073/1180 2100/4425/4140
f 2100/4425/4140 2756/1073/1180 815/1074/1181
f 1918/4037/3776 4318/4427/4142 1115/4029/3768
f 1115/4029/3768 4318/4427/4142 2101/4428/4143
f 1918/4037/3776 1114/4038/3777 4318/4427/4142
f 4318/4427/4142 1114/4038/3777 2100/4425/4140
f 4318/4427/4142 2100/4425/4140 2755/1072/1179
f 2755/1072/1179 2100/4425/4140 815/1074/1181
f 2101/4428/4143 4318/4427/4142 813/1071/1178
f 813/1071/1178 4318/4427/4142 2755/1072/1179
f 1914/4030/3769 4319/4429/4144 1116/4020/3759
f 1116/4020/3759 4319/4429/4144 2102/4430/4145
f 1115/4029/3768 2101/4428/4143 1914/4030/3769
f 1914/4030/3769 2101/4428/4143 4319/4429/4144
f 4319/4429/4144 2101/4428/4143 2754/1069/1176
f 2754/1069/1176 2101/4428/4143 813/1071/1178
f 2102/4430/4145 4319/4429/4144 811/1070/1177
f 811/1070/1177 4319/4429/4144 2754/1069/1176
f 1909/4021/3760 4320/4431/4146 1117/4022/3761
f 1117/4022/3761 4320/4431/4146 2103/4432/4147
f 1116/4020/3759 2102/4430/4145 1909/4021/3760
f 1909/4021/3760 2102/4430/4145 4320/4431/4146
f 4320/4431/4146 2102/4430/4145 2753/1068/1175
f 2753/1068/1175 2102/4430/4145 811/1070/1177
f 2103/4432/4147 4320/4431/4146 809/1067/1174
f 809/1067/1174 4320/4431/4146 2753/1068/1175
f 2074/4374/4090 4321/4433/4148 1118/4365/4085
f 1118/4365/4085 4321/4433/4148 2104/4434/4149
f 1117/4373/3761 2103/4435/4147 2074/4374/4090
f 2074/4374/4090 2103/4435/4147 4321/4433/4148
f 2103/4435/4147 809/1529/1174 4321/4433/4148
f 4321/4433/4148 809/1529/1174 2970/1531/1601
f 4321/4433/4148 2970/1531/1601 2104/4434/4149
f 2104/4434/4149 2970/1531/1601 974/1546/1616
f 2072/4366/4086 4322/4436/4150 1119/4355/4077
f 1119/4355/4077 4322/4436/4150 2105/4437/4151
f 1118/4365/4085 2104/4434/4149 2072/4366/4086
f 2072/4366/4086 2104/4434/4149 4322/4436/4150
f 2104/4434/4149 974/1546/1616 4322/4436/4150
f 4322/4436/4150 974/1546/1616 2969/1545/1615
f 4322/4436/4150 2969/1545/1615 2105/4437/4151
f 2105/4437/4151 2969/1545/1615 972/1544/1614
f 2068/4356/4078 4323/4438/4152 1120/4347/4069
f 1120/4347/4069 4323/4438/4152 2106/4439/4153
f 1119/4355/4077 2105/4437/4151 2068/4356/4078
f 2068/4356/4078 2105/4437/4151 4323/4438/4152
f 2105/4437/4151 972/1544/1614 4323/4438/4152
f 4323/4438/4152 972/1544/1614 2968/1542/1612
f 4323/4438/4152 2968/1542/1612 2106/4439/4153
f 2106/4439/4153 2968/1542/1612 970/1543/1613
f 2064/4348/4070 4324/4440/4154 1121/4339/4061
f 1121/4339/4061 4324/4440/4154 2107/4441/4155
f 1120/4347/4069 2106/4439/4153 2064/4348/4070
f 2064/4348/4070 2106/4439/4153 4324/4440/4154
f 2106/4439/4153 970/1543/1613 4324/4440/4154
f 4324/4440/4154 970/1543/1613 2967/1541/1611
f 2107/4441/4155 4324/4440/4154 968/1540/1610
f 968/1540/1610 4324/4440/4154 2967/1541/1611
f 2060/4340/4062 4325/4442/4156 1122/4331/4053
f 1122/4331/4053 4325/4442/4156 2108/4443/4157
f 1121/4339/4061 2107/4441/4155 2060/4340/4062
f 2060/4340/4062 2107/4441/4155 4325/4442/4156
f 4325/4442/4156 2107/4441/4155 2966/1539/1609
f 2966/1539/1609 2107/4441/4155 968/1540/1610
f 2108/4443/4157 4325/4442/4156 966/1538/1608
f 966/1538/1608 4325/4442/4156 2966/1539/1609
f 2056/4332/4054 4326/4444/4158 1123/4323/4045
f 1123/4323/4045 4326/4444/4158 2109/4445/4159
f 1122/4331/4053 2108/4443/4157 2056/4332/4054
f 2056/4332/4054 2108/4443/4157 4326/4444/4158
f 4326/4444/4158 2108/4443/4157 2965/1537/1607
f 2965/1537/1607 2108/4443/4157 966/1538/1608
f 2109/4445/4159 4326/4444/4158 909/1295/1400
f 909/1295/1400 4326/4444/4158 2965/1537/1607
f 2052/4324/4046 4327/4446/4160 1124/4315/4037
f 1124/4315/4037 4327/4446/4160 2110/4447/4161
f 1123/4323/4045 2109/4445/4159 2052/4324/4046
f 2052/4324/4046 2109/4445/4159 4327/4446/4160
f 2109/4445/4159 909/1295/1400 4327/4446/4160
f 4327/4446/4160 909/1295/1400 2862/1294/1399
f 4327/4446/4160 2862/1294/1399 2110/4447/4161
f 2110/4447/4161 2862/1294/1399 907/1293/1398
f 2048/4316/4038 4328/4448/4162 1125/4307/4029
f 1125/4307/4029 4328/4448/4162 2111/4449/4163
f 1124/4315/4037 2110/4447/4161 2048/4316/4038
f 2048/4316/4038 2110/4447/4161 4328/4448/4162
f 2110/4447/4161 907/1293/1398 4328/4448/4162
f 4328/4448/4162 907/1293/1398 2861/1292/1397
f 4328/4448/4162 2861/1292/1397 2111/4449/4163
f 2111/4449/4163 2861/1292/1397 905/1291/1396
f 2044/4308/4030 4329/4450/4164 1126/4300/4022
f 1126/4300/4022 4329/4450/4164 2112/4451/4165
f 1125/4307/4029 2111/4449/4163 2044/4308/4030
f 2044/4308/4030 2111/4449/4163 4329/4450/4164
f 2111/4449/4163 905/1291/1396 4329/4450/4164
f 4329/4450/4164 905/1291/1396 2860/1289/1394
f 4329/4450/4164 2860/1289/1394 2112/4451/4165
f 2112/4451/4165 2860/1289/1394 903/1290/1395
f 1127/4290/4014 2040/4299/4021 2113/4452/4166
f 2113/4452/4166 2040/4299/4021 4330/4453/4167
f 2040/4299/4021 1126/4300/4022 4330/4453/4167
f 4330/4453/4167 1126/4300/4022 2112/4451/4165
f 2112/4451/4165 903/1290/1395 4330/4453/4167
f 4330/4453/4167 903/1290/1395 2859/1288/1393
f 2113/4452/4166 4330/4453/4167 901/1287/1392
f 901/1287/1392 4330/4453/4167 2859/1288/1393
f 1128/4282/4006 2036/4289/4013 2114/4454/4168
f 2114/4454/4168 2036/4289/4013 4331/4455/4169
f 2036/4289/4013 1127/4290/4014 4331/4455/4169
f 4331/4455/4169 1127/4290/4014 2113/4452/4166
f 4331/4455/4169 2113/4452/4166 2858/1285/1390
f 2858/1285/1390 2113/4452/4166 901/1287/1392
f 2114/4454/4168 4331/4455/4169 899/1286/1391
f 899/1286/1391 4331/4455/4169 2858/1285/1390
f 1129/4274/3998 2032/4281/4005 2115/4456/4170
f 2115/4456/4170 2032/4281/4005 4332/4457/4171
f 2032/4281/4005 1128/4282/4006 4332/4457/4171
f 4332/4457/4171 1128/4282/4006 2114/4454/4168
f 4332/4457/4171 2114/4454/4168 2857/1284/1389
f 2857/1284/1389 2114/4454/4168 899/1286/1391
f 2115/4456/4170 4332/4457/4171 887/1283/1388
f 887/1283/1388 4332/4457/4171 2857/1284/1389
f 1130/4266/3990 2028/4273/3997 2117/4458/4172
f 2117/4458/4172 2028/4273/3997 4333/4459/4173
f 2028/4273/3997 1129/4274/3998 4333/4459/4173
f 4333/4459/4173 1129/4274/3998 2115/4456/4170
f 2115/4456/4170 887/1283/1388 4333/4459/4173
f 4333/4459/4173 887/1283/1388 2116/4460/4174
f 4333/4459/4173 2116/4460/4174 2117/4458/4172
f 2117/4458/4172 2116/4460/4174 897/4461/4175
f 1131/4256/3982 2024/4265/3989 2119/4462/4176
f 2119/4462/4176 2024/4265/3989 4334/4463/4177
f 2024/4265/3989 1130/4266/3990 4334/4463/4177
f 4334/4463/4177 1130/4266/3990 2117/4458/4172
f 2117/4458/4172 897/4461/4175 4334/4463/4177
f 4334/4463/4177 897/4461/4175 2118/4464/4178
f 4334/4463/4177 2118/4464/4178 2119/4462/4176
f 2119/4462/4176 2118/4464/4178 895/4465/4179
f 1132/4248/3974 2020/4255/3981 2121/4466/4180
f 2121/4466/4180 2020/4255/3981 4335/4467/4181
f 2020/4255/3981 1131/4256/3982 4335/4467/4181
f 4335/4467/4181 1131/4256/3982 2119/4462/4176
f 2119/4462/4176 895/4465/4179 4335/4467/4181
f 4335/4467/4181 895/4465/4179 2120/4468/4182
f 2121/4466/4180 4335/4467/4181 893/4469/4183
f 893/4469/4183 4335/4467/4181 2120/4468/4182
f 1133/4240/3966 2016/4247/3973 2123/4470/4184
f 2123/4470/4184 2016/4247/3973 4336/4471/4185
f 2016/4247/3973 1132/4248/3974 4336/4471/4185
f 4336/4471/4185 1132/4248/3974 2121/4466/4180
f 4336/4471/4185 2121/4466/4180 2122/4472/4186
f 2122/4472/4186 2121/4466/4180 893/4469/4183
f 2123/4470/4184 4336/4471/4185 891/4473/4187
f 891/4473/4187 4336/4471/4185 2122/4472/4186
f 1134/4231/3958 2012/4239/3965 2125/4474/4188
f 2125/4474/4188 2012/4239/3965 4337/4475/4189
f 2012/4239/3965 1133/4240/3966 4337/4475/4189
f 4337/4475/4189 1133/4240/3966 2123/4470/4184
f 4337/4475/4189 2123/4470/4184 2124/4476/4190
f 2124/4476/4190 2123/4470/4184 891/4473/4187
f 2125/4474/4188 4337/4475/4189 889/4477/4191
f 889/4477/4191 4337/4475/4189 2124/4476/4190
f 1111/4232/3801 2008/4230/3957 2097/4478/4137
f 2097/4478/4137 2008/4230/3957 4338/4479/4192
f 2008/4230/3957 1134/4231/3958 4338/4479/4192
f 4338/4479/4192 1134/4231/3958 2125/4474/4188
f 4338/4479/4192 2125/4474/4188 2126/4480/4193
f 2126/4480/4193 2125/4474/4188 889/4477/4191
f 2097/4478/4137 4338/4479/4192 804/4481/1169
f 804/4481/1169 4338/4479/4192 2126/4480/4193
f 1980/4169/3902 4339/4482/4194 1136/4164/3897
f 1136/4164/3897 4339/4482/4194 2129/4483/4195
f 1135/4077/3814 2127/4484/4196 1980/4169/3902
f 1980/4169/3902 2127/4484/4196 4339/4482/4194
f 2127/4484/4196 846/1217/1324 4339/4482/4194
f 4339/4482/4194 846/1217/1324 2128/4485/4197
f 4339/4482/4194 2128/4485/4197 2129/4483/4195
f 2129/4483/4195 2128/4485/4197 871/4486/4198
f 1978/4165/3898 4340/4487/4199 1137/4155/3889
f 1137/4155/3889 4340/4487/4199 2131/4488/4200
f 1136/4164/3897 2129/4483/4195 1978/4165/3898
f 1978/4165/3898 2129/4483/4195 4340/4487/4199
f 2129/4483/4195 871/4486/4198 4340/4487/4199
f 4340/4487/4199 871/4486/4198 2130/4489/4201
f 4340/4487/4199 2130/4489/4201 2131/4488/4200
f 2131/4488/4200 2130/4489/4201 869/4490/4202
f 1974/4156/3890 4341/4491/4203 1138/4147/3881
f 1138/4147/3881 4341/4491/4203 2133/4492/4204
f 1137/4155/3889 2131/4488/4200 1974/4156/3890
f 1974/4156/3890 2131/4488/4200 4341/4491/4203
f 2131/4488/4200 869/4490/4202 4341/4491/4203
f 4341/4491/4203 869/4490/4202 2132/4493/4205
f 4341/4491/4203 2132/4493/4205 2133/4492/4204
f 2133/4492/4204 2132/4493/4205 867/4494/4206
f 1970/4148/3882 4342/4495/4207 1139/4139/3873
f 1139/4139/3873 4342/4495/4207 2135/4496/4208
f 1138/4147/3881 2133/4492/4204 1970/4148/3882
f 1970/4148/3882 2133/4492/4204 4342/4495/4207
f 2133/4492/4204 867/4494/4206 4342/4495/4207
f 4342/4495/4207 867/4494/4206 2134/4497/4209
f 2135/4496/4208 4342/4495/4207 865/4498/4210
f 865/4498/4210 4342/4495/4207 2134/4497/4209
f 1966/4140/3874 4343/4499/4211 1140/4130/3864
f 1140/4130/3864 4343/4499/4211 2137/4500/4212
f 1139/4139/3873 2135/4496/4208 1966/4140/3874
f 1966/4140/3874 2135/4496/4208 4343/4499/4211
f 4343/4499/4211 2135/4496/4208 2136/4501/4213
f 2136/4501/4213 2135/4496/4208 865/4498/4210
f 2137/4500/4212 4343/4499/4211 863/4502/4214
f 863/4502/4214 4343/4499/4211 2136/4501/4213
f 1961/4131/3865 4344/4503/4215 1141/4132/3866
f 1141/4132/3866 4344/4503/4215 2139/4504/4216
f 1140/4130/3864 2137/4500/4212 1961/4131/3865
f 1961/4131/3865 2137/4500/4212 4344/4503/4215
f 4344/4503/4215 2137/4500/4212 2138/4505/4217
f 2138/4505/4217 2137/4500/4212 863/4502/4214
f 2139/4504/4216 4344/4503/4215 861/4506/4218
f 861/4506/4218 4344/4503/4215 2138/4505/4217
f 2004/4219/3950 4345/4507/4219 1142/4214/3945
f 1142/4214/3945 4345/4507/4219 2141/4508/4220
f 1141/4132/3866 2139/4504/4216 2004/4219/3950
f 2004/4219/3950 2139/4504/4216 4345/4507/4219
f 2139/4504/4216 861/4506/4218 4345/4507/4219
f 4345/4507/4219 861/4506/4218 2140/4509/4221
f 4345/4507/4219 2140/4509/4221 2141/4508/4220
f 2141/4508/4220 2140/4509/4221 885/4510/4222
f 2002/4215/3946 4346/4511/4223 1143/4205/3937
f 1143/4205/3937 4346/4511/4223 2143/4512/4224
f 1142/4214/3945 2141/4508/4220 2002/4215/3946
f 2002/4215/3946 2141/4508/4220 4346/4511/4223
f 2141/4508/4220 885/4510/4222 4346/4511/4223
f 4346/4511/4223 885/4510/4222 2142/4513/4225
f 4346/4511/4223 2142/4513/4225 2143/4512/4224
f 2143/4512/4224 2142/4513/4225 883/4514/4226
f 1998/4206/3938 4347/4515/4227 1144/4198/3930
f 1144/4198/3930 4347/4515/4227 2145/4516/4228
f 1143/4205/3937 2143/4512/4224 1998/4206/3938
f 1998/4206/3938 2143/4512/4224 4347/4515/4227
f 2143/4512/4224 883/4514/4226 4347/4515/4227
f 4347/4515/4227 883/4514/4226 2144/4517/4229
f 2145/4516/4228 4347/4515/4227 881/4518/4230
f 881/4518/4230 4347/4515/4227 2144/4517/4229
f 1145/4190/3922 1994/4197/3929 2147/4519/4231
f 2147/4519/4231 1994/4197/3929 4348/4520/4232
f 1994/4197/3929 1144/4198/3930 4348/4520/4232
f 4348/4520/4232 1144/4198/3930 2145/4516/4228
f 4348/4520/4232 2145/4516/4228 2146/4521/4233
f 2146/4521/4233 2145/4516/4228 881/4518/4230
f 2147/4519/4231 4348/4520/4232 879/4522/4234
f 879/4522/4234 4348/4520/4232 2146/4521/4233
f 1146/4181/3913 1990/4189/3921 2149/4523/4235
f 2149/4523/4235 1990/4189/3921 4349/4524/4236
f 1990/4189/3921 1145/4190/3922 4349/4524/4236
f 4349/4524/4236 1145/4190/3922 2147/4519/4231
f 4349/4524/4236 2147/4519/4231 2148/4525/4237
f 2148/4525/4237 2147/4519/4231 879/4522/4234
f 2149/4523/4235 4349/4524/4236 877/4526/4238
f 877/4526/4238 4349/4524/4236 2148/4525/4237
f 1147/4182/3914 1985/4180/3912 2151/4527/4239
f 2151/4527/4239 1985/4180/3912 4350/4528/4240
f 1985/4180/3912 1146/4181/3913 4350/4528/4240
f 4350/4528/4240 1146/4181/3913 2149/4523/4235
f 4350/4528/4240 2149/4523/4235 2150/4529/4241
f 2150/4529/4241 2149/4523/4235 877/4526/4238
f 2151/4527/4239 4350/4528/4240 875/2278/2232
f 875/2278/2232 4350/4528/4240 2150/4529/4241
f 1148/4415/4130 2096/4419/4134 2152/4530/4242
f 2152/4530/4242 2096/4419/4134 4351/4531/4243
f 2096/4419/4134 1147/4182/3914 4351/4531/4243
f 4351/4531/4243 1147/4182/3914 2151/4527/4239
f 2151/4527/4239 875/2278/2232 4351/4531/4243
f 4351/4531/4243 875/2278/2232 3279/2277/2231
f 4351/4531/4243 3279/2277/2231 2152/4530/4242
f 2152/4530/4242 3279/2277/2231 1110/2276/2230
f 1149/4406/4122 2094/4414/4129 2153/4532/4244
f 2153/4532/4244 2094/4414/4129 4352/4533/4245
f 2094/4414/4129 1148/4415/4130 4352/4533/4245
f 4352/4533/4245 1148/4415/4130 2152/4530/4242
f 2152/4530/4242 1110/2276/2230 4352/4533/4245
f 4352/4533/4245 1110/2276/2230 3278/2275/2229
f 4352/4533/4245 3278/2275/2229 2153/4532/4244
f 2153/4532/4244 3278/2275/2229 1108/2274/2228
f 1150/4398/4114 2090/4405/4121 2154/4534/4246
f 2154/4534/4246 2090/4405/4121 4353/4535/4247
f 2090/4405/4121 1149/4406/4122 4353/4535/4247
f 4353/4535/4247 1149/4406/4122 2153/4532/4244
f 2153/4532/4244 1108/2274/2228 4353/4535/4247
f 4353/4535/4247 1108/2274/2228 3277/2272/2226
f 2154/4534/4246 4353/4535/4247 1106/2273/2227
f 1106/2273/2227 4353/4535/4247 3277/2272/2226
f 1151/4390/4106 2086/4397/4113 2155/4536/4248
f 2155/4536/4248 2086/4397/4113 4354/4537/4249
f 2086/4397/4113 1150/4398/4114 4354/4537/4249
f 4354/4537/4249 1150/4398/4114 2154/4534/4246
f 4354/4537/4249 2154/4534/4246 3276/2271/2225
f 3276/2271/2225 2154/4534/4246 1106/2273/2227
f 2155/4536/4248 4354/4537/4249 1104/2270/2224
f 1104/2270/2224 4354/4537/4249 3276/2271/2225
f 1152/4382/4098 2082/4389/4105 2156/4538/4250
f 2156/4538/4250 2082/4389/4105 4355/4539/4251
f 2082/4389/4105 1151/4390/4106 4355/4539/4251
f 4355/4539/4251 1151/4390/4106 2155/4536/4248
f 4355/4539/4251 2155/4536/4248 3275/2269/2223
f 3275/2269/2223 2155/4536/4248 1104/2270/2224
f 2156/4538/4250 4355/4539/4251 1102/2268/2222
f 1102/2268/2222 4355/4539/4251 3275/2269/2223
f 1153/4119/3854 2078/4381/4097 2157/4540/4252
f 2157/4540/4252 2078/4381/4097 4356/4541/4253
f 2078/4381/4097 1152/4382/4098 4356/4541/4253
f 4356/4541/4253 1152/4382/4098 2156/4538/4250
f 4356/4541/4253 2156/4538/4250 3274/2267/2221
f 3274/2267/2221 2156/4538/4250 1102/2268/2222
f 2157/4540/4252 4356/4541/4253 858/1229/1336
f 858/1229/1336 4356/4541/4253 3274/2267/2221
f 1154/4111/3846 1956/4118/3853 2158/4542/4254
f 2158/4542/4254 1956/4118/3853 4357/4543/4255
f 1956/4118/3853 1153/4119/3854 4357/4543/4255
f 4357/4543/4255 1153/4119/3854 2157/4540/4252
f 2157/4540/4252 858/1229/1336 4357/4543/4255
f 4357/4543/4255 858/1229/1336 2832/1227/1334
f 856/1228/1335 2158/4542/4254 2832/1227/1334
f 2158/4542/4254 4357/4543/4255 2832/1227/1334
f 1155/4101/3838 1952/4110/3845 2159/4544/4256
f 2159/4544/4256 1952/4110/3845 4358/4545/4257
f 1952/4110/3845 1154/4111/3846 4358/4545/4257
f 4358/4545/4257 1154/4111/3846 2158/4542/4254
f 2158/4542/4254 856/1228/1335 4358/4545/4257
f 4358/4545/4257 856/1228/1335 2831/1225/1332
f 4358/4545/4257 2831/1225/1332 2159/4544/4256
f 2159/4544/4256 2831/1225/1332 854/1226/1333
f 1948/4100/3837 4359/4546/4258 1156/4092/3829
f 1156/4092/3829 4359/4546/4258 2160/4547/4259
f 1948/4100/3837 1155/4101/3838 4359/4546/4258
f 4359/4546/4258 1155/4101/3838 2159/4544/4256
f 2159/4544/4256 854/1226/1333 4359/4546/4258
f 4359/4546/4258 854/1226/1333 2830/1224/1331
f 4359/4546/4258 2830/1224/1331 2160/4547/4259
f 2160/4547/4259 2830/1224/1331 852/1223/1330
f 1944/4093/3830 4360/4548/4260 1157/4084/3821
f 1157/4084/3821 4360/4548/4260 2161/4549/4261
f 1156/4092/3829 2160/4547/4259 1944/4093/3830
f 1944/4093/3830 2160/4547/4259 4360/4548/4260
f 4360/4548/4260 2160/4547/4259 2829/1222/1329
f 2829/1222/1329 2160/4547/4259 852/1223/1330
f 2161/4549/4261 4360/4548/4260 850/1221/1328
f 850/1221/1328 4360/4548/4260 2829/1222/1329
f 1940/4085/3822 4361/4550/4262 1158/4075/3812
f 1158/4075/3812 4361/4550/4262 2162/4551/4263
f 1157/4084/3821 2161/4549/4261 1940/4085/3822
f 1940/4085/3822 2161/4549/4261 4361/4550/4262
f 4361/4550/4262 2161/4549/4261 2828/1220/1327
f 2828/1220/1327 2161/4549/4261 850/1221/1328
f 2162/4551/4263 4361/4550/4262 848/1219/1326
f 848/1219/1326 4361/4550/4262 2828/1220/1327
f 1935/4076/3813 4362/4552/4264 1135/4077/3814
f 1135/4077/3814 4362/4552/4264 2127/4484/4196
f 1158/4075/3812 2162/4551/4263 1935/4076/3813
f 1935/4076/3813 2162/4551/4263 4362/4552/4264
f 848/1219/1326 2827/1218/1325 2162/4551/4263
f 4362/4552/4264 2162/4551/4263 2827/1218/1325
f 2127/4484/4196 4362/4552/4264 846/1217/1324
f 846/1217/1324 4362/4552/4264 2827/1218/1325
f 1259/4553/4265 2163/4554/4266 2165/4555/4267
f 2165/4555/4267 2163/4554/4266 4363/4556/4268
f 2163/4554/4266 1260/893/1009 4363/4556/4268
f 4363/4556/4268 1260/893/1009 2673/895/1011
f 4363/4556/4268 2673/895/1011 2164/4557/4269
f 2164/4557/4269 2673/895/1011 777/898/1014
f 2165/4555/4267 4363/4556/4268 1183/4558/4270
f 1183/4558/4270 4363/4556/4268 2164/4557/4269
f 2166/4559/4271 4364/4560/4272 1309/4561/4273
f 1309/4561/4273 4364/4560/4272 2167/4562/4274
f 1310/926/1033 2683/927/1034 2166/4559/4271
f 2166/4559/4271 2683/927/1034 4364/4560/4272
f 2683/927/1034 780/923/1030 4364/4560/4272
f 4364/4560/4272 780/923/1030 2853/1269/1376
f 4364/4560/4272 2853/1269/1376 2167/4562/4274
f 2167/4562/4274 2853/1269/1376 1182/1274/1379
f 1218/4563/4275 2168/4564/4276 2170/4565/4277
f 2170/4565/4277 2168/4564/4276 4365/4566/4278
f 2168/4564/4276 1219/4567/4279 4365/4566/4278
f 4365/4566/4278 1219/4567/4279 2169/4568/4280
f 4365/4566/4278 2169/4568/4280 2826/1214/1321
f 2826/1214/1321 2169/4568/4280 846/1217/1324
f 2170/4565/4277 4365/4566/4278 844/1213/1320
f 844/1213/1320 4365/4566/4278 2826/1214/1321
f 1217/4569/4281 2171/4570/4282 2173/4571/4283
f 2173/4571/4283 2171/4570/4282 4366/4572/4284
f 2171/4570/4282 1232/4573/4285 4366/4572/4284
f 4366/4572/4284 1232/4573/4285 2172/4574/4286
f 4366/4572/4284 2172/4574/4286 2835/1232/1339
f 2835/1232/1339 2172/4574/4286 1233/1234/1341
f 2173/4571/4283 4366/4572/4284 841/1195/1302
f 841/1195/1302 4366/4572/4284 2835/1232/1339
f 2174/4575/4287 4367/4576/4288 1216/4577/4289
f 1216/4577/4289 4367/4576/4288 2175/4578/4290
f 1217/4569/4281 2173/4571/4283 2174/4575/4287
f 2174/4575/4287 2173/4571/4283 4367/4576/4288
f 4367/4576/4288 2173/4571/4283 2815/1192/1299
f 2815/1192/1299 2173/4571/4283 841/1195/1302
f 2175/4578/4290 4367/4576/4288 840/1191/1298
f 840/1191/1298 4367/4576/4288 2815/1192/1299
f 2176/4579/4291 4368/4580/4292 1215/4581/4293
f 1215/4581/4293 4368/4580/4292 2177/4582/4294
f 1216/4577/4289 2175/4578/4290 2176/4579/4291
f 2176/4579/4291 2175/4578/4290 4368/4580/4292
f 4368/4580/4292 2175/4578/4290 2819/1200/1307
f 2819/1200/1307 2175/4578/4290 840/1191/1298
f 2177/4582/4294 4368/4580/4292 837/1175/1282
f 837/1175/1282 4368/4580/4292 2819/1200/1307
f 1214/4583/4295 2178/4584/4296 2179/4585/4297
f 2179/4585/4297 2178/4584/4296 4369/4586/4298
f 2178/4584/4296 1215/4581/4293 4369/4586/4298
f 4369/4586/4298 1215/4581/4293 2177/4582/4294
f 4369/4586/4298 2177/4582/4294 2805/1172/1279
f 2805/1172/1279 2177/4582/4294 837/1175/1282
f 2179/4585/4297 4369/4586/4298 836/1171/1278
f 836/1171/1278 4369/4586/4298 2805/1172/1279
f 1213/4587/4299 2180/4588/4300 2181/4589/4301
f 2181/4589/4301 2180/4588/4300 4370/4590/4302
f 2180/4588/4300 1214/4583/4295 4370/4590/4302
f 4370/4590/4302 1214/4583/4295 2179/4585/4297
f 4370/4590/4302 2179/4585/4297 2809/1180/1287
f 2809/1180/1287 2179/4585/4297 836/1171/1278
f 2181/4589/4301 4370/4590/4302 833/1155/1262
f 833/1155/1262 4370/4590/4302 2809/1180/1287
f 2182/4591/4303 4371/4592/4304 1212/4593/4305
f 1212/4593/4305 4371/4592/4304 2183/4594/4306
f 1213/4587/4299 2181/4589/4301 2182/4591/4303
f 2182/4591/4303 2181/4589/4301 4371/4592/4304
f 4371/4592/4304 2181/4589/4301 2795/1152/1259
f 2795/1152/1259 2181/4589/4301 833/1155/1262
f 2183/4594/4306 4371/4592/4304 832/1151/1258
f 832/1151/1258 4371/4592/4304 2795/1152/1259
f 2184/4595/4307 4372/4596/4308 1211/4597/4309
f 1211/4597/4309 4372/4596/4308 2185/4598/4310
f 1212/4593/4305 2183/4594/4306 2184/4595/4307
f 2184/4595/4307 2183/4594/4306 4372/4596/4308
f 4372/4596/4308 2183/4594/4306 2799/1160/1267
f 2799/1160/1267 2183/4594/4306 832/1151/1258
f 2185/4598/4310 4372/4596/4308 829/1135/1242
f 829/1135/1242 4372/4596/4308 2799/1160/1267
f 1210/4599/4311 2186/4600/4312 2187/4601/4313
f 2187/4601/4313 2186/4600/4312 4373/4602/4314
f 2186/4600/4312 1211/4597/4309 4373/4602/4314
f 4373/4602/4314 1211/4597/4309 2185/4598/4310
f 4373/4602/4314 2185/4598/4310 2785/1132/1239
f 2785/1132/1239 2185/4598/4310 829/1135/1242
f 2187/4601/4313 4373/4602/4314 828/1131/1238
f 828/1131/1238 4373/4602/4314 2785/1132/1239
f 1209/4603/4315 2188/4604/4316 2189/4605/4317
f 2189/4605/4317 2188/4604/4316 4374/4606/4318
f 2188/4604/4316 1210/4599/4311 4374/4606/4318
f 4374/4606/4318 1210/4599/4311 2187/4601/4313
f 4374/4606/4318 2187/4601/4313 2789/1140/1247
f 2789/1140/1247 2187/4601/4313 828/1131/1238
f 2189/4605/4317 4374/4606/4318 825/1115/1222
f 825/1115/1222 4374/4606/4318 2789/1140/1247
f 2190/4607/4319 4375/4608/4320 1208/4609/4321
f 1208/4609/4321 4375/4608/4320 2191/4610/4322
f 1209/4603/4315 2189/4605/4317 2190/4607/4319
f 2190/4607/4319 2189/4605/4317 4375/4608/4320
f 4375/4608/4320 2189/4605/4317 2775/1112/1219
f 2775/1112/1219 2189/4605/4317 825/1115/1222
f 2191/4610/4322 4375/4608/4320 824/1111/1218
f 824/1111/1218 4375/4608/4320 2775/1112/1219
f 2192/4611/4323 4376/4612/4324 1207/4613/4325
f 1207/4613/4325 4376/4612/4324 2193/4614/4326
f 1208/4609/4321 2191/4610/4322 2192/4611/4323
f 2192/4611/4323 2191/4610/4322 4376/4612/4324
f 4376/4612/4324 2191/4610/4322 2779/1120/1227
f 2779/1120/1227 2191/4610/4322 824/1111/1218
f 2193/4614/4326 4376/4612/4324 821/1092/1199
f 821/1092/1199 4376/4612/4324 2779/1120/1227
f 1206/4615/4327 2194/4616/4328 2195/4617/4329
f 2195/4617/4329 2194/4616/4328 4377/4618/4330
f 2194/4616/4328 1207/4613/4325 4377/4618/4330
f 4377/4618/4330 1207/4613/4325 2193/4614/4326
f 4377/4618/4330 2193/4614/4326 2764/1089/1196
f 2764/1089/1196 2193/4614/4326 821/1092/1199
f 2195/4617/4329 4377/4618/4330 820/1088/1195
f 820/1088/1195 4377/4618/4330 2764/1089/1196
f 1205/4619/4331 2196/4620/4332 2197/4621/4333
f 2197/4621/4333 2196/4620/4332 4378/4622/4334
f 2196/4620/4332 1206/4615/4327 4378/4622/4334
f 4378/4622/4334 1206/4615/4327 2195/4617/4329
f 4378/4622/4334 2195/4617/4329 2768/1098/1205
f 2768/1098/1205 2195/4617/4329 820/1088/1195
f 2197/4621/4333 4378/4622/4334 805/1097/1204
f 805/1097/1204 4378/4622/4334 2768/1098/1205
f 2198/4623/4335 4379/4624/4336 1204/4625/4337
f 1204/4625/4337 4379/4624/4336 2200/4626/4338
f 1282/4627/4339 2199/4628/4340 2198/4623/4335
f 2198/4623/4335 2199/4628/4340 4379/4624/4336
f 4379/4624/4336 2199/4628/4340 2747/1053/1160
f 2747/1053/1160 2199/4628/4340 1283/1057/1164
f 4379/4624/4336 2747/1053/1160 2200/4626/4338
f 2200/4626/4338 2747/1053/1160 802/1055/1162
f 2201/4629/4341 4380/4630/4342 1203/4631/4343
f 1203/4631/4343 4380/4630/4342 2202/4632/4344
f 1204/4625/4337 2200/4626/4338 2201/4629/4341
f 2201/4629/4341 2200/4626/4338 4380/4630/4342
f 2200/4626/4338 802/1055/1162 4380/4630/4342
f 4380/4630/4342 802/1055/1162 2751/1063/1170
f 4380/4630/4342 2751/1063/1170 2202/4632/4344
f 2202/4632/4344 2751/1063/1170 804/1062/1169
f 2203/4633/4345 4381/4634/4346 1161/4635/4347
f 1161/4635/4347 4381/4634/4346 2206/4636/4348
f 1178/4637/4349 2204/4638/4350 2203/4633/4345
f 2203/4633/4345 2204/4638/4350 4381/4634/4346
f 2204/4638/4350 1203/4639/4343 4381/4634/4346
f 4381/4634/4346 1203/4639/4343 2205/4640/4351
f 4381/4634/4346 2205/4640/4351 2206/4636/4348
f 2206/4636/4348 2205/4640/4351 1202/4641/4352
f 1162/4642/4353 2207/4643/4354 2210/4644/4355
f 2210/4644/4355 2207/4643/4354 4382/4645/4356
f 2207/4643/4354 1159/4646/4357 4382/4645/4356
f 4382/4645/4356 1159/4646/4357 2208/4647/4358
f 4382/4645/4356 2208/4647/4358 2209/4648/4359
f 2209/4648/4359 2208/4647/4358 1200/4649/4360
f 2210/4644/4355 4382/4645/4356 1219/4567/4279
f 1219/4567/4279 4382/4645/4356 2209/4648/4359
f 2743/1047/1154 4383/4650/4361 1181/1048/1155
f 1181/1048/1155 4383/4650/4361 2213/4651/4362
f 1180/1046/1153 2211/4652/4363 2743/1047/1154
f 2743/1047/1154 2211/4652/4363 4383/4650/4361
f 2211/4652/4363 1177/4653/4364 4383/4650/4361
f 4383/4650/4361 1177/4653/4364 2212/4654/4365
f 4383/4650/4361 2212/4654/4365 2213/4651/4362
f 2213/4651/4362 2212/4654/4365 1178/4655/4349
f 2852/1273/1378 4384/4656/4366 1182/1274/1379
f 1182/1274/1379 4384/4656/4366 2214/4657/4367
f 1181/1272/1155 2213/4658/4362 2852/1273/1378
f 2852/1273/1378 2213/4658/4362 4384/4656/4366
f 2213/4658/4362 1178/4637/4349 4384/4656/4366
f 4384/4656/4366 1178/4637/4349 2203/4633/4345
f 4384/4656/4366 2203/4633/4345 2214/4657/4367
f 2214/4657/4367 2203/4633/4345 1161/4635/4347
f 2215/4659/4368 4385/4660/4369 1308/4661/4370
f 1308/4661/4370 4385/4660/4369 2216/4662/4371
f 1309/4561/4273 2167/4562/4274 2215/4659/4368
f 2215/4659/4368 2167/4562/4274 4385/4660/4369
f 2167/4562/4274 1182/1274/1379 4385/4660/4369
f 4385/4660/4369 1182/1274/1379 2214/4657/4367
f 4385/4660/4369 2214/4657/4367 2216/4662/4371
f 2216/4662/4371 2214/4657/4367 1161/4635/4347
f 1258/4663/4372 2217/4664/4373 2219/4665/4374
f 2219/4665/4374 2217/4664/4373 4386/4666/4375
f 2217/4664/4373 1259/4553/4265 4386/4666/4375
f 4386/4666/4375 1259/4553/4265 2165/4555/4267
f 4386/4666/4375 2165/4555/4267 2218/4667/4376
f 2218/4667/4376 2165/4555/4267 1183/4558/4270
f 2219/4665/4374 4386/4666/4375 1160/4668/4377
f 1160/4668/4377 4386/4666/4375 2218/4667/4376
f 1185/1211/1318 2839/1241/1348 2221/4669/4378
f 2221/4669/4378 2839/1241/1348 4387/4670/4379
f 2839/1241/1348 1184/1240/1347 4387/4670/4379
f 4387/4670/4379 1184/1240/1347 2220/4671/4380
f 4387/4670/4379 2220/4671/4380 2207/4643/4354
f 2207/4643/4354 2220/4671/4380 1159/4646/4357
f 2221/4669/4378 4387/4670/4379 1162/4642/4353
f 1162/4642/4353 4387/4670/4379 2207/4643/4354
f 1186/1212/1319 2824/1210/1317 2223/4672/4381
f 2223/4672/4381 2824/1210/1317 4388/4673/4382
f 2824/1210/1317 1185/1211/1318 4388/4673/4382
f 4388/4673/4382 1185/1211/1318 2221/4669/4378
f 4388/4673/4382 2221/4669/4378 2222/4674/4383
f 2222/4674/4383 2221/4669/4378 1162/4642/4353
f 2223/4672/4381 4388/4673/4382 1163/4675/4384
f 1163/4675/4384 4388/4673/4382 2222/4674/4383
f 1187/1189/1296 2822/1205/1312 2226/4676/4385
f 2226/4676/4385 2822/1205/1312 4389/4677/4386
f 2822/1205/1312 1230/1206/1313 4389/4677/4386
f 4389/4677/4386 1230/1206/1313 2224/4678/4387
f 4389/4677/4386 2224/4678/4387 2225/4679/4388
f 2225/4679/4388 2224/4678/4387 1231/4680/4389
f 2226/4676/4385 4389/4677/4386 1164/4681/4390
f 1164/4681/4390 4389/4677/4386 2225/4679/4388
f 2814/1190/1297 4390/4682/4391 1188/1185/1292
f 1188/1185/1292 4390/4682/4391 2228/4683/4392
f 1187/1189/1296 2226/4676/4385 2814/1190/1297
f 2814/1190/1297 2226/4676/4385 4390/4682/4391
f 2226/4676/4385 1164/4681/4390 4390/4682/4391
f 4390/4682/4391 1164/4681/4390 2227/4684/4393
f 4390/4682/4391 2227/4684/4393 2228/4683/4392
f 2228/4683/4392 2227/4684/4393 1165/4685/4394
f 2812/1186/1293 4391/4686/4395 1189/1170/1277
f 1189/1170/1277 4391/4686/4395 2230/4687/4396
f 1188/1185/1292 2228/4683/4392 2812/1186/1293
f 2812/1186/1293 2228/4683/4392 4391/4686/4395
f 2228/4683/4392 1165/4685/4394 4391/4686/4395
f 4391/4686/4395 1165/4685/4394 2229/4688/4397
f 4391/4686/4395 2229/4688/4397 2230/4687/4396
f 2230/4687/4396 2229/4688/4397 1166/4689/4398
f 1190/1166/1273 2804/1169/1276 2232/4690/4399
f 2232/4690/4399 2804/1169/1276 4392/4691/4400
f 2804/1169/1276 1189/1170/1277 4392/4691/4400
f 4392/4691/4400 1189/1170/1277 2230/4687/4396
f 4392/4691/4400 2230/4687/4396 2231/4692/4401
f 2231/4692/4401 2230/4687/4396 1166/4689/4398
f 2232/4690/4399 4392/4691/4400 1167/4693/4402
f 1167/4693/4402 4392/4691/4400 2231/4692/4401
f 1191/1149/1256 2802/1165/1272 2234/4694/4403
f 2234/4694/4403 2802/1165/1272 4393/4695/4404
f 2802/1165/1272 1190/1166/1273 4393/4695/4404
f 4393/4695/4404 1190/1166/1273 2232/4690/4399
f 4393/4695/4404 2232/4690/4399 2233/4696/4405
f 2233/4696/4405 2232/4690/4399 1167/4693/4402
f 2234/4694/4403 4393/4695/4404 1168/4697/4406
f 1168/4697/4406 4393/4695/4404 2233/4696/4405
f 2794/1150/1257 4394/4698/4407 1192/1145/1252
f 1192/1145/1252 4394/4698/4407 2236/4699/4408
f 1191/1149/1256 2234/4694/4403 2794/1150/1257
f 2794/1150/1257 2234/4694/4403 4394/4698/4407
f 2234/4694/4403 1168/4697/4406 4394/4698/4407
f 4394/4698/4407 1168/4697/4406 2235/4700/4409
f 4394/4698/4407 2235/4700/4409 2236/4699/4408
f 2236/4699/4408 2235/4700/4409 1169/4701/4410
f 2792/1146/1253 4395/4702/4411 1193/1130/1237
f 1193/1130/1237 4395/4702/4411 2238/4703/4412
f 1192/1145/1252 2236/4699/4408 2792/1146/1253
f 2792/1146/1253 2236/4699/4408 4395/4702/4411
f 2236/4699/4408 1169/4701/4410 4395/4702/4411
f 4395/4702/4411 1169/4701/4410 2237/4704/4413
f 4395/4702/4411 2237/4704/4413 2238/4703/4412
f 2238/4703/4412 2237/4704/4413 1170/4705/4414
f 1194/1126/1233 2784/1129/1236 2240/4706/4415
f 2240/4706/4415 2784/1129/1236 4396/4707/4416
f 2784/1129/1236 1193/1130/1237 4396/4707/4416
f 4396/4707/4416 1193/1130/1237 2238/4703/4412
f 4396/4707/4416 2238/4703/4412 2239/4708/4417
f 2239/4708/4417 2238/4703/4412 1170/4705/4414
f 2240/4706/4415 4396/4707/4416 1171/4709/4418
f 1171/4709/4418 4396/4707/4416 2239/4708/4417
f 1195/1109/1216 2782/1125/1232 2242/4710/4419
f 2242/4710/4419 2782/1125/1232 4397/4711/4420
f 2782/1125/1232 1194/1126/1233 4397/4711/4420
f 4397/4711/4420 1194/1126/1233 2240/4706/4415
f 4397/4711/4420 2240/4706/4415 2241/4712/4421
f 2241/4712/4421 2240/4706/4415 1171/4709/4418
f 2242/4710/4419 4397/4711/4420 1172/4713/4422
f 1172/4713/4422 4397/4711/4420 2241/4712/4421
f 2774/1110/1217 4398/4714/4423 1196/1105/1212
f 1196/1105/1212 4398/4714/4423 2244/4715/4424
f 1195/1109/1216 2242/4710/4419 2774/1110/1217
f 2774/1110/1217 2242/4710/4419 4398/4714/4423
f 2242/4710/4419 1172/4713/4422 4398/4714/4423
f 4398/4714/4423 1172/4713/4422 2243/4716/4425
f 4398/4714/4423 2243/4716/4425 2244/4715/4424
f 2244/4715/4424 2243/4716/4425 1173/4717/4426
f 2772/1106/1213 4399/4718/4427 1197/1087/1194
f 1197/1087/1194 4399/4718/4427 2246/4719/4428
f 1196/1105/1212 2244/4715/4424 2772/1106/1213
f 2772/1106/1213 2244/4715/4424 4399/4718/4427
f 2244/4715/4424 1173/4717/4426 4399/4718/4427
f 4399/4718/4427 1173/4717/4426 2245/4720/4429
f 4399/4718/4427 2245/4720/4429 2246/4719/4428
f 2246/4719/4428 2245/4720/4429 1174/4721/4430
f 1198/1082/1189 2763/1086/1193 2248/4722/4431
f 2248/4722/4431 2763/1086/1193 4400/4723/4432
f 2763/1086/1193 1197/1087/1194 4400/4723/4432
f 4400/4723/4432 1197/1087/1194 2246/4719/4428
f 4400/4723/4432 2246/4719/4428 2247/4724/4433
f 2247/4724/4433 2246/4719/4428 1174/4721/4430
f 2248/4722/4431 4400/4723/4432 1175/4725/4434
f 1175/4725/4434 4400/4723/4432 2247/4724/4433
f 1199/1083/1190 2760/1081/1188 2250/4726/4435
f 2250/4726/4435 2760/1081/1188 4401/4727/4436
f 2760/1081/1188 1198/1082/1189 4401/4727/4436
f 4401/4727/4436 1198/1082/1189 2248/4722/4431
f 4401/4727/4436 2248/4722/4431 2249/4728/4437
f 2249/4728/4437 2248/4722/4431 1175/4725/4434
f 2250/4726/4435 4401/4727/4436 1176/4729/4438
f 1176/4729/4438 4401/4727/4436 2249/4728/4437
f 2746/1052/1159 4402/4730/4439 1180/1046/1153
f 1180/1046/1153 4402/4730/4439 2211/4652/4363
f 1280/1051/1158 2251/4731/4440 2746/1052/1159
f 2746/1052/1159 2251/4731/4440 4402/4730/4439
f 2251/4731/4440 1281/4732/4441 4402/4730/4439
f 4402/4730/4439 1281/4732/4441 2252/4733/4442
f 4402/4730/4439 2252/4733/4442 2211/4652/4363
f 2211/4652/4363 2252/4733/4442 1177/4653/4364
f 1256/4734/4443 2253/4735/4444 2256/4736/4445
f 2256/4736/4445 2253/4735/4444 4403/4737/4446
f 2253/4735/4444 1257/4738/4447 4403/4737/4446
f 4403/4737/4446 1257/4738/4447 2254/4739/4448
f 4403/4737/4446 2254/4739/4448 2255/4740/4449
f 2255/4740/4449 2254/4739/4448 1179/4741/4450
f 2256/4736/4445 4403/4737/4446 1201/4742/4451
f 1201/4742/4451 4403/4737/4446 2255/4740/4449
f 1271/4743/4452 2257/4744/4453 2259/4745/4454
f 2259/4745/4454 2257/4744/4453 4404/4746/4455
f 2257/4744/4453 1272/4747/4456 4404/4746/4455
f 4404/4746/4455 1272/4747/4456 2258/4748/4457
f 4404/4746/4455 2258/4748/4457 2206/4636/4348
f 2206/4636/4348 2258/4748/4457 1161/4635/4347
f 2259/4745/4454 4404/4746/4455 1202/4641/4352
f 1202/4641/4352 4404/4746/4455 2206/4636/4348
f 2212/4654/4365 4405/4749/4458 1178/4655/4349
f 1178/4655/4349 4405/4749/4458 2204/4750/4350
f 1177/4653/4364 2260/4751/4459 2212/4654/4365
f 2212/4654/4365 2260/4751/4459 4405/4749/4458
f 2260/4751/4459 1204/4625/4337 4405/4749/4458
f 4405/4749/4458 1204/4625/4337 2201/4629/4341
f 4405/4749/4458 2201/4629/4341 2204/4750/4350
f 2204/4750/4350 2201/4629/4341 1203/4631/4343
f 2252/4733/4442 4406/4752/4460 1177/4653/4364
f 1177/4653/4364 4406/4752/4460 2260/4751/4459
f 1281/4732/4441 2261/4753/4461 2252/4733/4442
f 2252/4733/4442 2261/4753/4461 4406/4752/4460
f 2261/4753/4461 1282/4627/4339 4406/4752/4460
f 4406/4752/4460 1282/4627/4339 2198/4623/4335
f 4406/4752/4460 2198/4623/4335 2260/4751/4459
f 2260/4751/4459 2198/4623/4335 1204/4625/4337
f 1176/4729/4438 2249/4728/4437 2263/4754/4462
f 2263/4754/4462 2249/4728/4437 4407/4755/4463
f 2249/4728/4437 1175/4725/4434 4407/4755/4463
f 4407/4755/4463 1175/4725/4434 2262/4756/4464
f 4407/4755/4463 2262/4756/4464 2196/4620/4332
f 2196/4620/4332 2262/4756/4464 1206/4615/4327
f 2263/4754/4462 4407/4755/4463 1205/4619/4331
f 1205/4619/4331 4407/4755/4463 2196/4620/4332
f 1175/4725/4434 2247/4724/4433 2262/4756/4464
f 2262/4756/4464 2247/4724/4433 4408/4757/4465
f 2247/4724/4433 1174/4721/4430 4408/4757/4465
f 4408/4757/4465 1174/4721/4430 2264/4758/4466
f 4408/4757/4465 2264/4758/4466 2194/4616/4328
f 2194/4616/4328 2264/4758/4466 1207/4613/4325
f 2262/4756/4464 4408/4757/4465 1206/4615/4327
f 1206/4615/4327 4408/4757/4465 2194/4616/4328
f 2245/4720/4429 4409/4759/4467 1174/4721/4430
f 1174/4721/4430 4409/4759/4467 2264/4758/4466
f 1173/4717/4426 2265/4760/4468 2245/4720/4429
f 2245/4720/4429 2265/4760/4468 4409/4759/4467
f 2265/4760/4468 1208/4609/4321 4409/4759/4467
f 4409/4759/4467 1208/4609/4321 2192/4611/4323
f 4409/4759/4467 2192/4611/4323 2264/4758/4466
f 2264/4758/4466 2192/4611/4323 1207/4613/4325
f 2243/4716/4425 4410/4761/4469 1173/4717/4426
f 1173/4717/4426 4410/4761/4469 2265/4760/4468
f 1172/4713/4422 2266/4762/4470 2243/4716/4425
f 2243/4716/4425 2266/4762/4470 4410/4761/4469
f 2266/4762/4470 1209/4603/4315 4410/4761/4469
f 4410/4761/4469 1209/4603/4315 2190/4607/4319
f 4410/4761/4469 2190/4607/4319 2265/4760/4468
f 2265/4760/4468 2190/4607/4319 1208/4609/4321
f 1172/4713/4422 2241/4712/4421 2266/4762/4470
f 2266/4762/4470 2241/4712/4421 4411/4763/4471
f 2241/4712/4421 1171/4709/4418 4411/4763/4471
f 4411/4763/4471 1171/4709/4418 2267/4764/4472
f 4411/4763/4471 2267/4764/4472 2188/4604/4316
f 2188/4604/4316 2267/4764/4472 1210/4599/4311
f 2266/4762/4470 4411/4763/4471 1209/4603/4315
f 1209/4603/4315 4411/4763/4471 2188/4604/4316
f 1171/4709/4418 2239/4708/4417 2267/4764/4472
f 2267/4764/4472 2239/4708/4417 4412/4765/4473
f 2239/4708/4417 1170/4705/4414 4412/4765/4473
f 4412/4765/4473 1170/4705/4414 2268/4766/4474
f 4412/4765/4473 2268/4766/4474 2186/4600/4312
f 2186/4600/4312 2268/4766/4474 1211/4597/4309
f 2267/4764/4472 4412/4765/4473 1210/4599/4311
f 1210/4599/4311 4412/4765/4473 2186/4600/4312
f 2237/4704/4413 4413/4767/4475 1170/4705/4414
f 1170/4705/4414 4413/4767/4475 2268/4766/4474
f 1169/4701/4410 2269/4768/4476 2237/4704/4413
f 2237/4704/4413 2269/4768/4476 4413/4767/4475
f 2269/4768/4476 1212/4593/4305 4413/4767/4475
f 4413/4767/4475 1212/4593/4305 2184/4595/4307
f 4413/4767/4475 2184/4595/4307 2268/4766/4474
f 2268/4766/4474 2184/4595/4307 1211/4597/4309
f 2235/4700/4409 4414/4769/4477 1169/4701/4410
f 1169/4701/4410 4414/4769/4477 2269/4768/4476
f 1168/4697/4406 2270/4770/4478 2235/4700/4409
f 2235/4700/4409 2270/4770/4478 4414/4769/4477
f 2270/4770/4478 1213/4587/4299 4414/4769/4477
f 4414/4769/4477 1213/4587/4299 2182/4591/4303
f 4414/4769/4477 2182/4591/4303 2269/4768/4476
f 2269/4768/4476 2182/4591/4303 1212/4593/4305
f 1168/4697/4406 2233/4696/4405 2270/4770/4478
f 2270/4770/4478 2233/4696/4405 4415/4771/4479
f 2233/4696/4405 1167/4693/4402 4415/4771/4479
f 4415/4771/4479 1167/4693/4402 2271/4772/4480
f 4415/4771/4479 2271/4772/4480 2180/4588/4300
f 2180/4588/4300 2271/4772/4480 1214/4583/4295
f 2270/4770/4478 4415/4771/4479 1213/4587/4299
f 1213/4587/4299 4415/4771/4479 2180/4588/4300
f 1167/4693/4402 2231/4692/4401 2271/4772/4480
f 2271/4772/4480 2231/4692/4401 4416/4773/4481
f 2231/4692/4401 1166/4689/4398 4416/4773/4481
f 4416/4773/4481 1166/4689/4398 2272/4774/4482
f 4416/4773/4481 2272/4774/4482 2178/4584/4296
f 2178/4584/4296 2272/4774/4482 1215/4581/4293
f 2271/4772/4480 4416/4773/4481 1214/4583/4295
f 1214/4583/4295 4416/4773/4481 2178/4584/4296
f 2229/4688/4397 4417/4775/4483 1166/4689/4398
f 1166/4689/4398 4417/4775/4483 2272/4774/4482
f 1165/4685/4394 2273/4776/4484 2229/4688/4397
f 2229/4688/4397 2273/4776/4484 4417/4775/4483
f 2273/4776/4484 1216/4577/4289 4417/4775/4483
f 4417/4775/4483 1216/4577/4289 2176/4579/4291
f 4417/4775/4483 2176/4579/4291 2272/4774/4482
f 2272/4774/4482 2176/4579/4291 1215/4581/4293
f 2227/4684/4393 4418/4777/4485 1165/4685/4394
f 1165/4685/4394 4418/4777/4485 2273/4776/4484
f 1164/4681/4390 2274/4778/4486 2227/4684/4393
f 2227/4684/4393 2274/4778/4486 4418/4777/4485
f 2274/4778/4486 1217/4569/4281 4418/4777/4485
f 4418/4777/4485 1217/4569/4281 2174/4575/4287
f 4418/4777/4485 2174/4575/4287 2273/4776/4484
f 2273/4776/4484 2174/4575/4287 1216/4577/4289
f 1164/4681/4390 2225/4679/4388 2274/4778/4486
f 2274/4778/4486 2225/4679/4388 4419/4779/4487
f 2225/4679/4388 1231/4680/4389 4419/4779/4487
f 4419/4779/4487 1231/4680/4389 2275/4780/4488
f 4419/4779/4487 2275/4780/4488 2171/4570/4282
f 2171/4570/4282 2275/4780/4488 1232/4573/4285
f 2274/4778/4486 4419/4779/4487 1217/4569/4281
f 1217/4569/4281 4419/4779/4487 2171/4570/4282
f 1163/4675/4384 2222/4674/4383 2276/4781/4489
f 2276/4781/4489 2222/4674/4383 4420/4782/4490
f 2222/4674/4383 1162/4642/4353 4420/4782/4490
f 4420/4782/4490 1162/4642/4353 2210/4644/4355
f 4420/4782/4490 2210/4644/4355 2168/4564/4276
f 2168/4564/4276 2210/4644/4355 1219/4567/4279
f 2276/4781/4489 4420/4782/4490 1218/4563/4275
f 1218/4563/4275 4420/4782/4490 2168/4564/4276
f 2205/4640/4351 4421/4783/4491 1202/4641/4352
f 1202/4641/4352 4421/4783/4491 2277/4784/4492
f 1203/4639/4343 2202/4785/4344 2205/4640/4351
f 2205/4640/4351 2202/4785/4344 4421/4783/4491
f 804/4481/1169 2126/4480/4193 2202/4785/4344
f 2202/4785/4344 2126/4480/4193 4421/4783/4491
f 889/4477/4191 2124/4476/4190 2126/4480/4193
f 2126/4480/4193 2124/4476/4190 4421/4783/4491
f 891/4473/4187 2122/4472/4186 2124/4476/4190
f 2124/4476/4190 2122/4472/4186 4421/4783/4491
f 2120/4468/4182 4421/4783/4491 893/4469/4183
f 893/4469/4183 4421/4783/4491 2122/4472/4186
f 895/4465/4179 2118/4464/4178 2120/4468/4182
f 2120/4468/4182 2118/4464/4178 4421/4783/4491
f 897/4461/4175 2116/4460/4174 2118/4464/4178
f 2118/4464/4178 2116/4460/4174 4421/4783/4491
f 887/1283/1388 2277/4784/4492 2116/4460/4174
f 2116/4460/4174 2277/4784/4492 4421/4783/4491
f 2278/4786/4493 4422/4787/4494 1270/1281/1386
f 1270/1281/1386 4422/4787/4494 2856/1282/1387
f 1271/4743/4452 2259/4745/4454 2278/4786/4493
f 2278/4786/4493 2259/4745/4454 4422/4787/4494
f 2259/4745/4454 1202/4641/4352 4422/4787/4494
f 4422/4787/4494 1202/4641/4352 2277/4784/4492
f 2856/1282/1387 4422/4787/4494 887/1283/1388
f 887/1283/1388 4422/4787/4494 2277/4784/4492
f 1255/1255/1362 2279/4788/4495 2845/1256/1363
f 2845/1256/1363 2279/4788/4495 4423/4789/4496
f 2279/4788/4495 1256/4734/4443 4423/4789/4496
f 4423/4789/4496 1256/4734/4443 2256/4736/4445
f 4423/4789/4496 2256/4736/4445 2280/4790/4497
f 2280/4790/4497 2256/4736/4445 1201/4742/4451
f 2845/1256/1363 4423/4789/4496 872/1258/1365
f 872/1258/1365 4423/4789/4496 2280/4790/4497
f 1219/4567/4279 2209/4648/4359 2169/4568/4280
f 2169/4568/4280 2209/4648/4359 4424/4791/4498
f 2281/4792/4499 4424/4791/4498 1200/4649/4360
f 1200/4649/4360 4424/4791/4498 2209/4648/4359
f 861/4506/4218 2138/4505/4217 2281/4792/4499
f 2281/4792/4499 2138/4505/4217 4424/4791/4498
f 863/4502/4214 2136/4501/4213 2138/4505/4217
f 2138/4505/4217 2136/4501/4213 4424/4791/4498
f 865/4498/4210 2134/4497/4209 2136/4501/4213
f 2136/4501/4213 2134/4497/4209 4424/4791/4498
f 2132/4493/4205 4424/4791/4498 867/4494/4206
f 867/4494/4206 4424/4791/4498 2134/4497/4209
f 869/4490/4202 2130/4489/4201 2132/4493/4205
f 2132/4493/4205 2130/4489/4201 4424/4791/4498
f 871/4486/4198 2128/4485/4197 2130/4489/4201
f 2130/4489/4201 2128/4485/4197 4424/4791/4498
f 846/1217/1324 2169/4568/4280 2128/4485/4197
f 2128/4485/4197 2169/4568/4280 4424/4791/4498
f 2282/4793/4500 4425/4794/4501 1200/4649/4360
f 1200/4649/4360 4425/4794/4501 2281/4792/4499
f 1221/4795/4502 2283/4796/4503 2282/4793/4500
f 2282/4793/4500 2283/4796/4503 4425/4794/4501
f 2283/4796/4503 1220/4797/4504 4425/4794/4501
f 4425/4794/4501 1220/4797/4504 2284/4798/4505
f 2281/4792/4499 4425/4794/4501 861/4506/4218
f 861/4506/4218 4425/4794/4501 2284/4798/4505
f 1159/4646/4357 2285/4799/4506 2208/4647/4358
f 2208/4647/4358 2285/4799/4506 4426/4800/4507
f 2285/4799/4506 1222/4801/4508 4426/4800/4507
f 4426/4800/4507 1222/4801/4508 2286/4802/4509
f 4426/4800/4507 2286/4802/4509 2282/4793/4500
f 2282/4793/4500 2286/4802/4509 1221/4795/4502
f 2208/4647/4358 4426/4800/4507 1200/4649/4360
f 1200/4649/4360 4426/4800/4507 2282/4793/4500
f 1224/461/617 2475/460/616 2288/4803/4510
f 2288/4803/4510 2475/460/616 4427/4804/4511
f 2475/460/616 1223/459/615 4427/4804/4511
f 4427/4804/4511 1223/459/615 2287/4805/4512
f 4427/4804/4511 2287/4805/4512 2480/466/622
f 2480/466/622 2287/4805/4512 686/465/621
f 2288/4803/4510 4427/4804/4511 687/471/627
f 687/471/627 4427/4804/4511 2480/466/622
f 1225/480/636 2484/479/635 2289/4806/4513
f 2289/4806/4513 2484/479/635 4428/4807/4514
f 2484/479/635 1224/461/617 4428/4807/4514
f 4428/4807/4514 1224/461/617 2288/4803/4510
f 4428/4807/4514 2288/4803/4510 2483/473/629
f 2483/473/629 2288/4803/4510 687/471/627
f 2289/4806/4513 4428/4807/4514 691/477/633
f 691/477/633 4428/4807/4514 2483/473/629
f 1226/649/805 2568/648/804 2290/4808/4515
f 2290/4808/4515 2568/648/804 4429/4809/4516
f 2568/648/804 1225/480/636 4429/4809/4516
f 4429/4809/4516 1225/480/636 2289/4806/4513
f 4429/4809/4516 2289/4806/4513 2572/652/808
f 2572/652/808 2289/4806/4513 691/477/633
f 4429/4809/4516 2572/652/808 2290/4808/4515
f 2290/4808/4515 2572/652/808 731/656/812
f 2576/664/820 4430/4810/4517 1227/666/822
f 1227/666/822 4430/4810/4517 2291/4811/4518
f 1226/649/805 2290/4808/4515 2576/664/820
f 2576/664/820 2290/4808/4515 4430/4810/4517
f 2290/4808/4515 731/656/812 4430/4810/4517
f 4430/4810/4517 731/656/812 2575/657/813
f 4430/4810/4517 2575/657/813 2291/4811/4518
f 2291/4811/4518 2575/657/813 734/662/818
f 2656/856/980 4431/4812/4519 1228/858/982
f 1228/858/982 4431/4812/4519 2292/4813/4520
f 1227/855/822 2291/4814/4518 2656/856/980
f 2656/856/980 2291/4814/4518 4431/4812/4519
f 2291/4814/4518 734/859/818 4431/4812/4519
f 4431/4812/4519 734/859/818 2660/861/983
f 4431/4812/4519 2660/861/983 2292/4813/4520
f 2292/4813/4520 2660/861/983 771/867/988
f 2664/875/996 4432/4815/4521 1229/877/998
f 1229/877/998 4432/4815/4521 2293/4816/4522
f 1228/858/982 2292/4813/4520 2664/875/996
f 2664/875/996 2292/4813/4520 4432/4815/4521
f 2292/4813/4520 771/867/988 4432/4815/4521
f 4432/4815/4521 771/867/988 2663/868/989
f 4432/4815/4521 2663/868/989 2293/4816/4522
f 2293/4816/4522 2663/868/989 774/873/994
f 2821/1204/1311 4433/4817/4523 1230/1206/1313
f 1230/1206/1313 4433/4817/4523 2294/4818/4524
f 1229/877/998 2293/4816/4522 2821/1204/1311
f 2821/1204/1311 2293/4816/4522 4433/4817/4523
f 2293/4816/4522 774/873/994 4433/4817/4523
f 4433/4817/4523 774/873/994 2825/1207/1314
f 4433/4817/4523 2825/1207/1314 2294/4818/4524
f 2294/4818/4524 2825/1207/1314 1186/1212/1319
f 2224/4678/4387 4434/4819/4525 1231/4680/4389
f 1231/4680/4389 4434/4819/4525 2295/4820/4526
f 1230/1206/1313 2294/4818/4524 2224/4678/4387
f 2224/4678/4387 2294/4818/4524 4434/4819/4525
f 2294/4818/4524 1186/1212/1319 4434/4819/4525
f 4434/4819/4525 1186/1212/1319 2223/4672/4381
f 4434/4819/4525 2223/4672/4381 2295/4820/4526
f 2295/4820/4526 2223/4672/4381 1163/4675/4384
f 2275/4780/4488 4435/4821/4527 1232/4573/4285
f 1232/4573/4285 4435/4821/4527 2296/4822/4528
f 1231/4680/4389 2295/4820/4526 2275/4780/4488
f 2275/4780/4488 2295/4820/4526 4435/4821/4527
f 2295/4820/4526 1163/4675/4384 4435/4821/4527
f 4435/4821/4527 1163/4675/4384 2276/4781/4489
f 4435/4821/4527 2276/4781/4489 2296/4822/4528
f 2296/4822/4528 2276/4781/4489 1218/4563/4275
f 1233/1234/1341 2172/4574/4286 2297/4823/4529
f 2297/4823/4529 2172/4574/4286 4436/4824/4530
f 1232/4573/4285 2296/4822/4528 2172/4574/4286
f 2172/4574/4286 2296/4822/4528 4436/4824/4530
f 2296/4822/4528 1218/4563/4275 4436/4824/4530
f 4436/4824/4530 1218/4563/4275 2170/4565/4277
f 4436/4824/4530 2170/4565/4277 2297/4823/4529
f 2297/4823/4529 2170/4565/4277 844/1213/1320
f 1234/1237/1344 2836/1235/1342 2298/4825/4531
f 2298/4825/4531 2836/1235/1342 4437/4826/4532
f 2836/1235/1342 1233/1234/1341 4437/4826/4532
f 4437/4826/4532 1233/1234/1341 2297/4823/4529
f 2297/4823/4529 844/1213/1320 4437/4826/4532
f 4437/4826/4532 844/1213/1320 2834/1215/1322
f 2298/4825/4531 4437/4826/4532 859/1231/1338
f 859/1231/1338 4437/4826/4532 2834/1215/1322
f 1235/2176/2143 3236/2179/2146 2299/4827/4533
f 2299/4827/4533 3236/2179/2146 4438/4828/4534
f 3236/2179/2146 1234/1237/1344 4438/4828/4534
f 4438/4828/4534 1234/1237/1344 2298/4825/4531
f 4438/4828/4534 2298/4825/4531 3237/2181/2148
f 3237/2181/2148 2298/4825/4531 859/1231/1338
f 2299/4827/4533 4438/4828/4534 1092/2180/2147
f 1092/2180/2147 4438/4828/4534 3237/2181/2148
f 1236/2157/2127 3235/2177/2144 2300/4829/4535
f 2300/4829/4535 3235/2177/2144 4439/4830/4536
f 3235/2177/2144 1235/2176/2143 4439/4830/4536
f 4439/4830/4536 1235/2176/2143 2299/4827/4533
f 4439/4830/4536 2299/4827/4533 3240/2186/2153
f 3240/2186/2153 2299/4827/4533 1092/2180/2147
f 2300/4829/4535 4439/4830/4536 1089/2163/2133
f 1089/2163/2133 4439/4830/4536 3240/2186/2153
f 1237/2152/2123 3227/2158/2128 2301/4831/4537
f 2301/4831/4537 3227/2158/2128 4440/4832/4538
f 3227/2158/2128 1236/2157/2127 4440/4832/4538
f 4440/4832/4538 1236/2157/2127 2300/4829/4535
f 4440/4832/4538 2300/4829/4535 3228/2159/2129
f 3228/2159/2129 2300/4829/4535 1089/2163/2133
f 2301/4831/4537 4440/4832/4538 1088/2161/2131
f 1088/2161/2131 4440/4832/4538 3228/2159/2129
f 1238/2154/2107 3225/2153/2124 2302/4833/4539
f 2302/4833/4539 3225/2153/2124 4441/4834/4540
f 3225/2153/2124 1237/2152/2123 4441/4834/4540
f 4441/4834/4540 1237/2152/2123 2301/4831/4537
f 4441/4834/4540 2301/4831/4537 3232/2168/2138
f 3232/2168/2138 2301/4831/4537 1088/2161/2131
f 2302/4833/4539 4441/4834/4540 1085/2170/2113
f 1085/2170/2113 4441/4834/4540 3232/2168/2138
f 1239/2129/2103 3217/2136/2108 2303/4835/4541
f 2303/4835/4541 3217/2136/2108 4442/4836/4542
f 3217/2136/2108 1238/2135/2107 4442/4836/4542
f 4442/4836/4542 1238/2135/2107 2302/4837/4539
f 4442/4836/4542 2302/4837/4539 3218/2137/2109
f 3218/2137/2109 2302/4837/4539 1085/2141/2113
f 2303/4835/4541 4442/4836/4542 1084/2139/2111
f 1084/2139/2111 4442/4836/4542 3218/2137/2109
f 1240/2111/2087 3215/2130/2104 2304/4838/4543
f 2304/4838/4543 3215/2130/2104 4443/4839/4544
f 3215/2130/2104 1239/2129/2103 4443/4839/4544
f 4443/4839/4544 1239/2129/2103 2303/4835/4541
f 4443/4839/4544 2303/4835/4541 3222/2146/2118
f 3222/2146/2118 2303/4835/4541 1084/2139/2111
f 2304/4838/4543 4443/4839/4544 1081/2117/2093
f 1081/2117/2093 4443/4839/4544 3222/2146/2118
f 1241/2105/2083 3207/2112/2088 2305/4840/4545
f 2305/4840/4545 3207/2112/2088 4444/4841/4546
f 3207/2112/2088 1240/2111/2087 4444/4841/4546
f 4444/4841/4546 1240/2111/2087 2304/4838/4543
f 4444/4841/4546 2304/4838/4543 3208/2113/2089
f 3208/2113/2089 2304/4838/4543 1081/2117/2093
f 2305/4840/4545 4444/4841/4546 1080/2115/2091
f 1080/2115/2091 4444/4841/4546 3208/2113/2089
f 1242/1428/1511 3205/2106/2084 2306/4842/4547
f 2306/4842/4547 3205/2106/2084 4445/4843/4548
f 3205/2106/2084 1241/2105/2083 4445/4843/4548
f 4445/4843/4548 1241/2105/2083 2305/4840/4545
f 4445/4843/4548 2305/4840/4545 3212/2122/2098
f 3212/2122/2098 2305/4840/4545 1080/2115/2091
f 2306/4842/4547 4445/4843/4548 941/1441/1523
f 941/1441/1523 4445/4843/4548 3212/2122/2098
f 1243/1430/1513 2918/1429/1512 2307/4844/4549
f 2307/4844/4549 2918/1429/1512 4446/4845/4550
f 2918/1429/1512 1242/1428/1511 4446/4845/4550
f 4446/4845/4550 1242/1428/1511 2306/4842/4547
f 4446/4845/4550 2306/4842/4547 2922/1440/1522
f 2922/1440/1522 2306/4842/4547 941/1441/1523
f 2307/4844/4549 4446/4845/4550 942/1439/1521
f 942/1439/1521 4446/4845/4550 2922/1440/1522
f 1244/1446/1527 2924/1445/1526 2308/4846/4551
f 2308/4846/4551 2924/1445/1526 4447/4847/4552
f 2924/1445/1526 1243/1430/1513 4447/4847/4552
f 4447/4847/4552 1243/1430/1513 2307/4844/4549
f 4447/4847/4552 2307/4844/4549 2921/1438/1520
f 2921/1438/1520 2307/4844/4549 942/1439/1521
f 2308/4846/4551 4447/4847/4552 944/1437/1519
f 944/1437/1519 4447/4847/4552 2921/1438/1520
f 2933/1469/1545 4448/4848/4553 1245/1462/1540
f 1245/1462/1540 4448/4848/4553 2309/4849/4554
f 1244/1468/1527 2308/4850/4551 2933/1469/1545
f 2933/1469/1545 2308/4850/4551 4448/4848/4553
f 2308/4850/4551 944/1455/1519 4448/4848/4553
f 4448/4848/4553 944/1455/1519 2928/1454/1533
f 4448/4848/4553 2928/1454/1533 2309/4849/4554
f 2309/4849/4554 2928/1454/1533 946/1453/1532
f 2931/1463/1541 4449/4851/4555 1246/1464/1542
f 1246/1464/1542 4449/4851/4555 2310/4852/4556
f 1245/1462/1540 2309/4849/4554 2931/1463/1541
f 2931/1463/1541 2309/4849/4554 4449/4851/4555
f 2309/4849/4554 946/1453/1532 4449/4851/4555
f 4449/4851/4555 946/1453/1532 2927/1452/1531
f 4449/4851/4555 2927/1452/1531 2310/4852/4556
f 2310/4852/4556 2927/1452/1531 945/1451/1530
f 3243/2193/2158 4450/4853/4557 945/1451/1530
f 945/1451/1530 4450/4853/4557 2310/4852/4556
f 1094/2194/2159 2311/4854/4558 3243/2193/2158
f 3243/2193/2158 2311/4854/4558 4450/4853/4557
f 2311/4854/4558 1247/2201/2164 4450/4853/4557
f 4450/4853/4557 1247/2201/2164 3250/2210/2173
f 4450/4853/4557 3250/2210/2173 2310/4852/4556
f 2310/4852/4556 3250/2210/2173 1246/1464/1542
f 3245/2199/2162 4451/4855/4559 1094/2194/2159
f 1094/2194/2159 4451/4855/4559 2311/4854/4558
f 1095/2200/2163 2312/4856/4560 3245/2199/2162
f 3245/2199/2162 2312/4856/4560 4451/4855/4559
f 2312/4856/4560 1248/2205/2168 4451/4855/4559
f 4451/4855/4559 1248/2205/2168 3246/2202/2165
f 4451/4855/4559 3246/2202/2165 2311/4854/4558
f 2311/4854/4558 3246/2202/2165 1247/2201/2164
f 3253/2217/2178 4452/4857/4561 1095/2200/2163
f 1095/2200/2163 4452/4857/4561 2312/4856/4560
f 1096/2218/2179 2313/4858/4562 3253/2217/2178
f 3253/2217/2178 2313/4858/4562 4452/4857/4561
f 2313/4858/4562 1249/2225/2184 4452/4857/4561
f 4452/4857/4561 1249/2225/2184 3260/2234/2193
f 4452/4857/4561 3260/2234/2193 2312/4856/4560
f 2312/4856/4560 3260/2234/2193 1248/2205/2168
f 3255/2223/2182 4453/4859/4563 1096/2218/2179
f 1096/2218/2179 4453/4859/4563 2313/4858/4562
f 1097/2224/2183 2314/4860/4564 3255/2223/2182
f 3255/2223/2182 2314/4860/4564 4453/4859/4563
f 2314/4860/4564 1250/2229/2188 4453/4859/4563
f 4453/4859/4563 1250/2229/2188 3256/2226/2185
f 4453/4859/4563 3256/2226/2185 2313/4858/4562
f 2313/4858/4562 3256/2226/2185 1249/2225/2184
f 3263/2240/2198 4454/4861/4565 1097/2242/2183
f 1097/2242/2183 4454/4861/4565 2314/4862/4564
f 1098/2241/2199 2315/4863/4566 3263/2240/2198
f 3263/2240/2198 2315/4863/4566 4454/4861/4565
f 2315/4863/4566 1251/2247/2204 4454/4861/4565
f 4454/4861/4565 1251/2247/2204 3270/2257/2213
f 4454/4861/4565 3270/2257/2213 2314/4862/4564
f 2314/4862/4564 3270/2257/2213 1250/2256/2188
f 3265/2245/2202 4455/4864/4567 1098/2241/2199
f 1098/2241/2199 4455/4864/4567 2315/4863/4566
f 1099/2246/2203 2316/4865/4568 3265/2245/2202
f 3265/2245/2202 2316/4865/4568 4455/4864/4567
f 2316/4865/4568 1252/2251/2208 4455/4864/4567
f 4455/4864/4567 1252/2251/2208 3266/2248/2205
f 4455/4864/4567 3266/2248/2205 2315/4863/4566
f 2315/4863/4566 3266/2248/2205 1251/2247/2204
f 3273/2265/2219 4456/4866/4569 1099/2246/2203
f 1099/2246/2203 4456/4866/4569 2316/4865/4568
f 1100/2264/2218 2317/4867/4570 3273/2265/2219
f 3273/2265/2219 2317/4867/4570 4456/4866/4569
f 2317/4867/4570 1253/2282/2236 4456/4866/4569
f 4456/4866/4569 1253/2282/2236 3284/2286/2240
f 4456/4866/4569 3284/2286/2240 2316/4865/4568
f 2316/4865/4568 3284/2286/2240 1252/2251/2208
f 3280/2279/2233 4457/4868/4571 1100/2264/2218
f 1100/2264/2218 4457/4868/4571 2317/4867/4570
f 875/2278/2232 2318/4869/4572 3280/2279/2233
f 3280/2279/2233 2318/4869/4572 4457/4868/4571
f 2318/4869/4572 1254/1251/1358 4457/4868/4571
f 4457/4868/4571 1254/1251/1358 3281/2280/2234
f 4457/4868/4571 3281/2280/2234 2317/4867/4570
f 2317/4867/4570 3281/2280/2234 1253/2282/2236
f 861/4506/4218 2284/4798/4505 2140/4509/4221
f 2140/4509/4221 2284/4798/4505 4458/4870/4573
f 1220/4797/4504 2319/4871/4574 2284/4798/4505
f 2284/4798/4505 2319/4871/4574 4458/4870/4573
f 1255/1255/1362 2844/1252/1359 2319/4871/4574
f 2319/4871/4574 2844/1252/1359 4458/4870/4573
f 1254/1251/1358 2318/4869/4572 2844/1252/1359
f 2844/1252/1359 2318/4869/4572 4458/4870/4573
f 875/2278/2232 2150/4529/4241 2318/4869/4572
f 2318/4869/4572 2150/4529/4241 4458/4870/4573
f 877/4526/4238 2148/4525/4237 2150/4529/4241
f 2150/4529/4241 2148/4525/4237 4458/4870/4573
f 879/4522/4234 2146/4521/4233 2148/4525/4237
f 2148/4525/4237 2146/4521/4233 4458/4870/4573
f 2144/4517/4229 4458/4870/4573 881/4518/4230
f 881/4518/4230 4458/4870/4573 2146/4521/4233
f 883/4514/4226 2142/4513/4225 2144/4517/4229
f 2144/4517/4229 2142/4513/4225 4458/4870/4573
f 4458/4870/4573 2142/4513/4225 2140/4509/4221
f 885/4510/4222 2140/4509/4221 2142/4513/4225
f 1220/4797/4504 2283/4796/4503 2319/4871/4574
f 2319/4871/4574 2283/4796/4503 4459/4872/4575
f 2283/4796/4503 1221/4795/4502 4459/4872/4575
f 4459/4872/4575 1221/4795/4502 2320/4873/4576
f 4459/4872/4575 2320/4873/4576 2279/4788/4495
f 2279/4788/4495 2320/4873/4576 1256/4734/4443
f 2319/4871/4574 4459/4872/4575 1255/1255/1362
f 1255/1255/1362 4459/4872/4575 2279/4788/4495
f 2286/4802/4509 4460/4874/4577 1221/4795/4502
f 1221/4795/4502 4460/4874/4577 2320/4873/4576
f 1222/4801/4508 2321/4875/4578 2286/4802/4509
f 2286/4802/4509 2321/4875/4578 4460/4874/4577
f 2321/4875/4578 1257/4738/4447 4460/4874/4577
f 4460/4874/4577 1257/4738/4447 2253/4735/4444
f 4460/4874/4577 2253/4735/4444 2320/4873/4576
f 2320/4873/4576 2253/4735/4444 1256/4734/4443
f 1328/4876/4579 2322/4877/4580 2324/4878/4581
f 2324/4878/4581 2322/4877/4580 4461/4879/4582
f 2322/4877/4580 1321/1246/1353 4461/4879/4582
f 4461/4879/4582 1321/1246/1353 2840/1242/1349
f 4461/4879/4582 2840/1242/1349 2323/4880/4583
f 2323/4880/4583 2840/1242/1349 1320/1244/1351
f 2324/4878/4581 4461/4879/4582 1329/4881/4584
f 1329/4881/4584 4461/4879/4582 2323/4880/4583
f 2325/4882/4585 4462/4883/4586 1184/1240/1347
f 1184/1240/1347 4462/4883/4586 2220/4671/4380
f 1259/4553/4265 2217/4664/4373 2325/4882/4585
f 2325/4882/4585 2217/4664/4373 4462/4883/4586
f 2217/4664/4373 1258/4663/4372 4462/4883/4586
f 4462/4883/4586 1258/4663/4372 2326/4884/4587
f 4462/4883/4586 2326/4884/4587 2220/4671/4380
f 2220/4671/4380 2326/4884/4587 1159/4646/4357
f 2327/4885/4588 4463/4886/4589 778/901/1017
f 778/901/1017 4463/4886/4589 2838/1239/1346
f 1260/893/1009 2163/4554/4266 2327/4885/4588
f 2327/4885/4588 2163/4554/4266 4463/4886/4589
f 2163/4554/4266 1259/4553/4265 4463/4886/4589
f 4463/4886/4589 1259/4553/4265 2325/4882/4585
f 4463/4886/4589 2325/4882/4585 2838/1239/1346
f 2838/1239/1346 2325/4882/4585 1184/1240/1347
f 2328/4887/4590 4464/4888/4591 775/882/1001
f 775/882/1001 4464/4888/4591 2674/900/1016
f 1261/884/1003 2671/894/1010 2328/4887/4590
f 2328/4887/4590 2671/894/1010 4464/4888/4591
f 2671/894/1010 1260/893/1009 4464/4888/4591
f 4464/4888/4591 1260/893/1009 2327/4885/4588
f 4464/4888/4591 2327/4885/4588 2674/900/1016
f 2674/900/1016 2327/4885/4588 778/901/1017
f 2329/4889/4592 4465/4890/4593 738/880/841
f 738/880/841 4465/4890/4593 2666/881/1000
f 1262/888/833 2668/885/1004 2329/4889/4592
f 2329/4889/4592 2668/885/1004 4465/4890/4593
f 2668/885/1004 1261/884/1003 4465/4890/4593
f 4465/4890/4593 1261/884/1003 2328/4887/4590
f 4465/4890/4593 2328/4887/4590 2666/881/1000
f 2666/881/1000 2328/4887/4590 775/882/1001
f 2330/4891/4594 4466/4892/4595 735/669/825
f 735/669/825 4466/4892/4595 2586/684/840
f 1263/673/829 2583/678/834 2330/4891/4594
f 2330/4891/4594 2583/678/834 4466/4892/4595
f 2583/678/834 1262/677/833 4466/4892/4595
f 4466/4892/4595 1262/677/833 2329/4893/4592
f 4466/4892/4595 2329/4893/4592 2586/684/840
f 2586/684/840 2329/4893/4592 738/685/841
f 697/506/662 2331/4894/4596 2578/668/824
f 2578/668/824 2331/4894/4596 4467/4895/4597
f 2331/4894/4596 1264/499/655 4467/4895/4597
f 4467/4895/4597 1264/499/655 2580/671/827
f 4467/4895/4597 2580/671/827 2330/4891/4594
f 2330/4891/4594 2580/671/827 1263/673/829
f 4467/4895/4597 2330/4891/4594 2578/668/824
f 2578/668/824 2330/4891/4594 735/669/825
f 693/487/643 2332/4896/4598 2496/504/660
f 2496/504/660 2332/4896/4598 4468/4897/4599
f 2332/4896/4598 1265/490/646 4468/4897/4599
f 4468/4897/4599 1265/490/646 2493/497/653
f 4468/4897/4599 2493/497/653 2331/4894/4596
f 2331/4894/4596 2493/497/653 1264/499/655
f 2496/504/660 4468/4897/4599 697/506/662
f 697/506/662 4468/4897/4599 2331/4894/4596
f 692/484/640 2333/4898/4600 2487/485/641
f 2487/485/641 2333/4898/4600 4469/4899/4601
f 2333/4898/4600 1266/492/648 4469/4899/4601
f 4469/4899/4601 1266/492/648 2489/488/644
f 4469/4899/4601 2489/488/644 2332/4896/4598
f 2332/4896/4598 2489/488/644 1265/490/646
f 2487/485/641 4469/4899/4601 693/487/643
f 693/487/643 4469/4899/4601 2332/4896/4598
f 1267/1023/1130 2730/1022/1129 2334/4900/4602
f 2334/4900/4602 2730/1022/1129 4470/4901/4603
f 2730/1022/1129 1266/492/648 4470/4901/4603
f 4470/4901/4603 1266/492/648 2333/4898/4600
f 4470/4901/4603 2333/4898/4600 2734/1029/1136
f 2734/1029/1136 2333/4898/4600 692/484/640
f 2334/4900/4602 4470/4901/4603 799/1028/1135
f 799/1028/1135 4470/4901/4603 2734/1029/1136
f 1268/1018/1125 2736/1032/1139 2335/4902/4604
f 2335/4902/4604 2736/1032/1139 4471/4903/4605
f 2736/1032/1139 1267/1023/1130 4471/4903/4605
f 4471/4903/4605 1267/1023/1130 2334/4900/4602
f 4471/4903/4605 2334/4900/4602 2733/1027/1134
f 2733/1027/1134 2334/4900/4602 799/1028/1135
f 2335/4902/4604 4471/4903/4605 798/1011/1118
f 798/1011/1118 4471/4903/4605 2733/1027/1134
f 2729/1019/1126 4472/4904/4606 1269/1014/1121
f 1269/1014/1121 4472/4904/4606 2336/4905/4607
f 1268/1018/1125 2335/4902/4604 2729/1019/1126
f 2729/1019/1126 2335/4902/4604 4472/4904/4606
f 2335/4902/4604 798/1011/1118 4472/4904/4606
f 4472/4904/4606 798/1011/1118 2724/1010/1117
f 4472/4904/4606 2724/1010/1117 2336/4905/4607
f 2336/4905/4607 2724/1010/1117 797/1009/1116
f 2727/1015/1122 4473/4906/4608 1223/459/615
f 1223/459/615 4473/4906/4608 2287/4805/4512
f 1269/1014/1121 2336/4905/4607 2727/1015/1122
f 2727/1015/1122 2336/4905/4607 4473/4906/4608
f 2336/4905/4607 797/1009/1116 4473/4906/4608
f 4473/4906/4608 797/1009/1116 2723/1008/1115
f 4473/4906/4608 2723/1008/1115 2287/4805/4512
f 2287/4805/4512 2723/1008/1115 686/465/621
f 2337/4907/4609 4474/4908/4610 1305/1279/1384
f 1305/1279/1384 4474/4908/4610 2855/1280/1385
f 2337/4907/4609 1306/4909/4611 4474/4908/4610
f 4474/4908/4610 1306/4909/4611 2338/4910/4612
f 2338/4910/4612 1271/4743/4452 4474/4908/4610
f 4474/4908/4610 1271/4743/4452 2278/4786/4493
f 4474/4908/4610 2278/4786/4493 2855/1280/1385
f 2855/1280/1385 2278/4786/4493 1270/1281/1386
f 1306/4909/4611 2339/4911/4613 2338/4910/4612
f 2338/4910/4612 2339/4911/4613 4475/4912/4614
f 2339/4911/4613 1307/4913/4615 4475/4912/4614
f 4475/4912/4614 1307/4913/4615 2340/4914/4616
f 4475/4912/4614 2340/4914/4616 2257/4744/4453
f 2257/4744/4453 2340/4914/4616 1272/4747/4456
f 2338/4910/4612 4475/4912/4614 1271/4743/4452
f 1271/4743/4452 4475/4912/4614 2257/4744/4453
f 2405/319/475 4476/4915/4617 1274/321/477
f 1274/321/477 4476/4915/4617 2342/4916/4618
f 1273/318/474 2341/4917/4619 2405/319/475
f 2405/319/475 2341/4917/4619 4476/4915/4617
f 2341/4917/4619 645/334/490 4476/4915/4617
f 4476/4915/4617 645/334/490 2415/335/491
f 4476/4915/4617 2415/335/491 2342/4916/4618
f 2342/4916/4618 2415/335/491 646/340/496
f 2407/324/480 4477/4918/4620 1275/326/482
f 1275/326/482 4477/4918/4620 2343/4919/4621
f 1274/321/477 2342/4916/4618 2407/324/480
f 2407/324/480 2342/4916/4618 4477/4918/4620
f 2342/4916/4618 646/340/496 4477/4918/4620
f 4477/4918/4620 646/340/496 2423/354/510
f 4477/4918/4620 2423/354/510 2343/4919/4621
f 2343/4919/4621 2423/354/510 647/356/512
f 2511/534/690 4478/4920/4622 1276/536/692
f 1276/536/692 4478/4920/4622 2344/4921/4623
f 1275/326/482 2343/4919/4621 2511/534/690
f 2511/534/690 2343/4919/4621 4478/4920/4622
f 2343/4919/4621 647/356/512 4478/4920/4622
f 4478/4920/4622 647/356/512 2520/548/704
f 4478/4920/4622 2520/548/704 2344/4921/4623
f 2344/4921/4623 2520/548/704 703/552/708
f 1277/540/696 2513/539/695 2345/4922/4624
f 2345/4922/4624 2513/539/695 4479/4923/4625
f 2513/539/695 1276/536/692 4479/4923/4625
f 4479/4923/4625 1276/536/692 2344/4921/4623
f 4479/4923/4625 2344/4921/4623 2527/563/719
f 2527/563/719 2344/4921/4623 703/552/708
f 2345/4922/4624 4479/4923/4625 704/566/722
f 704/566/722 4479/4923/4625 2527/563/719
f 1278/716/867 2599/715/866 2346/4924/4626
f 2346/4924/4626 2599/715/866 4480/4925/4627
f 2599/715/866 1277/714/696 4480/4925/4627
f 4480/4925/4627 1277/714/696 2345/4926/4624
f 4480/4925/4627 2345/4926/4624 2608/730/879
f 2608/730/879 2345/4926/4624 704/728/722
f 2346/4924/4626 4480/4925/4627 743/736/884
f 743/736/884 4480/4925/4627 2608/730/879
f 1279/721/872 2601/720/871 2347/4927/4628
f 2347/4927/4628 2601/720/871 4481/4928/4629
f 2601/720/871 1278/716/867 4481/4928/4629
f 4481/4928/4629 1278/716/867 2346/4924/4626
f 4481/4928/4629 2346/4924/4626 2615/749/895
f 2615/749/895 2346/4924/4626 743/736/884
f 2347/4927/4628 4481/4928/4629 744/752/898
f 744/752/898 4481/4928/4629 2615/749/895
f 1280/1051/1158 2745/1050/1157 2348/4929/4630
f 2348/4929/4630 2745/1050/1157 4482/4930/4631
f 2745/1050/1157 1279/721/872 4482/4930/4631
f 4482/4930/4631 1279/721/872 2347/4927/4628
f 4482/4930/4631 2347/4927/4628 2761/1078/1185
f 2761/1078/1185 2347/4927/4628 744/752/898
f 2348/4929/4630 4482/4930/4631 1199/1083/1190
f 1199/1083/1190 4482/4930/4631 2761/1078/1185
f 1281/4732/4441 2251/4731/4440 2349/4931/4632
f 2349/4931/4632 2251/4731/4440 4483/4932/4633
f 2251/4731/4440 1280/1051/1158 4483/4932/4633
f 4483/4932/4633 1280/1051/1158 2348/4929/4630
f 4483/4932/4633 2348/4929/4630 2250/4726/4435
f 2250/4726/4435 2348/4929/4630 1199/1083/1190
f 2349/4931/4632 4483/4932/4633 1176/4729/4438
f 1176/4729/4438 4483/4932/4633 2250/4726/4435
f 1282/4627/4339 2261/4753/4461 2350/4933/4634
f 2350/4933/4634 2261/4753/4461 4484/4934/4635
f 2261/4753/4461 1281/4732/4441 4484/4934/4635
f 4484/4934/4635 1281/4732/4441 2349/4931/4632
f 4484/4934/4635 2349/4931/4632 2263/4754/4462
f 2263/4754/4462 2349/4931/4632 1176/4729/4438
f 2350/4933/4634 4484/4934/4635 1205/4619/4331
f 1205/4619/4331 4484/4934/4635 2263/4754/4462
f 1283/1057/1164 2199/4628/4340 2351/4935/4636
f 2351/4935/4636 2199/4628/4340 4485/4936/4637
f 2199/4628/4340 1282/4627/4339 4485/4936/4637
f 4485/4936/4637 1282/4627/4339 2350/4933/4634
f 4485/4936/4637 2350/4933/4634 2197/4621/4333
f 2197/4621/4333 2350/4933/4634 1205/4619/4331
f 2351/4935/4636 4485/4936/4637 805/1097/1204
f 805/1097/1204 4485/4936/4637 2197/4621/4333
f 1284/1060/1167 2748/1058/1165 2352/4937/4638
f 2352/4937/4638 2748/1058/1165 4486/4938/4639
f 2748/1058/1165 1283/1057/1164 4486/4938/4639
f 4486/4938/4639 1283/1057/1164 2351/4935/4636
f 4486/4938/4639 2351/4935/4636 2770/1099/1206
f 2770/1099/1206 2351/4935/4636 805/1097/1204
f 2352/4937/4638 4486/4938/4639 806/1102/1209
f 806/1102/1209 4486/4938/4639 2770/1099/1206
f 1285/1658/1703 3013/1657/1702 2353/4939/4640
f 2353/4939/4640 3013/1657/1702 4487/4940/4641
f 3013/1657/1702 1284/1060/1167 4487/4940/4641
f 4487/4940/4641 1284/1060/1167 2352/4937/4638
f 4487/4940/4641 2352/4937/4638 3049/1732/1772
f 3049/1732/1772 2352/4937/4638 806/1102/1209
f 4487/4940/4641 3049/1732/1772 2353/4939/4640
f 2353/4939/4640 3049/1732/1772 995/1728/1768
f 1286/1639/1689 3015/1660/1705 2354/4941/4642
f 2354/4941/4642 3015/1660/1705 4488/4942/4643
f 3015/1660/1705 1285/1658/1703 4488/4942/4643
f 4488/4942/4643 1285/1658/1703 2353/4939/4640
f 2353/4939/4640 995/1728/1768 4488/4942/4643
f 4488/4942/4643 995/1728/1768 3046/1726/1766
f 4488/4942/4643 3046/1726/1766 2354/4941/4642
f 2354/4941/4642 3046/1726/1766 992/1712/1754
f 1287/1641/1691 3007/1640/1690 2355/4943/4644
f 2355/4943/4644 3007/1640/1690 4489/4944/4645
f 3007/1640/1690 1286/1639/1689 4489/4944/4645
f 4489/4944/4645 1286/1639/1689 2354/4941/4642
f 4489/4944/4645 2354/4941/4642 3039/1710/1752
f 3039/1710/1752 2354/4941/4642 992/1712/1754
f 2355/4943/4644 4489/4944/4645 993/1705/1748
f 993/1705/1748 4489/4944/4645 3039/1710/1752
f 1288/1645/1673 3009/1644/1693 2356/4945/4646
f 2356/4945/4646 3009/1644/1693 4490/4946/4647
f 3009/1644/1693 1287/1641/1691 4490/4946/4647
f 4490/4946/4647 1287/1641/1691 2355/4943/4644
f 2355/4943/4644 993/1705/1748 4490/4946/4647
f 4490/4946/4647 993/1705/1748 3036/1701/1746
f 4490/4946/4647 3036/1701/1746 2356/4945/4646
f 2356/4945/4646 3036/1701/1746 988/1703/1734
f 1289/1618/1675 2999/1617/1674 2357/4947/4648
f 2357/4947/4648 2999/1617/1674 4491/4948/4649
f 2999/1617/1674 1288/1616/1673 4491/4948/4649
f 4491/4948/4649 1288/1616/1673 2356/4949/4646
f 2356/4949/4646 988/4950/1734 4491/4948/4649
f 4491/4948/4649 988/4950/1734 3029/4951/1732
f 4491/4948/4649 3029/4951/1732 2357/4947/4648
f 2357/4947/4648 3029/4951/1732 989/4952/1728
f 1290/1596/1657 3001/1620/1677 2358/4953/4650
f 2358/4953/4650 3001/1620/1677 4492/4954/4651
f 3001/1620/1677 1289/1618/1675 4492/4954/4651
f 4492/4954/4651 1289/1618/1675 2357/4947/4648
f 2357/4947/4648 989/4952/1728 4492/4954/4651
f 4492/4954/4651 989/4952/1728 3026/4955/1726
f 4492/4954/4651 3026/4955/1726 2358/4953/4650
f 2358/4953/4650 3026/4955/1726 984/4956/1714
f 1291/1598/1659 2991/1597/1658 2359/4957/4652
f 2359/4957/4652 2991/1597/1658 4493/4958/4653
f 2991/1597/1658 1290/1596/1657 4493/4958/4653
f 4493/4958/4653 1290/1596/1657 2358/4953/4650
f 2358/4953/4650 984/4956/1714 4493/4958/4653
f 4493/4958/4653 984/4956/1714 3019/4959/1712
f 4493/4958/4653 3019/4959/1712 2359/4957/4652
f 2359/4957/4652 3019/4959/1712 985/4960/1708
f 1292/1307/1412 2993/1600/1661 2360/4961/4654
f 2360/4961/4654 2993/1600/1661 4494/4962/4655
f 2993/1600/1661 1291/1598/1659 4494/4962/4655
f 4494/4962/4655 1291/1598/1659 2359/4957/4652
f 2359/4957/4652 985/4960/1708 4494/4962/4655
f 4494/4962/4655 985/4960/1708 3016/4963/1706
f 4494/4962/4655 3016/4963/1706 2360/4961/4654
f 2360/4961/4654 3016/4963/1706 914/4964/1422
f 2876/4965/1423 4495/4966/4656 914/4964/1422
f 914/4964/1422 4495/4966/4656 2360/4961/4654
f 915/4967/1428 2361/4968/4657 2876/4965/1423
f 2876/4965/1423 2361/4968/4657 4495/4966/4656
f 2361/4968/4657 1293/1309/1414 4495/4966/4656
f 4495/4966/4656 1293/1309/1414 2868/1305/1410
f 4495/4966/4656 2868/1305/1410 2360/4961/4654
f 2360/4961/4654 2868/1305/1410 1292/1307/1412
f 916/1330/1435 2362/4969/4658 2880/4970/1436
f 2880/4970/1436 2362/4969/4658 4496/4971/4659
f 2362/4969/4658 1294/1313/1418 4496/4971/4659
f 4496/4971/4659 1294/1313/1418 2871/1311/1416
f 4496/4971/4659 2871/1311/1416 2361/4968/4657
f 2361/4968/4657 2871/1311/1416 1293/1309/1414
f 2880/4970/1436 4496/4971/4659 915/4967/1428
f 915/4967/1428 4496/4971/4659 2361/4968/4657
f 916/1330/1435 2934/4972/1543 2362/4973/4658
f 2362/4973/4658 2934/4972/1543 4497/4974/4660
f 2934/4972/1543 948/4975/1538 4497/4974/4660
f 4497/4974/4660 948/4975/1538 2363/4976/4661
f 4497/4974/4660 2363/4976/4661 2941/1486/1558
f 2941/1486/1558 2363/4976/4661 1295/1470/1546
f 2362/4973/4658 4497/4974/4660 1294/1485/1418
f 1294/1485/1418 4497/4974/4660 2941/1486/1558
f 2364/4977/4662 4498/4978/4663 947/4979/1536
f 947/4979/1536 4498/4978/4663 2929/4980/1534
f 1296/1474/1550 2935/1471/1547 2364/4977/4662
f 2364/4977/4662 2935/1471/1547 4498/4978/4663
f 2935/1471/1547 1295/1470/1546 4498/4978/4663
f 4498/4978/4663 1295/1470/1546 2363/4976/4661
f 4498/4978/4663 2363/4976/4661 2929/4980/1534
f 2929/4980/1534 2363/4976/4661 948/4975/1538
f 2948/1503/1574 4499/4981/4664 1297/1504/1575
f 1297/1504/1575 4499/4981/4664 2365/4982/4665
f 1296/1474/1550 2364/4977/4662 2948/1503/1574
f 2948/1503/1574 2364/4977/4662 4499/4981/4664
f 2364/4977/4662 947/4979/1536 4499/4981/4664
f 4499/4981/4664 947/4979/1536 3251/4983/2175
f 4499/4981/4664 3251/4983/2175 2365/4982/4665
f 2365/4982/4665 3251/4983/2175 955/4984/2172
f 2950/1507/1578 4500/4985/4666 1298/1508/1579
f 1298/1508/1579 4500/4985/4666 2366/4986/4667
f 1297/1504/1575 2365/4982/4665 2950/1507/1578
f 2950/1507/1578 2365/4982/4665 4500/4985/4666
f 2365/4982/4665 955/4984/2172 4500/4985/4666
f 4500/4985/4666 955/4984/2172 3248/4987/2170
f 4500/4985/4666 3248/4987/2170 2366/4986/4667
f 2366/4986/4667 3248/4987/2170 956/4988/2171
f 2958/1523/1594 4501/4989/4668 1299/1524/1595
f 1299/1524/1595 4501/4989/4668 2367/4990/4669
f 1298/1508/1579 2366/4986/4667 2958/1523/1594
f 2958/1523/1594 2366/4986/4667 4501/4989/4668
f 2366/4986/4667 956/4988/2171 4501/4989/4668
f 4501/4989/4668 956/4988/2171 3261/4991/2195
f 4501/4989/4668 3261/4991/2195 2367/4990/4669
f 2367/4990/4669 3261/4991/2195 961/4992/2192
f 2960/1527/1598 4502/4993/4670 1300/1528/1599
f 1300/1528/1599 4502/4993/4670 2368/4994/4671
f 1299/1524/1595 2367/4990/4669 2960/1527/1598
f 2960/1527/1598 2367/4990/4669 4502/4993/4670
f 2367/4990/4669 961/4992/2192 4502/4993/4670
f 4502/4993/4670 961/4992/2192 3258/4995/2190
f 4502/4993/4670 3258/4995/2190 2368/4994/4671
f 2368/4994/4671 3258/4995/2190 962/4996/2191
f 2983/1576/1642 4503/4997/4672 1301/1578/1643
f 1301/1578/1643 4503/4997/4672 2369/4998/4673
f 1300/1577/1599 2368/4999/4671 2983/1576/1642
f 2983/1576/1642 2368/4999/4671 4503/4997/4672
f 2368/4999/4671 962/2261/2191 4503/4997/4672
f 4503/4997/4672 962/2261/2191 3271/2260/2215
f 4503/4997/4672 3271/2260/2215 2369/4998/4673
f 2369/4998/4673 3271/2260/2215 981/2255/2212
f 2985/1580/1645 4504/5000/4674 1302/1557/1627
f 1302/1557/1627 4504/5000/4674 2370/5001/4675
f 1301/1578/1643 2369/4998/4673 2985/1580/1645
f 2985/1580/1645 2369/4998/4673 4504/5000/4674
f 2369/4998/4673 981/2255/2212 4504/5000/4674
f 4504/5000/4674 981/2255/2212 3268/2253/2210
f 4504/5000/4674 3268/2253/2210 2370/5001/4675
f 2370/5001/4675 3268/2253/2210 977/2254/2211
f 1303/1558/1628 2975/1556/1626 2371/5002/4676
f 2371/5002/4676 2975/1556/1626 4505/5003/4677
f 1302/1557/1627 2370/5001/4675 2975/1556/1626
f 2975/1556/1626 2370/5001/4675 4505/5003/4677
f 2370/5001/4675 977/2254/2211 4505/5003/4677
f 4505/5003/4677 977/2254/2211 3285/2288/2242
f 4505/5003/4677 3285/2288/2242 2371/5002/4676
f 2371/5002/4676 3285/2288/2242 978/2285/2239
f 1304/1275/1380 2977/1560/1630 2372/5004/4678
f 2372/5004/4678 2977/1560/1630 4506/5005/4679
f 2977/1560/1630 1303/1558/1628 4506/5005/4679
f 4506/5005/4679 1303/1558/1628 2371/5002/4676
f 4506/5005/4679 2371/5002/4676 3282/2284/2238
f 3282/2284/2238 2371/5002/4676 978/2285/2239
f 2372/5004/4678 4506/5005/4679 873/1259/1366
f 873/1259/1366 4506/5005/4679 3282/2284/2238
f 872/1258/1365 2373/5006/4680 2846/1257/1364
f 2846/1257/1364 2373/5006/4680 4507/5007/4681
f 2373/5006/4680 1305/1279/1384 4507/5007/4681
f 4507/5007/4681 1305/1279/1384 2854/1276/1381
f 4507/5007/4681 2854/1276/1381 2372/5004/4678
f 2372/5004/4678 2854/1276/1381 1304/1275/1380
f 2846/1257/1364 4507/5007/4681 873/1259/1366
f 873/1259/1366 4507/5007/4681 2372/5004/4678
f 2374/5008/4682 4508/5009/4683 1201/4742/4451
f 1201/4742/4451 4508/5009/4683 2280/4790/4497
f 1306/4909/4611 2337/4907/4609 2374/5008/4682
f 2374/5008/4682 2337/4907/4609 4508/5009/4683
f 4508/5009/4683 2337/4907/4609 2373/5006/4680
f 2373/5006/4680 2337/4907/4609 1305/1279/1384
f 2280/4790/4497 4508/5009/4683 872/1258/1365
f 872/1258/1365 4508/5009/4683 2373/5006/4680
f 1179/4741/4450 2375/5010/4684 2255/4740/4449
f 2255/4740/4449 2375/5010/4684 4509/5011/4685
f 1307/4913/4615 2339/4911/4613 2375/5010/4684
f 2375/5010/4684 2339/4911/4613 4509/5011/4685
f 2339/4911/4613 1306/4909/4611 4509/5011/4685
f 4509/5011/4685 1306/4909/4611 2374/5008/4682
f 4509/5011/4685 2374/5008/4682 2255/4740/4449
f 2255/4740/4449 2374/5008/4682 1201/4742/4451
f 1322/1248/1355 2376/5012/4686 2842/1249/1356
f 2842/1249/1356 2376/5012/4686 4510/5013/4687
f 1325/1264/1371 2848/1261/1368 2376/5012/4686
f 2376/5012/4686 2848/1261/1368 4510/5013/4687
f 2848/1261/1368 1324/1260/1367 4510/5013/4687
f 4510/5013/4687 1324/1260/1367 2377/5014/4688
f 4510/5013/4687 2377/5014/4688 2842/1249/1356
f 2842/1249/1356 2377/5014/4688 1323/1250/1357
f 1183/4558/4270 2378/5015/4689 2218/4667/4376
f 2218/4667/4376 2378/5015/4689 4511/5016/4690
f 2378/5015/4689 1309/4561/4273 4511/5016/4690
f 4511/5016/4690 1309/4561/4273 2215/4659/4368
f 4511/5016/4690 2215/4659/4368 2379/5017/4691
f 2379/5017/4691 2215/4659/4368 1308/4661/4370
f 2218/4667/4376 4511/5016/4690 1160/4668/4377
f 1160/4668/4377 4511/5016/4690 2379/5017/4691
f 777/898/1014 2380/5018/4692 2164/4557/4269
f 2164/4557/4269 2380/5018/4692 4512/5019/4693
f 2380/5018/4692 1310/926/1033 4512/5019/4693
f 4512/5019/4693 1310/926/1033 2166/4559/4271
f 4512/5019/4693 2166/4559/4271 2378/5015/4689
f 2378/5015/4689 2166/4559/4271 1309/4561/4273
f 2164/4557/4269 4512/5019/4693 1183/4558/4270
f 1183/4558/4270 4512/5019/4693 2378/5015/4689
f 776/892/1008 2381/5020/4694 2672/897/1013
f 2672/897/1013 2381/5020/4694 4513/5021/4695
f 2381/5020/4694 1311/905/1021 4513/5021/4695
f 4513/5021/4695 1311/905/1021 2682/924/1031
f 4513/5021/4695 2682/924/1031 2380/5018/4692
f 2380/5018/4692 2682/924/1031 1310/926/1033
f 2672/897/1013 4513/5021/4695 777/898/1014
f 777/898/1014 4513/5021/4695 2380/5018/4692
f 737/891/838 2382/5022/4696 2669/890/1007
f 2669/890/1007 2382/5022/4696 4514/5023/4697
f 2382/5022/4696 1312/907/857 4514/5023/4697
f 4514/5023/4697 1312/907/857 2676/903/1019
f 4514/5023/4697 2676/903/1019 2381/5020/4694
f 2381/5020/4694 2676/903/1019 1311/905/1021
f 2669/890/1007 4514/5023/4697 776/892/1008
f 776/892/1008 4514/5023/4697 2381/5020/4694
f 736/676/832 2383/5024/4698 2584/681/837
f 2584/681/837 2383/5024/4698 4515/5025/4699
f 2383/5024/4698 1313/687/843 4515/5025/4699
f 4515/5025/4699 1313/687/843 2594/699/855
f 4515/5025/4699 2594/699/855 2382/5026/4696
f 2382/5026/4696 2594/699/855 1312/701/857
f 2584/681/837 4515/5025/4699 737/682/838
f 737/682/838 4515/5025/4699 2382/5026/4696
f 2384/5027/4700 4516/5028/4701 696/502/658
f 696/502/658 4516/5028/4701 2581/675/831
f 1314/523/679 2588/688/844 2384/5027/4700
f 2384/5027/4700 2588/688/844 4516/5028/4701
f 2588/688/844 1313/687/843 4516/5028/4701
f 4516/5028/4701 1313/687/843 2383/5024/4698
f 4516/5028/4701 2383/5024/4698 2581/675/831
f 2581/675/831 2383/5024/4698 736/676/832
f 2385/5029/4702 4517/5030/4703 695/496/652
f 695/496/652 4517/5030/4703 2494/501/657
f 1315/507/663 2506/524/680 2385/5029/4702
f 2385/5029/4702 2506/524/680 4517/5030/4703
f 2506/524/680 1314/523/679 4517/5030/4703
f 4517/5030/4703 1314/523/679 2384/5027/4700
f 4517/5030/4703 2384/5027/4700 2494/501/657
f 2494/501/657 2384/5027/4700 696/502/658
f 2386/5031/4704 4518/5032/4705 694/494/650
f 694/494/650 4518/5032/4705 2491/495/651
f 1316/511/667 2498/508/664 2386/5031/4704
f 2386/5031/4704 2498/508/664 4518/5032/4705
f 2498/508/664 1315/507/663 4518/5032/4705
f 4518/5032/4705 1315/507/663 2385/5029/4702
f 4518/5032/4705 2385/5029/4702 2491/495/651
f 2491/495/651 2385/5029/4702 695/496/652
f 694/494/650 2732/1020/1127 2386/5031/4704
f 2386/5031/4704 2732/1020/1127 4519/5033/4706
f 800/1025/1132 2387/5034/4707 2732/1020/1127
f 2732/1020/1127 2387/5034/4707 4519/5033/4706
f 2387/5034/4707 1317/1039/1146 4519/5033/4706
f 4519/5033/4706 1317/1039/1146 2739/1037/1144
f 2386/5031/4704 4519/5033/4706 1316/511/667
f 1316/511/667 4519/5033/4706 2739/1037/1144
f 784/952/1059 2388/5035/4708 2735/1030/1137
f 2735/1030/1137 2388/5035/4708 4520/5036/4709
f 2388/5035/4708 1318/938/1045 4520/5036/4709
f 4520/5036/4709 1318/938/1045 2741/1041/1148
f 4520/5036/4709 2741/1041/1148 2387/5034/4707
f 2387/5034/4707 2741/1041/1148 1317/1039/1146
f 2735/1030/1137 4520/5036/4709 800/1025/1132
f 800/1025/1132 4520/5036/4709 2387/5034/4707
f 784/952/1059 2697/954/1061 2388/5035/4708
f 2388/5035/4708 2697/954/1061 4521/5037/4710
f 2697/954/1061 782/950/1057 4521/5037/4710
f 4521/5037/4710 782/950/1057 2389/5038/4711
f 4521/5037/4710 2389/5038/4711 2689/939/1046
f 2689/939/1046 2389/5038/4711 1319/928/1035
f 2388/5035/4708 4521/5037/4710 1318/938/1045
f 1318/938/1045 4521/5037/4710 2689/939/1046
f 2341/4917/4619 4522/5039/4712 645/334/490
f 645/334/490 4522/5039/4712 2694/948/1055
f 2341/4917/4619 1273/318/474 4522/5039/4712
f 4522/5039/4712 1273/318/474 2684/929/1036
f 2684/929/1036 1319/928/1035 4522/5039/4712
f 4522/5039/4712 1319/928/1035 2389/5038/4711
f 4522/5039/4712 2389/5038/4711 2694/948/1055
f 2694/948/1055 2389/5038/4711 782/950/1057
f 2219/4665/4374 4523/5040/4713 1258/4663/4372
f 1258/4663/4372 4523/5040/4713 2391/5041/4714
f 1160/4668/4377 2390/5042/4715 2219/4665/4374
f 2219/4665/4374 2390/5042/4715 4523/5040/4713
f 4523/5040/4713 2390/5042/4715 2841/1247/1354
f 2841/1247/1354 2390/5042/4715 1322/1248/1355
f 2391/5041/4714 4523/5040/4713 1321/1246/1353
f 1321/1246/1353 4523/5040/4713 2841/1247/1354
f 1179/4741/4450 2254/4739/4448 2393/5043/4716
f 2393/5043/4716 2254/4739/4448 4524/5044/4717
f 2254/4739/4448 1257/4738/4447 4524/5044/4717
f 4524/5044/4717 1257/4738/4447 2392/5045/4718
f 4524/5044/4717 2392/5045/4718 2843/1245/1352
f 2843/1245/1352 2392/5045/4718 1320/1244/1351
f 2393/5043/4716 4524/5044/4717 1323/1250/1357
f 1323/1250/1357 4524/5044/4717 2843/1245/1352
f 1308/4661/4370 2216/4662/4371 2395/5046/4719
f 2395/5046/4719 2216/4662/4371 4525/5047/4720
f 1161/4635/4347 2394/5048/4721 2216/4662/4371
f 2216/4662/4371 2394/5048/4721 4525/5047/4720
f 2394/5048/4721 1326/1266/1373 4525/5047/4720
f 4525/5047/4720 1326/1266/1373 2849/1265/1372
f 4525/5047/4720 2849/1265/1372 2395/5046/4719
f 2395/5046/4719 2849/1265/1372 1325/1264/1371
f 1161/4635/4347 2258/4748/4457 2394/5048/4721
f 2394/5048/4721 2258/4748/4457 4526/5049/4722
f 2258/4748/4457 1272/4747/4456 4526/5049/4722
f 4526/5049/4722 1272/4747/4456 2396/5050/4723
f 4526/5049/4722 2396/5050/4723 2850/1267/1374
f 2850/1267/1374 2396/5050/4723 1327/1268/1375
f 4526/5049/4722 2850/1267/1374 2394/5048/4721
f 2394/5048/4721 2850/1267/1374 1326/1266/1373
f 1272/4747/4456 2340/4914/4616 2396/5050/4723
f 2396/5050/4723 2340/4914/4616 4527/5051/4724
f 2340/4914/4616 1307/4913/4615 4527/5051/4724
f 4527/5051/4724 1307/4913/4615 2397/5052/4725
f 2397/5052/4725 1324/1260/1367 4527/5051/4724
f 4527/5051/4724 1324/1260/1367 2851/1262/1369
f 2396/5050/4723 4527/5051/4724 1327/1268/1375
f 1327/1268/1375 4527/5051/4724 2851/1262/1369
f 1159/4646/4357 2326/4884/4587 2398/5053/4726
f 2398/5053/4726 2326/4884/4587 4528/5054/4727
f 1258/4663/4372 2391/5041/4714 2326/4884/4587
f 2326/4884/4587 2391/5041/4714 4528/5054/4727
f 4528/5054/4727 2391/5041/4714 2322/4877/4580
f 2322/4877/4580 2391/5041/4714 1321/1246/1353
f 2398/5053/4726 4528/5054/4727 1328/4876/4579
f 1328/4876/4579 4528/5054/4727 2322/4877/4580
f 2321/4875/4578 4529/5055/4728 1257/4738/4447
f 1257/4738/4447 4529/5055/4728 2392/5045/4718
f 1222/4801/4508 2399/5056/4729 2321/4875/4578
f 2321/4875/4578 2399/5056/4729 4529/5055/4728
f 2399/5056/4729 1329/4881/4584 4529/5055/4728
f 4529/5055/4728 1329/4881/4584 2323/4880/4583
f 2392/5045/4718 4529/5055/4728 1320/1244/1351
f 1320/1244/1351 4529/5055/4728 2323/4880/4583
f 2285/4799/4506 4530/5057/4730 1222/4801/4508
f 1222/4801/4508 4530/5057/4730 2399/5056/4729
f 1159/4646/4357 2398/5053/4726 2285/4799/4506
f 2285/4799/4506 2398/5053/4726 4530/5057/4730
f 2398/5053/4726 1328/4876/4579 4530/5057/4730
f 4530/5057/4730 1328/4876/4579 2324/4878/4581
f 4530/5057/4730 2324/4878/4581 2399/5056/4729
f 2399/5056/4729 2324/4878/4581 1329/4881/4584
f 1160/4668/4377 2379/5017/4691 2390/5042/4715
f 2390/5042/4715 2379/5017/4691 4531/5058/4731
f 2379/5017/4691 1308/4661/4370 4531/5058/4731
f 4531/5058/4731 1308/4661/4370 2395/5046/4719
f 4531/5058/4731 2395/5046/4719 2376/5012/4686
f 2376/5012/4686 2395/5046/4719 1325/1264/1371
f 2390/5042/4715 4531/5058/4731 1322/1248/1355
f 1322/1248/1355 4531/5058/4731 2376/5012/4686
f 1307/4913/4615 2375/5010/4684 2397/5052/4725
f 2397/5052/4725 2375/5010/4684 4532/5059/4732
f 2375/5010/4684 1179/4741/4450 4532/5059/4732
f 4532/5059/4732 1179/4741/4450 2393/5043/4716
f 2393/5043/4716 1323/1250/1357 4532/5059/4732
f 4532/5059/4732 1323/1250/1357 2377/5014/4688
f 4532/5059/4732 2377/5014/4688 2397/5052/4725
f 2397/5052/4725 2377/5014/4688 1324/1260/1367
s 384
usemtl phong1SG
f 4533/5060/4733 4534/5061/4734 4554/5062/4735 4553/5063/4736
f 4534/5061/4734 4535/5064/4737 4555/5065/4738 4554/5062/4735
f 4535/5064/4737 4536/5066/4739 4556/5067/4740 4555/5065/4738
f 4536/5066/4739 4537/5068/4741 4557/5069/4742 4556/5067/4740
f 4537/5068/4741 4538/5070/4743 4558/5071/4744 4557/5069/4742
f 4538/5070/4743 4539/5072/4745 4559/5073/4746 4558/5071/4744
f 4539/5072/4745 4540/5074/4747 4560/5075/4748 4559/5073/4746
f 4540/5074/4747 4541/5076/4749 4561/5077/4750 4560/5075/4748
f 4541/5076/4749 4542/5078/4751 4562/5079/4752 4561/5077/4750
f 4542/5078/4751 4543/5080/4753 4563/5081/4754 4562/5079/4752
f 4543/5080/4753 4544/5082/4755 4564/5083/4756 4563/5081/4754
f 4544/5082/4755 4545/5084/4757 4565/5085/4758 4564/5083/4756
f 4545/5084/4757 4546/5086/4759 4566/5087/4760 4565/5085/4758
f 4546/5086/4759 4547/5088/4761 4567/5089/4762 4566/5087/4760
f 4547/5088/4761 4548/5090/4763 4568/5091/4764 4567/5089/4762
f 4548/5090/4763 4549/5092/4765 4569/5093/4766 4568/5091/4764
f 4549/5092/4765 4550/5094/4767 4570/5095/4768 4569/5093/4766
f 4550/5094/4767 4551/5096/4769 4571/5097/4770 4570/5095/4768
f 4551/5096/4769 4552/5098/4771 4572/5099/4772 4571/5097/4770
f 4552/5098/4771 4533/5060/4733 4553/5063/4736 4572/5099/4772
f 4553/5063/4736 4554/5062/4735 4574/5100/4773
f 4554/5062/4735 4555/5065/4738 4574/5100/4773
f 4555/5065/4738 4556/5067/4740 4574/5100/4773
f 4556/5067/4740 4557/5069/4742 4574/5100/4773
f 4557/5069/4742 4558/5071/4744 4574/5100/4773
f 4558/5071/4744 4559/5073/4746 4574/5100/4773
f 4559/5073/4746 4560/5075/4748 4574/5100/4773
f 4560/5075/4748 4561/5077/4750 4574/5100/4773
f 4561/5077/4750 4562/5079/4752 4574/5100/4773
f 4562/5079/4752 4563/5081/4754 4574/5100/4773
f 4563/5081/4754 4564/5083/4756 4574/5100/4773
f 4564/5083/4756 4565/5085/4758 4574/5100/4773
f 4565/5085/4758 4566/5087/4760 4574/5100/4773
f 4566/5087/4760 4567/5089/4762 4574/5100/4773
f 4567/5089/4762 4568/5091/4764 4574/5100/4773
f 4568/5091/4764 4569/5093/4766 4574/5100/4773
f 4569/5093/4766 4570/5095/4768 4574/5100/4773
f 4570/5095/4768 4571/5097/4770 4574/5100/4773
f 4571/5097/4770 4572/5099/4772 4574/5100/4773
f 4572/5099/4772 4553/5063/4736 4574/5100/4773
s 385
f 4584/5101/4774 4579/5102/4775 4573/5103/4776
f 4589/5104/4777 4584/5101/4774 4573/5103/4776
f 4594/5105/4778 4589/5104/4777 4573/5103/4776
f 4599/5106/4779 4594/5105/4778 4573/5103/4776
f 4604/5107/4780 4599/5106/4779 4573/5103/4776
f 4609/5108/4781 4604/5107/4780 4573/5103/4776
f 4614/5109/4782 4609/5108/4781 4573/5103/4776
f 4619/5110/4783 4614/5109/4782 4573/5103/4776
f 4624/5111/4784 4619/5110/4783 4573/5103/4776
f 4629/5112/4785 4624/5111/4784 4573/5103/4776
f 4634/5113/4786 4629/5112/4785 4573/5103/4776
f 4639/5114/4787 4634/5113/4786 4573/5103/4776
f 4644/5115/4788 4639/5114/4787 4573/5103/4776
f 4649/5116/4789 4644/5115/4788 4573/5103/4776
f 4654/5117/4790 4649/5116/4789 4573/5103/4776
f 4659/5118/4791 4654/5117/4790 4573/5103/4776
f 4664/5119/4792 4659/5118/4791 4573/5103/4776
f 4669/5120/4793 4664/5119/4792 4573/5103/4776
f 4674/5121/4794 4669/5120/4793 4573/5103/4776
f 4579/5102/4775 4674/5121/4794 4573/5103/4776
f 4578/5122/4795 4579/5102/4775 4584/5101/4774 4583/5123/4796
f 4577/5124/4797 4578/5122/4795 4583/5123/4796 4582/5125/4798
f 4575/5126/4799 4576/5127/4800 4581/5128/4801 4580/5129/4802
f 4576/5127/4800 4577/5124/4797 4582/5125/4798 4581/5128/4801
f 4583/5123/4796 4584/5101/4774 4589/5104/4777 4588/5130/4803
f 4582/5125/4798 4583/5123/4796 4588/5130/4803 4587/5131/4804
f 4580/5129/4802 4581/5128/4801 4586/5132/4805 4585/5133/4806
f 4581/5128/4801 4582/5125/4798 4587/5131/4804 4586/5132/4805
f 4588/5130/4803 4589/5104/4777 4594/5105/4778 4593/5134/4807
f 4587/5131/4804 4588/5130/4803 4593/5134/4807 4592/5135/4808
f 4585/5133/4806 4586/5132/4805 4591/5136/4809 4590/5137/4810
f 4586/5132/4805 4587/5131/4804 4592/5135/4808 4591/5136/4809
f 4593/5134/4807 4594/5105/4778 4599/5106/4779 4598/5138/4811
f 4592/5135/4808 4593/5134/4807 4598/5138/4811 4597/5139/4812
f 4590/5137/4810 4591/5136/4809 4596/5140/4813 4595/5141/4814
f 4591/5136/4809 4592/5135/4808 4597/5139/4812 4596/5140/4813
f 4598/5138/4811 4599/5106/4779 4604/5107/4780 4603/5142/4815
f 4597/5139/4812 4598/5138/4811 4603/5142/4815 4602/5143/4816
f 4595/5141/4814 4596/5140/4813 4601/5144/4817 4600/5145/4818
f 4596/5140/4813 4597/5139/4812 4602/5143/4816 4601/5144/4817
f 4603/5142/4815 4604/5107/4780 4609/5108/4781 4608/5146/4819
f 4602/5143/4816 4603/5142/4815 4608/5146/4819 4607/5147/4820
f 4600/5145/4818 4601/5144/4817 4606/5148/4821 4605/5149/4822
f 4601/5144/4817 4602/5143/4816 4607/5147/4820 4606/5148/4821
f 4608/5146/4819 4609/5108/4781 4614/5109/4782 4613/5150/4823
f 4607/5147/4820 4608/5146/4819 4613/5150/4823 4612/5151/4824
f 4605/5149/4822 4606/5148/4821 4611/5152/4825 4610/5153/4826
f 4606/5148/4821 4607/5147/4820 4612/5151/4824 4611/5152/4825
f 4613/5150/4823 4614/5109/4782 4619/5110/4783 4618/5154/4827
f 4612/5151/4824 4613/5150/4823 4618/5154/4827 4617/5155/4828
f 4610/5153/4826 4611/5152/4825 4616/5156/4829 4615/5157/4830
f 4611/5152/4825 4612/5151/4824 4617/5155/4828 4616/5156/4829
f 4618/5154/4827 4619/5110/4783 4624/5111/4784 4623/5158/4831
f 4617/5155/4828 4618/5154/4827 4623/5158/4831 4622/5159/4832
f 4615/5157/4830 4616/5156/4829 4621/5160/4833 4620/5161/4834
f 4616/5156/4829 4617/5155/4828 4622/5159/4832 4621/5160/4833
f 4623/5158/4831 4624/5111/4784 4629/5112/4785 4628/5162/4835
f 4622/5159/4832 4623/5158/4831 4628/5162/4835 4627/5163/4836
f 4620/5161/4834 4621/5160/4833 4626/5164/4837 4625/5165/4838
f 4621/5160/4833 4622/5159/4832 4627/5163/4836 4626/5164/4837
f 4628/5162/4835 4629/5112/4785 4634/5113/4786 4633/5166/4839
f 4627/5163/4836 4628/5162/4835 4633/5166/4839 4632/5167/4840
f 4625/5165/4838 4626/5164/4837 4631/5168/4841 4630/5169/4842
f 4626/5164/4837 4627/5163/4836 4632/5167/4840 4631/5168/4841
f 4633/5166/4839 4634/5113/4786 4639/5114/4787 4638/5170/4843
f 4632/5167/4840 4633/5166/4839 4638/5170/4843 4637/5171/4844
f 4630/5169/4842 4631/5168/4841 4636/5172/4845 4635/5173/4846
f 4631/5168/4841 4632/5167/4840 4637/5171/4844 4636/5172/4845
f 4638/5170/4843 4639/5114/4787 4644/5115/4788 4643/5174/4847
f 4637/5171/4844 4638/5170/4843 4643/5174/4847 4642/5175/4848
f 4635/5173/4846 4636/5172/4845 4641/5176/4849 4640/5177/4850
f 4636/5172/4845 4637/5171/4844 4642/5175/4848 4641/5176/4849
f 4643/5174/4847 4644/5115/4788 4649/5116/4789 4648/5178/4851
f 4642/5175/4848 4643/5174/4847 4648/5178/4851 4647/5179/4852
f 4640/5177/4850 4641/5176/4849 4646/5180/4853 4645/5181/4854
f 4641/5176/4849 4642/5175/4848 4647/5179/4852 4646/5180/4853
f 4648/5178/4851 4649/5116/4789 4654/5117/4790 4653/5182/4855
f 4647/5179/4852 4648/5178/4851 4653/5182/4855 4652/5183/4856
f 4645/5181/4854 4646/5180/4853 4651/5184/4857 4650/5185/4858
f 4646/5180/4853 4647/5179/4852 4652/5183/4856 4651/5184/4857
f 4653/5182/4855 4654/5117/4790 4659/5118/4791 4658/5186/4859
f 4652/5183/4856 4653/5182/4855 4658/5186/4859 4657/5187/4860
f 4650/5185/4858 4651/5184/4857 4656/5188/4861 4655/5189/4862
f 4651/5184/4857 4652/5183/4856 4657/5187/4860 4656/5188/4861
f 4658/5186/4859 4659/5118/4791 4664/5119/4792 4663/5190/4863
f 4657/5187/4860 4658/5186/4859 4663/5190/4863 4662/5191/4864
f 4655/5189/4862 4656/5188/4861 4661/5192/4865 4660/5193/4866
f 4656/5188/4861 4657/5187/4860 4662/5191/4864 4661/5192/4865
f 4663/5190/4863 4664/5119/4792 4669/5120/4793 4668/5194/4867
f 4662/5191/4864 4663/5190/4863 4668/5194/4867 4667/5195/4868
f 4660/5193/4866 4661/5192/4865 4666/5196/4869 4665/5197/4870
f 4661/5192/4865 4662/5191/4864 4667/5195/4868 4666/5196/4869
f 4668/5194/4867 4669/5120/4793 4674/5121/4794 4673/5198/4871
f 4667/5195/4868 4668/5194/4867 4673/5198/4871 4672/5199/4872
f 4665/5197/4870 4666/5196/4869 4671/5200/4873 4670/5201/4874
f 4666/5196/4869 4667/5195/4868 4672/5199/4872 4671/5200/4873
f 4579/5102/4775 4578/5122/4795 4673/5198/4871 4674/5121/4794
f 4578/5122/4795 4577/5124/4797 4672/5199/4872 4673/5198/4871
f 4577/5124/4797 4576/5127/4800 4671/5200/4873 4672/5199/4872
f 4576/5127/4800 4575/5126/4799 4670/5201/4874 4671/5200/4873
f 4675/5202/4875 4679/5203/4876 4534/5204/4877 4533/5205/4878
f 4679/5203/4876 4683/5206/4879 4535/5207/4880 4534/5204/4877
f 4683/5206/4879 4687/5208/4881 4536/5209/4882 4535/5207/4880
f 4687/5208/4881 4691/5210/4883 4537/5211/4884 4536/5209/4882
f 4691/5210/4883 4695/5212/4885 4538/5213/4886 4537/5211/4884
f 4695/5212/4885 4699/5214/4887 4539/5215/4888 4538/5213/4886
f 4699/5214/4887 4703/5216/4889 4540/5217/4890 4539/5215/4888
f 4703/5216/4889 4707/5218/4891 4541/5219/4892 4540/5217/4890
f 4707/5218/4891 4711/5220/4893 4542/5221/4894 4541/5219/4892
f 4711/5220/4893 4715/5222/4895 4543/5223/4896 4542/5221/4894
f 4715/5222/4895 4719/5224/4897 4544/5225/4898 4543/5223/4896
f 4719/5224/4897 4723/5226/4899 4545/5227/4900 4544/5225/4898
f 4723/5226/4899 4727/5228/4901 4546/5229/4902 4545/5227/4900
f 4727/5228/4901 4731/5230/4903 4547/5231/4904 4546/5229/4902
f 4731/5230/4903 4735/5232/4905 4548/5233/4906 4547/5231/4904
f 4735/5232/4905 4739/5234/4907 4549/5235/4908 4548/5233/4906
f 4739/5234/4907 4743/5236/4909 4550/5237/4910 4549/5235/4908
f 4743/5236/4909 4747/5238/4911 4551/5239/4912 4550/5237/4910
f 4747/5238/4911 4751/5240/4913 4552/5241/4914 4551/5239/4912
f 4751/5240/4913 4675/5242/4875 4533/5243/4878 4552/5241/4914
f 4575/5126/4799 4580/5129/4802 4682/5244/4915 4678/5245/4916
f 4580/5129/4802 4585/5133/4806 4686/5246/4917 4682/5244/4915
f 4585/5133/4806 4590/5137/4810 4690/5247/4918 4686/5246/4917
f 4590/5137/4810 4595/5141/4814 4694/5248/4919 4690/5247/4918
f 4595/5141/4814 4600/5145/4818 4698/5249/4920 4694/5248/4919
f 4600/5145/4818 4605/5149/4822 4702/5250/4921 4698/5249/4920
f 4605/5149/4822 4610/5153/4826 4706/5251/4922 4702/5250/4921
f 4610/5153/4826 4615/5157/4830 4710/5252/4923 4706/5251/4922
f 4615/5157/4830 4620/5161/4834 4714/5253/4924 4710/5252/4923
f 4620/5161/4834 4625/5165/4838 4718/5254/4925 4714/5253/4924
f 4625/5165/4838 4630/5169/4842 4722/5255/4926 4718/5254/4925
f 4630/5169/4842 4635/5173/4846 4726/5256/4927 4722/5255/4926
f 4635/5173/4846 4640/5177/4850 4730/5257/4928 4726/5256/4927
f 4640/5177/4850 4645/5181/4854 4734/5258/4929 4730/5257/4928
f 4645/5181/4854 4650/5185/4858 4738/5259/4930 4734/5258/4929
f 4650/5185/4858 4655/5189/4862 4742/5260/4931 4738/5259/4930
f 4655/5189/4862 4660/5193/4866 4746/5261/4932 4742/5260/4931
f 4660/5193/4866 4665/5197/4870 4750/5262/4933 4746/5261/4932
f 4665/5197/4870 4670/5201/4874 4754/5263/4934 4750/5262/4933
f 4670/5201/4874 4575/5126/4799 4678/5245/4916 4754/5263/4934
f 4677/5264/4935 4678/5245/4916 4682/5244/4915 4681/5265/4936
f 4675/5202/4875 4676/5266/4937 4680/5267/4938 4679/5203/4876
f 4676/5266/4939 4677/5268/4935 4681/5269/4936 4680/5267/4938
f 4681/5265/4936 4682/5244/4915 4686/5246/4917 4685/5270/4940
f 4679/5203/4876 4680/5267/4938 4684/5271/4941 4683/5206/4879
f 4680/5267/4938 4681/5269/4936 4685/5272/4942 4684/5271/4941
f 4685/5270/4940 4686/5246/4917 4690/5247/4918 4689/5273/4943
f 4683/5206/4879 4684/5271/4941 4688/5274/4944 4687/5208/4881
f 4684/5271/4941 4685/5272/4942 4689/5275/4945 4688/5274/4944
f 4689/5273/4943 4690/5247/4918 4694/5248/4919 4693/5276/4946
f 4687/5208/4881 4688/5274/4944 4692/5277/4947 4691/5210/4883
f 4688/5274/4944 4689/5275/4945 4693/5278/4948 4692/5277/4947
f 4693/5276/4946 4694/5248/4919 4698/5249/4920 4697/5279/4949
f 4691/5210/4883 4692/5277/4947 4696/5280/4950 4695/5212/4885
f 4692/5277/4947 4693/5278/4948 4697/5281/4951 4696/5280/4950
f 4697/5279/4949 4698/5249/4920 4702/5250/4921 4701/5282/4952
f 4695/5212/4885 4696/5280/4950 4700/5283/4953 4699/5214/4887
f 4696/5280/4950 4697/5281/4951 4701/5284/4954 4700/5283/4953
f 4701/5282/4952 4702/5250/4921 4706/5251/4922 4705/5285/4955
f 4699/5214/4887 4700/5283/4953 4704/5286/4956 4703/5216/4889
f 4700/5283/4953 4701/5284/4954 4705/5287/4957 4704/5286/4956
f 4705/5285/4955 4706/5251/4922 4710/5252/4923 4709/5288/4958
f 4703/5216/4889 4704/5286/4956 4708/5289/4959 4707/5218/4891
f 4704/5286/4956 4705/5287/4957 4709/5290/4960 4708/5289/4961
f 4709/5288/4958 4710/5252/4923 4714/5253/4924 4713/5291/4962
f 4707/5218/4891 4708/5289/4959 4712/5292/4963 4711/5220/4893
f 4708/5289/4961 4709/5290/4960 4713/5293/4964 4712/5292/4965
f 4713/5291/4962 4714/5253/4924 4718/5254/4925 4717/5294/4966
f 4711/5220/4893 4712/5292/4963 4716/5295/4967 4715/5222/4895
f 4712/5292/4965 4713/5293/4964 4717/5296/4968 4716/5295/4969
f 4717/5294/4966 4718/5254/4925 4722/5255/4926 4721/5297/4970
f 4715/5222/4895 4716/5295/4967 4720/5298/4971 4719/5224/4897
f 4716/5295/4969 4717/5296/4968 4721/5299/4972 4720/5298/4971
f 4721/5297/4970 4722/5255/4926 4726/5256/4927 4725/5300/4973
f 4719/5224/4897 4720/5298/4971 4724/5301/4974 4723/5226/4899
f 4720/5298/4971 4721/5299/4972 4725/5302/4975 4724/5301/4974
f 4725/5300/4973 4726/5256/4927 4730/5257/4928 4729/5303/4976
f 4723/5226/4899 4724/5301/4974 4728/5304/4977 4727/5228/4901
f 4724/5301/4974 4725/5302/4975 4729/5305/4978 4728/5304/4977
f 4729/5303/4976 4730/5257/4928 4734/5258/4929 4733/5306/4979
f 4727/5228/4901 4728/5304/4977 4732/5307/4980 4731/5230/4903
f 4728/5304/4977 4729/5305/4978 4733/5308/4981 4732/5307/4980
f 4733/5306/4979 4734/5258/4929 4738/5259/4930 4737/5309/4982
f 4731/5230/4903 4732/5307/4980 4736/5310/4983 4735/5232/4905
f 4732/5307/4980 4733/5308/4981 4737/5311/4984 4736/5310/4983
f 4737/5309/4982 4738/5259/4930 4742/5260/4931 4741/5312/4985
f 4735/5232/4905 4736/5310/4983 4740/5313/4986 4739/5234/4907
f 4736/5310/4983 4737/5311/4984 4741/5314/4987 4740/5313/4986
f 4741/5312/4985 4742/5260/4931 4746/5261/4932 4745/5315/4988
f 4739/5234/4907 4740/5313/4986 4744/5316/4989 4743/5236/4909
f 4740/5313/4986 4741/5314/4987 4745/5317/4990 4744/5316/4989
f 4745/5315/4988 4746/5261/4932 4750/5262/4933 4749/5318/4991
f 4743/5236/4909 4744/5316/4989 4748/5319/4992 4747/5238/4911
f 4744/5316/4989 4745/5317/4990 4749/5320/4991 4748/5319/4993
f 4749/5318/4991 4750/5262/4933 4754/5263/4934 4753/5321/4994
f 4747/5238/4911 4748/5319/4992 4752/5322/4995 4751/5240/4913
f 4748/5319/4993 4749/5320/4991 4753/5323/4994 4752/5322/4996
f 4678/5245/4916 4677/5264/4935 4753/5321/4994 4754/5263/4934
f 4677/5324/4935 4676/5325/4939 4752/5322/4996 4753/5323/4994
f 4676/5325/4937 4675/5242/4875 4751/5240/4913 4752/5322/4995
s 388
f 4755/5326/4997 4756/5327/4998 4776/5328/4999 4775/5329/5000
f 4756/5327/4998 4757/5330/5001 4777/5331/5002 4776/5328/4999
f 4757/5330/5001 4758/5332/5003 4778/5333/5004 4777/5331/5002
f 4758/5332/5003 4759/5334/5005 4779/5335/5006 4778/5333/5004
f 4759/5334/5005 4760/5336/5007 4780/5337/5008 4779/5335/5006
f 4760/5336/5007 4761/5338/5009 4781/5339/5010 4780/5337/5008
f 4761/5338/5009 4762/5340/5011 4782/5341/5012 4781/5339/5010
f 4762/5340/5011 4763/5342/5013 4783/5343/5014 4782/5341/5012
f 4763/5342/5013 4764/5344/5015 4784/5345/5016 4783/5343/5014
f 4764/5344/5015 4765/5346/5017 4785/5347/5018 4784/5345/5016
f 4765/5346/5017 4766/5348/5019 4786/5349/5020 4785/5347/5018
f 4766/5348/5019 4767/5350/5021 4787/5351/5022 4786/5349/5020
f 4767/5350/5021 4768/5352/5023 4788/5353/5024 4787/5351/5022
f 4768/5352/5023 4769/5354/5025 4789/5355/5026 4788/5353/5024
f 4769/5354/5025 4770/5356/5027 4790/5357/5028 4789/5355/5026
f 4770/5356/5027 4771/5358/5029 4791/5359/5030 4790/5357/5028
f 4771/5358/5029 4772/5360/5031 4792/5361/5032 4791/5359/5030
f 4772/5360/5031 4773/5362/5033 4793/5363/5034 4792/5361/5032
f 4773/5362/5033 4774/5364/5035 4794/5365/5036 4793/5363/5034
f 4774/5364/5035 4755/5326/4997 4775/5329/5000 4794/5365/5036
f 4775/5329/5000 4776/5328/4999 4796/5366/5037
f 4776/5328/4999 4777/5331/5002 4796/5366/5037
f 4777/5331/5002 4778/5333/5004 4796/5366/5037
f 4778/5333/5004 4779/5335/5006 4796/5366/5037
f 4779/5335/5006 4780/5337/5008 4796/5366/5037
f 4780/5337/5008 4781/5339/5010 4796/5366/5037
f 4781/5339/5010 4782/5341/5012 4796/5366/5037
f 4782/5341/5012 4783/5343/5014 4796/5366/5037
f 4783/5343/5014 4784/5345/5016 4796/5366/5037
f 4784/5345/5016 4785/5347/5018 4796/5366/5037
f 4785/5347/5018 4786/5349/5020 4796/5366/5037
f 4786/5349/5020 4787/5351/5022 4796/5366/5037
f 4787/5351/5022 4788/5353/5024 4796/5366/5037
f 4788/5353/5024 4789/5355/5026 4796/5366/5037
f 4789/5355/5026 4790/5357/5028 4796/5366/5037
f 4790/5357/5028 4791/5359/5030 4796/5366/5037
f 4791/5359/5030 4792/5361/5032 4796/5366/5037
f 4792/5361/5032 4793/5363/5034 4796/5366/5037
f 4793/5363/5034 4794/5365/5036 4796/5366/5037
f 4794/5365/5036 4775/5329/5000 4796/5366/5037
s 389
f 4806/5367/5038 4801/5368/5039 4795/5369/5040
f 4811/5370/5041 4806/5367/5038 4795/5369/5040
f 4816/5371/5042 4811/5370/5041 4795/5369/5040
f 4821/5372/5043 4816/5371/5042 4795/5369/5040
f 4826/5373/5044 4821/5372/5043 4795/5369/5040
f 4831/5374/5045 4826/5373/5044 4795/5369/5040
f 4836/5375/5046 4831/5374/5045 4795/5369/5040
f 4841/5376/5047 4836/5375/5046 4795/5369/5040
f 4846/5377/5048 4841/5376/5047 4795/5369/5040
f 4851/5378/5049 4846/5377/5048 4795/5369/5040
f 4856/5379/5050 4851/5378/5049 4795/5369/5040
f 4861/5380/5051 4856/5379/5050 4795/5369/5040
f 4866/5381/5052 4861/5380/5051 4795/5369/5040
f 4871/5382/5053 4866/5381/5052 4795/5369/5040
f 4876/5383/5054 4871/5382/5053 4795/5369/5040
f 4881/5384/5055 4876/5383/5054 4795/5369/5040
f 4886/5385/5056 4881/5384/5055 4795/5369/5040
f 4891/5386/5057 4886/5385/5056 4795/5369/5040
f 4896/5387/5058 4891/5386/5057 4795/5369/5040
f 4801/5368/5039 4896/5387/5058 4795/5369/5040
f 4800/5388/5059 4801/5368/5039 4806/5367/5038 4805/5389/5060
f 4799/5390/5061 4800/5388/5059 4805/5389/5060 4804/5391/5062
f 4797/5392/5063 4798/5393/5064 4803/5394/5065 4802/5395/5066
f 4798/5393/5064 4799/5390/5061 4804/5391/5062 4803/5394/5065
f 4805/5389/5060 4806/5367/5038 4811/5370/5041 4810/5396/5067
f 4804/5391/5062 4805/5389/5060 4810/5396/5067 4809/5397/5068
f 4802/5395/5066 4803/5394/5065 4808/5398/5069 4807/5399/5070
f 4803/5394/5065 4804/5391/5062 4809/5397/5068 4808/5398/5069
f 4810/5396/5067 4811/5370/5041 4816/5371/5042 4815/5400/5071
f 4809/5397/5068 4810/5396/5067 4815/5400/5071 4814/5401/5072
f 4807/5399/5070 4808/5398/5069 4813/5402/5073 4812/5403/5074
f 4808/5398/5069 4809/5397/5068 4814/5401/5072 4813/5402/5073
f 4815/5400/5071 4816/5371/5042 4821/5372/5043 4820/5404/5075
f 4814/5401/5072 4815/5400/5071 4820/5404/5075 4819/5405/5076
f 4812/5403/5074 4813/5402/5073 4818/5406/5077 4817/5407/5078
f 4813/5402/5073 4814/5401/5072 4819/5405/5076 4818/5406/5077
f 4820/5404/5075 4821/5372/5043 4826/5373/5044 4825/5408/5079
f 4819/5405/5076 4820/5404/5075 4825/5408/5079 4824/5409/5080
f 4817/5407/5078 4818/5406/5077 4823/5410/5081 4822/5411/5082
f 4818/5406/5077 4819/5405/5076 4824/5409/5080 4823/5410/5081
f 4825/5408/5079 4826/5373/5044 4831/5374/5045 4830/5412/5083
f 4824/5409/5080 4825/5408/5079 4830/5412/5083 4829/5413/5084
f 4822/5411/5082 4823/5410/5081 4828/5414/5085 4827/5415/5086
f 4823/5410/5081 4824/5409/5080 4829/5413/5084 4828/5414/5085
f 4830/5412/5083 4831/5374/5045 4836/5375/5046 4835/5416/5087
f 4829/5413/5084 4830/5412/5083 4835/5416/5087 4834/5417/5088
f 4827/5415/5086 4828/5414/5085 4833/5418/5089 4832/5419/5090
f 4828/5414/5085 4829/5413/5084 4834/5417/5088 4833/5418/5089
f 4835/5416/5087 4836/5375/5046 4841/5376/5047 4840/5420/5091
f 4834/5417/5088 4835/5416/5087 4840/5420/5091 4839/5421/5092
f 4832/5419/5090 4833/5418/5089 4838/5422/5093 4837/5423/5094
f 4833/5418/5089 4834/5417/5088 4839/5421/5092 4838/5422/5093
f 4840/5420/5091 4841/5376/5047 4846/5377/5048 4845/5424/5095
f 4839/5421/5092 4840/5420/5091 4845/5424/5095 4844/5425/5096
f 4837/5423/5094 4838/5422/5093 4843/5426/5097 4842/5427/5098
f 4838/5422/5093 4839/5421/5092 4844/5425/5096 4843/5426/5097
f 4845/5424/5095 4846/5377/5048 4851/5378/5049 4850/5428/5099
f 4844/5425/5096 4845/5424/5095 4850/5428/5099 4849/5429/5100
f 4842/5427/5098 4843/5426/5097 4848/5430/5101 4847/5431/5102
f 4843/5426/5097 4844/5425/5096 4849/5429/5100 4848/5430/5101
f 4850/5428/5099 4851/5378/5049 4856/5379/5050 4855/5432/5103
f 4849/5429/5100 4850/5428/5099 4855/5432/5103 4854/5433/5104
f 4847/5431/5102 4848/5430/5101 4853/5434/5105 4852/5435/5106
f 4848/5430/5101 4849/5429/5100 4854/5433/5104 4853/5434/5105
f 4855/5432/5103 4856/5379/5050 4861/5380/5051 4860/5436/5107
f 4854/5433/5104 4855/5432/5103 4860/5436/5107 4859/5437/5108
f 4852/5435/5106 4853/5434/5105 4858/5438/5109 4857/5439/5110
f 4853/5434/5105 4854/5433/5104 4859/5437/5108 4858/5438/5109
f 4860/5436/5107 4861/5380/5051 4866/5381/5052 4865/5440/5111
f 4859/5437/5108 4860/5436/5107 4865/5440/5111 4864/5441/5112
f 4857/5439/5110 4858/5438/5109 4863/5442/5113 4862/5443/5114
f 4858/5438/5109 4859/5437/5108 4864/5441/5112 4863/5442/5113
f 4865/5440/5111 4866/5381/5052 4871/5382/5053 4870/5444/5115
f 4864/5441/5112 4865/5440/5111 4870/5444/5115 4869/5445/5116
f 4862/5443/5114 4863/5442/5113 4868/5446/5117 4867/5447/5118
f 4863/5442/5113 4864/5441/5112 4869/5445/5116 4868/5446/5117
f 4870/5444/5115 4871/5382/5053 4876/5383/5054 4875/5448/5119
f 4869/5445/5116 4870/5444/5115 4875/5448/5119 4874/5449/5120
f 4867/5447/5118 4868/5446/5117 4873/5450/5121 4872/5451/5122
f 4868/5446/5117 4869/5445/5116 4874/5449/5120 4873/5450/5121
f 4875/5448/5119 4876/5383/5054 4881/5384/5055 4880/5452/5123
f 4874/5449/5120 4875/5448/5119 4880/5452/5123 4879/5453/5124
f 4872/5451/5122 4873/5450/5121 4878/5454/5125 4877/5455/5126
f 4873/5450/5121 4874/5449/5120 4879/5453/5124 4878/5454/5125
f 4880/5452/5123 4881/5384/5055 4886/5385/5056 4885/5456/5127
f 4879/5453/5124 4880/5452/5123 4885/5456/5127 4884/5457/5128
f 4877/5455/5126 4878/5454/5125 4883/5458/5129 4882/5459/5130
f 4878/5454/5125 4879/5453/5124 4884/5457/5128 4883/5458/5129
f 4885/5456/5127 4886/5385/5056 4891/5386/5057 4890/5460/5131
f 4884/5457/5128 4885/5456/5127 4890/5460/5131 4889/5461/5132
f 4882/5459/5130 4883/5458/5129 4888/5462/5133 4887/5463/5134
f 4883/5458/5129 4884/5457/5128 4889/5461/5132 4888/5462/5133
f 4890/5460/5131 4891/5386/5057 4896/5387/5058 4895/5464/5135
f 4889/5461/5132 4890/5460/5131 4895/5464/5135 4894/5465/5136
f 4887/5463/5134 4888/5462/5133 4893/5466/5137 4892/5467/5138
f 4888/5462/5133 4889/5461/5132 4894/5465/5136 4893/5466/5137
f 4801/5368/5039 4800/5388/5059 4895/5464/5135 4896/5387/5058
f 4800/5388/5059 4799/5390/5061 4894/5465/5136 4895/5464/5135
f 4799/5390/5061 4798/5393/5064 4893/5466/5137 4894/5465/5136
f 4798/5393/5064 4797/5392/5063 4892/5467/5138 4893/5466/5137
f 4897/5468/5139 4901/5469/5140 4756/5470/5141 4755/5471/5142
f 4901/5469/5140 4905/5472/5143 4757/5473/5144 4756/5470/5141
f 4905/5472/5143 4909/5474/5145 4758/5475/5146 4757/5473/5144
f 4909/5474/5145 4913/5476/5147 4759/5477/5148 4758/5475/5146
f 4913/5476/5147 4917/5478/5149 4760/5479/5150 4759/5477/5148
f 4917/5478/5149 4921/5480/5151 4761/5481/5152 4760/5479/5150
f 4921/5480/5151 4925/5482/5153 4762/5483/5154 4761/5481/5152
f 4925/5482/5153 4929/5484/5155 4763/5485/5156 4762/5483/5154
f 4929/5484/5155 4933/5486/5157 4764/5487/5158 4763/5485/5156
f 4933/5486/5157 4937/5488/5159 4765/5489/5160 4764/5487/5158
f 4937/5488/5159 4941/5490/5161 4766/5491/5162 4765/5489/5160
f 4941/5490/5161 4945/5492/5163 4767/5493/5164 4766/5491/5162
f 4945/5492/5163 4949/5494/5165 4768/5495/5166 4767/5493/5164
f 4949/5494/5165 4953/5496/5167 4769/5497/5168 4768/5495/5166
f 4953/5496/5167 4957/5498/5169 4770/5499/5170 4769/5497/5168
f 4957/5498/5169 4961/5500/5171 4771/5501/5172 4770/5499/5170
f 4961/5500/5171 4965/5502/5173 4772/5503/5174 4771/5501/5172
f 4965/5502/5173 4969/5504/5175 4773/5505/5176 4772/5503/5174
f 4969/5504/5175 4973/5506/5177 4774/5507/5178 4773/5505/5176
f 4973/5506/5177 4897/5508/5139 4755/5509/5142 4774/5507/5178
f 4797/5392/5063 4802/5395/5066 4904/5510/5179 4900/5511/5180
f 4802/5395/5066 4807/5399/5070 4908/5512/5181 4904/5510/5179
f 4807/5399/5070 4812/5403/5074 4912/5513/5182 4908/5512/5181
f 4812/5403/5074 4817/5407/5078 4916/5514/5183 4912/5513/5182
f 4817/5407/5078 4822/5411/5082 4920/5515/5184 4916/5514/5183
f 4822/5411/5082 4827/5415/5086 4924/5516/5185 4920/5515/5184
f 4827/5415/5086 4832/5419/5090 4928/5517/5186 4924/5516/5185
f 4832/5419/5090 4837/5423/5094 4932/5518/5187 4928/5517/5186
f 4837/5423/5094 4842/5427/5098 4936/5519/5188 4932/5518/5187
f 4842/5427/5098 4847/5431/5102 4940/5520/5189 4936/5519/5188
f 4847/5431/5102 4852/5435/5106 4944/5521/5190 4940/5520/5189
f 4852/5435/5106 4857/5439/5110 4948/5522/5191 4944/5521/5190
f 4857/5439/5110 4862/5443/5114 4952/5523/5192 4948/5522/5191
f 4862/5443/5114 4867/5447/5118 4956/5524/5193 4952/5523/5192
f 4867/5447/5118 4872/5451/5122 4960/5525/5194 4956/5524/5193
f 4872/5451/5122 4877/5455/5126 4964/5526/5195 4960/5525/5194
f 4877/5455/5126 4882/5459/5130 4968/5527/5196 4964/5526/5195
f 4882/5459/5130 4887/5463/5134 4972/5528/5197 4968/5527/5196
f 4887/5463/5134 4892/5467/5138 4976/5529/5198 4972/5528/5197
f 4892/5467/5138 4797/5392/5063 4900/5511/5180 4976/5529/5198
f 4899/5530/5199 4900/5511/5180 4904/5510/5179 4903/5531/5200
f 4897/5468/5139 4898/5532/5201 4902/5533/5202 4901/5469/5140
f 4898/5532/5203 4899/5534/5199 4903/5535/5200 4902/5533/5202
f 4903/5531/5200 4904/5510/5179 4908/5512/5181 4907/5536/5204
f 4901/5469/5140 4902/5533/5202 4906/5537/5205 4905/5472/5143
f 4902/5533/5202 4903/5535/5200 4907/5538/5206 4906/5537/5205
f 4907/5536/5204 4908/5512/5181 4912/5513/5182 4911/5539/5207
f 4905/5472/5143 4906/5537/5205 4910/5540/5208 4909/5474/5145
f 4906/5537/5205 4907/5538/5206 4911/5541/5209 4910/5540/5208
f 4911/5539/5207 4912/5513/5182 4916/5514/5183 4915/5542/5210
f 4909/5474/5145 4910/5540/5208 4914/5543/5211 4913/5476/5147
f 4910/5540/5208 4911/5541/5209 4915/5544/5212 4914/5543/5211
f 4915/5542/5210 4916/5514/5183 4920/5515/5184 4919/5545/5213
f 4913/5476/5147 4914/5543/5211 4918/5546/5214 4917/5478/5149
f 4914/5543/5211 4915/5544/5212 4919/5547/5215 4918/5546/5214
f 4919/5545/5213 4920/5515/5184 4924/5516/5185 4923/5548/5216
f 4917/5478/5149 4918/5546/5214 4922/5549/5217 4921/5480/5151
f 4918/5546/5214 4919/5547/5215 4923/5550/5218 4922/5549/5217
f 4923/5548/5216 4924/5516/5185 4928/5517/5186 4927/5551/5219
f 4921/5480/5151 4922/5549/5217 4926/5552/5220 4925/5482/5153
f 4922/5549/5217 4923/5550/5218 4927/5553/5221 4926/5552/5220
f 4927/5551/5219 4928/5517/5186 4932/5518/5187 4931/5554/5222
f 4925/5482/5153 4926/5552/5220 4930/5555/5223 4929/5484/5155
f 4926/5552/5220 4927/5553/5221 4931/5556/5224 4930/5555/5225
f 4931/5554/5222 4932/5518/5187 4936/5519/5188 4935/5557/5226
f 4929/5484/5155 4930/5555/5223 4934/5558/5227 4933/5486/5157
f 4930/5555/5225 4931/5556/5224 4935/5559/5228 4934/5558/5229
f 4935/5557/5226 4936/5519/5188 4940/5520/5189 4939/5560/5230
f 4933/5486/5157 4934/5558/5227 4938/5561/5231 4937/5488/5159
f 4934/5558/5229 4935/5559/5228 4939/5562/5232 4938/5561/5233
f 4939/5560/5230 4940/5520/5189 4944/5521/5190 4943/5563/5234
f 4937/5488/5159 4938/5561/5231 4942/5564/5235 4941/5490/5161
f 4938/5561/5233 4939/5562/5232 4943/5565/5236 4942/5564/5235
f 4943/5563/5234 4944/5521/5190 4948/5522/5191 4947/5566/5237
f 4941/5490/5161 4942/5564/5235 4946/5567/5238 4945/5492/5163
f 4942/5564/5235 4943/5565/5236 4947/5568/5239 4946/5567/5238
f 4947/5566/5237 4948/5522/5191 4952/5523/5192 4951/5569/5240
f 4945/5492/5163 4946/5567/5238 4950/5570/5241 4949/5494/5165
f 4946/5567/5238 4947/5568/5239 4951/5571/5242 4950/5570/5241
f 4951/5569/5240 4952/5523/5192 4956/5524/5193 4955/5572/5243
f 4949/5494/5165 4950/5570/5241 4954/5573/5244 4953/5496/5167
f 4950/5570/5241 4951/5571/5242 4955/5574/5245 4954/5573/5244
f 4955/5572/5243 4956/5524/5193 4960/5525/5194 4959/5575/5246
f 4953/5496/5167 4954/5573/5244 4958/5576/5247 4957/5498/5169
f 4954/5573/5244 4955/5574/5245 4959/5577/5248 4958/5576/5247
f 4959/5575/5246 4960/5525/5194 4964/5526/5195 4963/5578/5249
f 4957/5498/5169 4958/5576/5247 4962/5579/5250 4961/5500/5171
f 4958/5576/5247 4959/5577/5248 4963/5580/5251 4962/5579/5250
f 4963/5578/5249 4964/5526/5195 4968/5527/5196 4967/5581/5252
f 4961/5500/5171 4962/5579/5250 4966/5582/5253 4965/5502/5173
f 4962/5579/5250 4963/5580/5251 4967/5583/5254 4966/5582/5253
f 4967/5581/5252 4968/5527/5196 4972/5528/5197 4971/5584/5255
f 4965/5502/5173 4966/5582/5253 4970/5585/5256 4969/5504/5175
f 4966/5582/5253 4967/5583/5254 4971/5586/5255 4970/5585/5257
f 4971/5584/5255 4972/5528/5197 4976/5529/5198 4975/5587/5258
f 4969/5504/5175 4970/5585/5256 4974/5588/5259 4973/5506/5177
f 4970/5585/5257 4971/5586/5255 4975/5589/5258 4974/5588/5260
f 4900/5511/5180 4899/5530/5199 4975/5587/5258 4976/5529/5198
f 4899/5590/5199 4898/5591/5203 4974/5588/5260 4975/5589/5258
f 4898/5591/5201 4897/5508/5139 4973/5506/5177 4974/5588/5259
s off
usemtl blinn1SG
f 4990/5592/5261 4991/5593/5262 4992/5594/5263
f 4991/5595/5264 4993/5596/5265 4994/5597/5266
f 4993/5598/5267 4995/5599/5268 4996/5600/5269
f 4995/5601/5270 4997/5602/5271 4998/5603/5272
f 4997/5604/5273 4999/5605/5274 5000/5606/5275
f 5001/5607/5276 5002/5608/5277 5003/5609/5278
f 4977/5610/5279 4979/5611/5280 4978/5612/5281
f 4978/5613/5282 4981/5614/5283 4980/5615/5284
f 4980/5616/5285 4983/5617/5286 4982/5618/5287
f 4982/5619/5288 4985/5620/5289 4984/5621/5290
f 4984/5622/5291 4987/5623/5292 4986/5624/5293
f 4986/5625/5294 4989/5626/5295 4988/5627/5296
f 4977/5628/5297 4978/5629/5298 4991/5593/5299 4990/5592/5300
f 4978/5629/5301 4979/5630/5302 4992/5594/5303 4991/5593/5304
f 4979/5630/5305 4977/5628/5306 4990/5592/5307 4992/5594/5308
f 4978/5631/5309 4980/5632/5310 4993/5596/5311 4991/5595/5312
f 4980/5632/5313 4981/5633/5314 4994/5597/5315 4993/5596/5316
f 4981/5633/5317 4978/5631/5318 4991/5595/5319 4994/5597/5320
f 4980/5634/5321 4982/5635/5322 4995/5599/5323 4993/5598/5324
f 4982/5635/5325 4983/5636/5326 4996/5600/5327 4995/5599/5328
f 4983/5636/5329 4980/5634/5330 4993/5598/5331 4996/5600/5332
f 4982/5637/5333 4984/5638/5334 4997/5602/5335 4995/5601/5336
f 4984/5638/5337 4985/5639/5338 4998/5603/5339 4997/5602/5340
f 4985/5639/5341 4982/5637/5342 4995/5601/5343 4998/5603/5344
f 4984/5640/5345 4986/5641/5346 4999/5605/5347 4997/5604/5348
f 4986/5641/5349 4987/5642/5350 5000/5606/5351 4999/5605/5352
f 4987/5642/5353 4984/5640/5354 4997/5604/5355 5000/5606/5356
f 4986/5643/5357 4988/5644/5358 5002/5608/5359 5001/5607/5360
f 4988/5644/5361 4989/5645/5362 5003/5609/5363 5002/5608/5364
f 4989/5645/5365 4986/5643/5366 5001/5607/5367 5003/5609/5368
